IncidentID,AgencyORI,AgencyName,IncidentStatusDesc,County,RdwyNumber,Street,RoadwayName,StreetSfx,StreetDir,IntersectionRdwy,IntersectionRdwyName,BetweenStRdwy1,BetweenStRdwyName1,BetweenStRdwy2,BetweenStRdwyName2,Latitude,Longitude,Milepoint,CollisionDate,CollisionTime,UnitsInvolved,MotorVehiclesInvolved,NumberKilled,NumberInjured,Weather,RdwyConditionCode,HitandRun,DirAnalysisCode,MannerofCollision,RdwyCharacter,LightCondition,RampFromRdwyId,RampToRdwyId,AcceptedDate,IsSecondaryCollision,OwnerBadge,IncidentStatus,
29195983,0568000,LOUISVILLE METRO POLICE DEPT,Accepted,JEFFERSON,,,JEFFERSON,ST,E,,,,CLAY,,SHELBY,38.251948214,-85.739587529,0.366,11/6/2021 12:00:00 AM,0509,3,3,0,0,CLEAR,DRY,True,1 VEHICLE PARKED POSITION (NOT PARKING LOT/DRIVEWAY),SIDESWIPE-SAME DIRECTION,STRAIGHT & LEVEL,DARK-HWY LIGHTED/ON,,,11/8/2021 7:31:09 AM,False,5341,Accepted,
29195991,0568000,LOUISVILLE METRO POLICE DEPT,Accepted,JEFFERSON,KY1065,,OUTER,LOOP,,KY1020,NATIONAL,,,,,38.126997154,-85.748966027,2.517,11/6/2021 12:00:00 AM,1236,1,1,0,0,CLEAR,DRY,True,COLLISION WITH FIXED OBJECT IN INTERSECTION - FIRST EVENT COLLISION 09 - 32,SINGLE VEHICLE,STRAIGHT & LEVEL,DAYLIGHT,,,11/8/2021 7:31:43 AM,False,7263,Accepted,
29195992,0568000,LOUISVILLE METRO POLICE DEPT,Accepted,JEFFERSON,KY1450,8604,BLUE LICK,RD,,,,,,,,38.126604761,-85.689485040,2.822,11/6/2021 12:00:00 AM,1245,2,2,0,1,CLEAR,DRY,False,HEAD-ON COLLISION,HEAD ON,STRAIGHT & LEVEL,DAYLIGHT,,,11/8/2021 7:31:46 AM,False,5026,Accepted,
29300019,0568000,LOUISVILLE METRO POLICE DEPT,Accepted,JEFFERSON,,2211,LYTLE,ST,,,,,,,,38.268421063,-85.785376699,0.795,11/6/2021 12:00:00 AM,2003,2,2,0,0,CLEAR,DRY,False,1 VEHICLE PARKED POSITION (NOT PARKING LOT/DRIVEWAY),SIDESWIPE-OPPOSITE DIRECTION,STRAIGHT & LEVEL,DARK-HWY NOT LIGHTED,,,11/11/2021 8:35:47 AM,False,5331,Accepted,
29300021,0568000,LOUISVILLE METRO POLICE DEPT,Accepted,JEFFERSON,,6208,STRAWBERRY,LN,,,,,,,,38.163458027,-85.757231450,0.547,11/6/2021 12:00:00 AM,1500,1,1,0,0,CLEAR,DRY,False,COLLISION WITH FIXED OBJECT NON - INTERSECTION - FIRST EVENT COLLISION 09 - 32 EXCLUDING 16,SINGLE VEHICLE,STRAIGHT & LEVEL,DAYLIGHT,,,11/11/2021 8:35:50 AM,False,7427,Accepted,
29196253,0560300,ST. MATTHEWS POLICE DEPARTMENT,Accepted,JEFFERSON,I 0064,,I64 W,,,,,,,,,38.237610993,-85.622320859,12.260,11/6/2021 12:00:00 AM,2010,2,2,0,0,CLEAR,DRY,True,SIDESWIPE COLLISION - SAME DIRECTION,SIDESWIPE-SAME DIRECTION,STRAIGHT & LEVEL,DARK-HWY LIGHTED/ON,,,11/8/2021 8:07:30 AM,False,9133,Accepted,
29200765,0560300,ST. MATTHEWS POLICE DEPARTMENT,Accepted,JEFFERSON,I 0264,,I264 E EXIT20 TRANSIT,,,,,,,,,38.249901444,-85.619198691,0.259,11/6/2021 12:00:00 AM,1520,3,3,0,0,CLEAR,DRY,False,SIDESWIPE COLLISION - SAME DIRECTION,SIDESWIPE-SAME DIRECTION,STRAIGHT & LEVEL,DAYLIGHT,,,11/8/2021 11:16:57 AM,False,9172,Accepted,
29196019,0568000,LOUISVILLE METRO POLICE DEPT,Accepted,JEFFERSON,,,ST CATHERINE,ST,E,,,,,,,38.234701228,-85.741294828,0.537,11/6/2021 12:00:00 AM,1934,2,2,0,1,CLEAR,DRY,False,1 VEHICLE ENTERING/LEAVING ENTRANCE,ANGLE,STRAIGHT & LEVEL,DUSK,,,11/8/2021 7:33:39 AM,False,5302,Accepted,
29237448,0568000,LOUISVILLE METRO POLICE DEPT,Accepted,JEFFERSON,,,FLOYD,ST,S,,,,,,,38.206119182,-85.756590355,3.420,11/6/2021 12:00:00 AM,1652,2,2,0,0,CLEAR,DRY,False,SIDESWIPE COLLISION - SAME DIRECTION,SIDESWIPE-SAME DIRECTION,STRAIGHT & LEVEL,DAYLIGHT,,,11/9/2021 8:28:29 AM,False,8278,Accepted,
29188874,0560300,ST. MATTHEWS POLICE DEPARTMENT,Accepted,JEFFERSON,I 0264,,I264 E EXIT20 TRANSIT,,,,,,,,,38.249839360,-85.619178236,0.255,11/5/2021 12:00:00 AM,1047,2,2,0,0,CLEAR,DRY,False,REAR END IN TRAFFIC LANES BOTH VEHICLES MOVING,REAR END,STRAIGHT & HILLCREST,DAYLIGHT,,,11/5/2021 4:15:56 PM,False,9155,Accepted,
29195968,0568000,LOUISVILLE METRO POLICE DEPT,Accepted,JEFFERSON,US0150,,BROADWAY,,W,,1ST,,,,,38.245718483,-85.753379220,2.656,11/5/2021 12:00:00 AM,1006,2,2,0,0,CLEAR,DRY,True,OTHER INTERSECTION COLLISIONS,REAR END,STRAIGHT & LEVEL,DAYLIGHT,,,11/8/2021 7:30:22 AM,False,5173,Accepted,
29195976,0568000,LOUISVILLE METRO POLICE DEPT,Accepted,JEFFERSON,KY1934,,GREENBELT,HWY,,,LOGISTICS,,,,,38.165251907,-85.878486336,5.842,11/5/2021 12:00:00 AM,1922,3,3,0,0,CLEAR,DRY,False,HEAD-ON COLLISION,HEAD ON,STRAIGHT & LEVEL,DARK-HWY LIGHTED/ON,,,11/8/2021 7:30:43 AM,False,5224,Accepted,
29195977,0568000,LOUISVILLE METRO POLICE DEPT,Accepted,JEFFERSON,US0031W,,DIXIE,HWY,,KY1931,GREENWOOD,,,,,38.143601663,-85.839652113,11.681,11/5/2021 12:00:00 AM,1856,2,2,0,0,CLEAR,DRY,False,ANGLE COLLISION - OTHER,ANGLE,STRAIGHT & LEVEL,DARK-HWY LIGHTED/ON,,,11/8/2021 7:30:47 AM,False,7485,Accepted,
29195985,0568000,LOUISVILLE METRO POLICE DEPT,Accepted,JEFFERSON,,,ESPLANADE,AVE,W,,,,,,,38.165792414,-85.774683995,0.009,11/5/2021 12:00:00 AM,1416,2,2,0,0,CLEAR,DRY,False,SIDESWIPE COLLISION - SAME DIRECTION,SIDESWIPE-SAME DIRECTION,STRAIGHT & LEVEL,DAYLIGHT,,,11/8/2021 7:31:17 AM,False,5402,Accepted,
29195986,0568000,LOUISVILLE METRO POLICE DEPT,Accepted,JEFFERSON,KY2054,,ALGONQUIN,PKWY,,,DIXIE,,,,,38.223163010,-85.792418251,1.636,11/5/2021 12:00:00 AM,,3,3,0,0,CLEAR,DRY,True,OTHER INTERSECTION COLLISIONS,REAR END,STRAIGHT & LEVEL,DAYLIGHT,,,11/8/2021 7:31:23 AM,False,5161,Accepted,
29195984,0568000,LOUISVILLE METRO POLICE DEPT,Accepted,JEFFERSON,KY0061,,PRESTON,HWY,,,GRADE,,,,,38.180176574,-85.718543480,7.360,11/5/2021 12:00:00 AM,1812,2,2,0,0,CLEAR,DRY,False,SIDESWIPE-SAME DIRECTION,SIDESWIPE-SAME DIRECTION,STRAIGHT & LEVEL,DAYLIGHT,,,11/8/2021 7:31:12 AM,False,5001,Accepted,
29195959,0568000,LOUISVILLE METRO POLICE DEPT,Accepted,JEFFERSON,,,LEXINGTON,RD,,,PAYNE,,,,,38.250610310,-85.720995454,0.716,11/5/2021 12:00:00 AM,1322,2,2,0,0,CLEAR,DRY,False,ANGLE COLLISION - OTHER,ANGLE,STRAIGHT & LEVEL,DAYLIGHT,,,11/8/2021 7:30:03 AM,False,5020,Accepted,
29195961,0568000,LOUISVILLE METRO POLICE DEPT,Accepted,JEFFERSON,KY0841,,,,,,,,,,,38.101432585,-85.822995027,0.265,11/5/2021 12:00:00 AM,1736,3,3,0,2,CLEAR,DRY,False,OTHER RAMP RELATED COLLISIONS NOT LISTED ABOVE,REAR END,STRAIGHT & GRADE,DAYLIGHT,KY0841,STONESTREET RD,11/8/2021 7:30:07 AM,False,2021,Accepted,
29195949,0568000,LOUISVILLE METRO POLICE DEPT,Accepted,JEFFERSON,KY1020,,3RD,ST,S,,,,BRECKINRIDGE,,KENTUCKY,38.239720406,-85.757827512,11.663,11/5/2021 12:00:00 AM,0739,2,2,0,0,CLEAR,DRY,False,1 VEHICLE ENTERING/LEAVING ENTRANCE,ANGLE,STRAIGHT & LEVEL,DARK-HWY LIGHTED/ON,,,11/8/2021 7:29:25 AM,False,7619,Accepted,
29195957,0568000,LOUISVILLE METRO POLICE DEPT,Accepted,JEFFERSON,KY1020,,3RD,ST,S,US0150,BROADWAY,,,,,38.245975858,-85.756777863,12.097,11/5/2021 12:00:00 AM,1451,2,1,0,1,CLEAR,DRY,False,COLLISION WITH PEDESTRIAN IN INTERSECTION,SINGLE VEHICLE,STRAIGHT & LEVEL,DAYLIGHT,,,11/8/2021 7:29:55 AM,False,5391,Accepted,
29195919,0568000,LOUISVILLE METRO POLICE DEPT,Accepted,JEFFERSON,,,CROSSTIMBERS,DR,,,,,,,,38.258544694,-85.452878526,0.173,11/5/2021 12:00:00 AM,0840,2,2,0,0,CLEAR,DRY,False,1 VEHICLE PARKED POSITION (NOT PARKING LOT/DRIVEWAY),REAR END,STRAIGHT & GRADE,DAYLIGHT,,,11/8/2021 7:27:37 AM,False,6532,Accepted,
29195933,0568000,LOUISVILLE METRO POLICE DEPT,Accepted,JEFFERSON,,3204,VIRGINIA,AVE,,,,,,,,38.238788965,-85.807793691,0.633,11/5/2021 12:00:00 AM,1218,2,2,0,0,CLEAR,DRY,False,1 VEHICLE PARKED POSITION (NOT PARKING LOT/DRIVEWAY),HEAD ON,STRAIGHT & LEVEL,DAYLIGHT,,,11/8/2021 7:28:31 AM,False,7381,Accepted,
29195941,0568000,LOUISVILLE METRO POLICE DEPT,Accepted,JEFFERSON,,,GREYLING,DR,,,LAMBORNE,,,,,38.108335565,-85.804876703,1.041,11/5/2021 12:00:00 AM,1710,2,2,0,0,CLEAR,DRY,False,HEAD-ON COLLISION,HEAD ON,STRAIGHT & LEVEL,DAYLIGHT,,,11/8/2021 7:28:51 AM,False,7234,Accepted,
29196009,0568000,LOUISVILLE METRO POLICE DEPT,Accepted,JEFFERSON,,,ROY WILKINS,AVE,,,MUHAMMAD ALI,,,,,38.252012308,-85.765457551,0.386,11/5/2021 12:00:00 AM,2155,2,2,0,0,CLEAR,DRY,False,ANGLE COLLISION - OTHER,ANGLE,STRAIGHT & LEVEL,DARK-HWY LIGHTED/ON,,,11/8/2021 7:32:55 AM,False,5228,Accepted,
29196000,0568000,LOUISVILLE METRO POLICE DEPT,Accepted,JEFFERSON,,,15TH,ST,S,,OAK,,,,,38.236737581,-85.778401873,0.787,11/5/2021 12:00:00 AM,2000,2,2,0,0,CLEAR,DRY,False,ANGLE COLLISION - OTHER,ANGLE,STRAIGHT & LEVEL,DARK-HWY LIGHTED/ON,,,11/8/2021 7:32:20 AM,False,7312,Accepted,
29196060,0568000,LOUISVILLE METRO POLICE DEPT,Accepted,JEFFERSON,KY2052,,SHEPHERDSVILLE,RD,,,JANIES,,,,,38.158888102,-85.659913532,1.398,11/5/2021 12:00:00 AM,1349,2,2,0,0,CLEAR,DRY,False,OTHER INTERSECTION COLLISIONS,REAR END,STRAIGHT & LEVEL,DAYLIGHT,,,11/8/2021 7:35:13 AM,False,5375,Accepted,
29187058,0568000,LOUISVILLE METRO POLICE DEPT,Accepted,JEFFERSON,US0031W,,DIXIE,HWY,,,,,,,,38.031954833,-85.914062646,2.684,11/5/2021 12:00:00 AM,0415,1,1,0,1,CLEAR,DRY,False,OTHER ROADWAY OR MID-BLOCK COLLISION,SINGLE VEHICLE,CURVE & GRADE,DARK-HWY NOT LIGHTED,,,11/5/2021 8:21:51 AM,False,5279,Accepted,
29195925,0568000,LOUISVILLE METRO POLICE DEPT,Accepted,JEFFERSON,,,PAYNE,ST,,,LEXINGTON,,,,,38.250659092,-85.720572746,0.642,11/5/2021 12:00:00 AM,0900,2,2,0,0,CLEAR,DRY,False,OTHER INTERSECTION COLLISIONS,REAR END,STRAIGHT & LEVEL,DAYLIGHT,,,11/8/2021 7:28:01 AM,False,5020,Accepted,
29195927,0568000,LOUISVILLE METRO POLICE DEPT,Accepted,JEFFERSON,,,MICHAEL EDWARD,DR,,,STONY BROOK,,,,,38.174158462,-85.600584801,1.573,11/5/2021 12:00:00 AM,0740,2,2,0,1,CLEAR,DRY,False,ANGLE COLLISION - OTHER,ANGLE,STRAIGHT & LEVEL,DARK-HWY LIGHTED/OFF,,,11/8/2021 7:28:09 AM,False,5040,Accepted,
29195935,0568000,LOUISVILLE METRO POLICE DEPT,Accepted,JEFFERSON,US0031E,,BARDSTOWN,RD,,,HUDSON,,,,,38.164909104,-85.598981456,6.802,11/5/2021 12:00:00 AM,1619,2,2,0,0,CLEAR,DRY,False,OTHER INTERSECTION COLLISIONS,REAR END,STRAIGHT & LEVEL,DAYLIGHT,,,11/8/2021 7:28:39 AM,False,7755,Accepted,
29195942,0568000,LOUISVILLE METRO POLICE DEPT,Accepted,JEFFERSON,KY1747,,FERN VALLEY,RD,,,,KY0061,PRESTON,KY1747,KY1747 CROSSOVER,38.156999113,-85.696741294,1.916,11/5/2021 12:00:00 AM,1326,2,2,0,0,CLEAR,DRY,False,REAR END IN TRAFFIC LANES BOTH VEHICLES MOVING,REAR END,STRAIGHT & LEVEL,DAYLIGHT,,,11/8/2021 7:28:55 AM,False,2324,Accepted,
29195943,0568000,LOUISVILLE METRO POLICE DEPT,Accepted,JEFFERSON,US0031E,,BARDSTOWN,RD,,,CAPTAIN,,,,,38.128118450,-85.575847128,3.909,11/5/2021 12:00:00 AM,1514,2,2,0,0,CLEAR,DRY,False,ANGLE COLLISION - OTHER,ANGLE,STRAIGHT & LEVEL,DAYLIGHT,,,11/8/2021 7:28:59 AM,False,2324,Accepted,
29195944,0568000,LOUISVILLE METRO POLICE DEPT,Accepted,JEFFERSON,,,HUNTING GROUND,CT,,,ADAMS RUN,,,,,38.116763598,-85.607418293,0.211,11/5/2021 12:00:00 AM,1701,2,2,0,1,CLEAR,DRY,False,ANGLE COLLISION - OTHER,ANGLE,CURVE & LEVEL,DAYLIGHT,,,11/8/2021 7:29:02 AM,False,2324,Accepted,
29195950,0568000,LOUISVILLE METRO POLICE DEPT,Accepted,JEFFERSON,I 0265,,I265 S,,,,,,,,,38.285469595,-85.507078405,30.000,11/5/2021 12:00:00 AM,1650,3,3,0,0,CLEAR,DRY,False,REAR END IN TRAFFIC LANES BOTH VEHICLES MOVING,REAR END,STRAIGHT & LEVEL,DAYLIGHT,,,11/8/2021 7:29:29 AM,False,7751,Accepted,
29195951,0568000,LOUISVILLE METRO POLICE DEPT,Accepted,JEFFERSON,I 0265,,I265 S,,,,,,,,,38.285469595,-85.507078405,30.000,11/5/2021 12:00:00 AM,1733,2,2,0,0,CLEAR,DRY,False,OTHER ROADWAY OR MID-BLOCK COLLISION,REAR END,STRAIGHT & LEVEL,DAYLIGHT,,,11/8/2021 7:29:33 AM,False,7751,Accepted,
29187060,0568000,LOUISVILLE METRO POLICE DEPT,Accepted,JEFFERSON,US0031E,2490,BARDSTOWN,RD,,,,,WEBER,KY0155,TAYLORSVILLE,38.223361216,-85.685679769,13.187,11/5/2021 12:00:00 AM,0445,2,2,0,1,CLEAR,DRY,False,HEAD-ON COLLISION,HEAD ON,CURVE & HILLCREST,DARK-HWY LIGHTED/ON,,,11/5/2021 8:21:58 AM,False,5274,Accepted,
29193441,0564500,PROSPECT POLICE DEPARTMENT,Accepted,JEFFERSON,,,CARSLAW,CT,,,,,,,,38.340762610,-85.620576315,0.106,11/5/2021 12:00:00 AM,0652,2,2,0,2,CLEAR,DRY,False,1 VEHICLE ENTERING/LEAVING ENTRANCE,ANGLE,STRAIGHT & LEVEL,DARK-HWY LIGHTED/ON,,,11/7/2021 11:29:14 AM,False,1137,Accepted,
29195922,0568000,LOUISVILLE METRO POLICE DEPT,Accepted,JEFFERSON,,214,CHATTANOOGA,AVE,,,,,,,,38.129902071,-85.770949617,0.027,11/5/2021 12:00:00 AM,0851,2,2,0,1,CLEAR,DRY,False,1 VEHICLE PARKED POSITION (NOT PARKING LOT/DRIVEWAY),SIDESWIPE-OPPOSITE DIRECTION,STRAIGHT & LEVEL,DAYLIGHT,,,11/8/2021 7:27:49 AM,False,7252,Accepted,
29195930,0568000,LOUISVILLE METRO POLICE DEPT,Accepted,JEFFERSON,KY0061,,PRESTON,HWY,,,VIM,,,,,38.172007502,-85.709950526,6.629,11/5/2021 12:00:00 AM,1355,2,2,0,0,CLEAR,DRY,True,REAR END - ONE VEHICLE TURNING RIGHT,REAR END,STRAIGHT & LEVEL,DAYLIGHT,,,11/8/2021 7:28:20 AM,False,7341,Accepted,
29195931,0568000,LOUISVILLE METRO POLICE DEPT,Accepted,JEFFERSON,KY0061,,JACKSON,ST,S,,LIBERTY,,,,,38.251221073,-85.744645149,12.699,11/5/2021 12:00:00 AM,0909,2,2,0,0,CLEAR,DRY,False,SIDESWIPE-SAME DIRECTION,SIDESWIPE-SAME DIRECTION,STRAIGHT & LEVEL,DAYLIGHT,,,11/8/2021 7:28:24 AM,False,5367,Accepted,
29195938,0568000,LOUISVILLE METRO POLICE DEPT,Accepted,JEFFERSON,KY1703,,BAXTER,AVE,,,ROSEWOOD,,,,,38.232808823,-85.718349409,5.073,11/5/2021 12:00:00 AM,0742,2,2,0,0,CLEAR,DRY,False,OPPOSITE DIRECTION - BOTH VEHICLES GOING STRAIGHT AHEAD,SIDESWIPE-OPPOSITE DIRECTION,STRAIGHT & LEVEL,DAWN,,,11/8/2021 7:28:42 AM,False,7403,Accepted,
29195940,0568000,LOUISVILLE METRO POLICE DEPT,Accepted,JEFFERSON,KY1230,,CANE RUN,RD,,,GREENWOOD,,,,,38.147586516,-85.896099329,4.820,11/5/2021 12:00:00 AM,1107,2,2,0,2,CLEAR,DRY,False,ANGLE COLLISION - OTHER,ANGLE,STRAIGHT & LEVEL,DAYLIGHT,,,11/8/2021 7:28:48 AM,False,7234,Accepted,
29195954,0568000,LOUISVILLE METRO POLICE DEPT,Accepted,JEFFERSON,US0031W,9080,DIXIE,HWY,,,,,,,,38.123033695,-85.854192642,9.899,11/5/2021 12:00:00 AM,1605,1,1,0,0,CLEAR,DRY,False,COLLISION IN PARKING LOT,SINGLE VEHICLE,STRAIGHT & LEVEL,DAYLIGHT,,,11/8/2021 7:29:44 AM,False,6877,Accepted,
29195955,0568000,LOUISVILLE METRO POLICE DEPT,Accepted,JEFFERSON,US0031W,,DIXIE,HWY,,,,,,,,38.021774951,-85.917777892,1.967,11/5/2021 12:00:00 AM,0651,3,3,0,0,CLEAR,DRY,False,REAR END IN TRAFFIC LANES BOTH VEHICLES MOVING,REAR END,STRAIGHT & GRADE,DARK-HWY LIGHTED/ON,,,11/8/2021 7:29:47 AM,False,7336,Accepted,
29195956,0568000,LOUISVILLE METRO POLICE DEPT,Accepted,JEFFERSON,KY1020,,2ND,ST,S,,LIBERTY,,,,,38.252708350,-85.753873033,12.574,11/5/2021 12:00:00 AM,1324,2,2,0,0,CLEAR,DRY,False,OPPOSING LEFT TURN,OPPOSING LEFT TURN,STRAIGHT & LEVEL,DAYLIGHT,,,11/8/2021 7:29:51 AM,False,5391,Accepted,
29195979,0568000,LOUISVILLE METRO POLICE DEPT,Accepted,JEFFERSON,US0031E,5717,BARDSTOWN,RD,,,,,,,,38.162743011,-85.595675534,6.570,11/5/2021 12:00:00 AM,1958,2,2,0,0,CLEAR,DRY,False,OTHER ROADWAY OR MID-BLOCK COLLISION,REAR END,STRAIGHT & LEVEL,DARK (UNKNOWN ROADWAY LIGHTING),,,11/8/2021 7:30:54 AM,False,7828,Accepted,
29188826,0560600,WEST BUECHEL POLICE DEPT.,Accepted,JEFFERSON,US0031E,,BUECHEL,BYP,,KY2251,BARDSTOWN,,,,,38.200201887,-85.662341329,11.147,11/5/2021 12:00:00 AM,0916,2,2,0,0,CLEAR,DRY,False,ANGLE COLLISION - OTHER,ANGLE,STRAIGHT & LEVEL,DAYLIGHT,,,11/5/2021 4:00:14 PM,False,1260,Accepted,
29187056,0568000,LOUISVILLE METRO POLICE DEPT,Accepted,JEFFERSON,,200,LIBERTY,ST,W,,,,,,,38.252863814,-85.754860413,0.679,11/5/2021 12:00:00 AM,0025,2,2,0,0,CLEAR,DRY,False,1 VEHICLE PARKED POSITION (NOT PARKING LOT/DRIVEWAY),SIDESWIPE-SAME DIRECTION,STRAIGHT & LEVEL,DARK-HWY LIGHTED/ON,,,11/5/2021 8:21:42 AM,False,5135,Accepted,
29187057,0568000,LOUISVILLE METRO POLICE DEPT,Accepted,JEFFERSON,I 0064,,I64 E,,,,,I 0064,I64 E EXIT8 OFF RAMP TO  GRINSTEAD DR,I 0064,I64 E EXIT8 ON RAMP FROM  GRINSTEAD DR,38.247857169,-85.701979700,7.981,11/5/2021 12:00:00 AM,0059,1,1,0,0,CLEAR,DRY,False,OTHER COLLISIONS ON SHOULDER,SINGLE VEHICLE,CURVE & LEVEL,DARK-HWY LIGHTED/ON,,,11/5/2021 8:21:46 AM,False,7049,Accepted,
29195928,0568000,LOUISVILLE METRO POLICE DEPT,Accepted,JEFFERSON,,,CHAMBERLAIN,LN,,,,I 0265,I265 S EXIT33 OFF RAMP TO  CHAMBERLAIN LN,,WINCHESTER ACRES,38.297154737,-85.541222227,1.952,11/5/2021 12:00:00 AM,1113,2,2,0,0,CLEAR,DRY,False,1 VEHICLE ENTERING/LEAVING ENTRANCE,ANGLE,STRAIGHT & LEVEL,DAYLIGHT,,,11/8/2021 7:28:13 AM,False,7876,Accepted,
29195971,0568000,LOUISVILLE METRO POLICE DEPT,Accepted,JEFFERSON,,,BRECKINRIDGE,ST,W,,13TH,,,,,38.243651402,-85.773976693,0.923,11/5/2021 12:00:00 AM,1626,2,2,0,0,CLEAR,DRY,False,ANGLE COLLISION - OTHER,ANGLE,STRAIGHT & LEVEL,DAYLIGHT,,,11/8/2021 7:30:26 AM,False,7381,Accepted,
29195973,0568000,LOUISVILLE METRO POLICE DEPT,Accepted,JEFFERSON,,,BROADWAY,,W,,37TH,,,,,38.250026099,-85.813422745,1.372,11/5/2021 12:00:00 AM,1848,2,2,0,0,CLEAR,DRY,False,ANGLE COLLISION - ONE VEHICLE TURNING RIGHT,ANGLE,STRAIGHT & LEVEL,DARK-HWY LIGHTED/ON,,,11/8/2021 7:30:36 AM,False,5355,Accepted,
29196005,0568000,LOUISVILLE METRO POLICE DEPT,Accepted,JEFFERSON,,,ARMORY,PL,,,MUHAMMAD ALI,,,,,38.251425199,-85.759888130,0.154,11/5/2021 12:00:00 AM,1120,2,2,0,0,CLEAR,DRY,True,SIDESWIPE-SAME DIRECTION,SIDESWIPE-SAME DIRECTION,STRAIGHT & LEVEL,DAYLIGHT,,,11/8/2021 7:32:39 AM,False,7904,Accepted,
29195988,0568000,LOUISVILLE METRO POLICE DEPT,Accepted,JEFFERSON,KY1865,6110,NEW CUT,RD,,,,,,,,38.124592004,-85.776415435,1.136,11/5/2021 12:00:00 AM,1901,2,2,0,1,CLEAR,DRY,False,OTHER ROADWAY OR MID-BLOCK COLLISION,REAR END,STRAIGHT & LEVEL,DARK-HWY LIGHTED/ON,,,11/8/2021 7:31:31 AM,False,7252,Accepted,
29515723,0568000,LOUISVILLE METRO POLICE DEPT,Accepted,JEFFERSON,,4508,MURPHY,LN,,,,,,,,38.310499095,-85.538760026,0.676,11/5/2021 12:00:00 AM,1704,2,2,0,2,CLEAR,DRY,False,1 VEHICLE ENTERING/LEAVING ENTRANCE,ANGLE,STRAIGHT & LEVEL,DAYLIGHT,,,12/30/2021 8:19:33 AM,False,2346,Accepted,
29317327,0568000,LOUISVILLE METRO POLICE DEPT,Accepted,JEFFERSON,KY0155,,TAYLORSVILLE,RD,,,,,POPE LICK,KY2265,HATMAKER,38.190854894,-85.485733119,4.809,11/5/2021 12:00:00 AM,1348,4,4,0,0,CLEAR,DRY,False,REAR END IN TRAFFIC LANES BOTH VEHICLES MOVING,REAR END,STRAIGHT & LEVEL,DAYLIGHT,,,11/16/2021 8:08:58 AM,False,6878,Accepted,
29237526,0568000,LOUISVILLE METRO POLICE DEPT,Accepted,JEFFERSON,,,PATTON,CT,,,13TH,,,,,38.224788625,-85.778405459,0.215,11/5/2021 12:00:00 AM,2222,2,2,0,0,CLEAR,DRY,False,COLLISION WITH PARKED VEHICLE,REAR END,STRAIGHT & LEVEL,DARK-HWY LIGHTED/ON,,,11/9/2021 8:29:53 AM,False,5151,Accepted,
29196006,0568000,LOUISVILLE METRO POLICE DEPT,Accepted,JEFFERSON,,,SHELBURN PARK,DR,,KY1447,WESTPORT,,,,,38.295079003,-85.556497444,0.008,11/5/2021 12:00:00 AM,1920,3,3,0,1,CLEAR,DRY,False,OPPOSING LEFT TURN,OPPOSING LEFT TURN,STRAIGHT & LEVEL,DAWN,,,11/8/2021 7:32:44 AM,False,5004,Accepted,
29237461,0568000,LOUISVILLE METRO POLICE DEPT,Accepted,JEFFERSON,,,HANCOCK,ST,S,US0150,BROADWAY,,,,,38.245010910,-85.743632406,0.694,11/5/2021 12:00:00 AM,1311,2,2,0,1,CLOUDY,DRY,False,ANGLE COLLISION - OTHER,ANGLE,STRAIGHT & LEVEL,DAYLIGHT,,,11/9/2021 8:28:45 AM,False,7239,Accepted,
29237442,0568000,LOUISVILLE METRO POLICE DEPT,Accepted,JEFFERSON,KY0907,,SOUTHSIDE,DR,,,,,LILLIAN,KY0907,3RD ST,38.146191800,-85.774865895,6.345,11/4/2021 12:00:00 AM,1418,2,2,0,0,CLEAR,DRY,False,OTHER ROADWAY OR MID-BLOCK COLLISION,OPPOSING LEFT TURN,STRAIGHT & LEVEL,DAYLIGHT,,,11/9/2021 8:28:23 AM,False,7144,Accepted,
29237494,0568000,LOUISVILLE METRO POLICE DEPT,Accepted,JEFFERSON,US0031W,,,,,,,,,,,38.093618465,-85.874704900,0.287,11/4/2021 12:00:00 AM,1813,2,2,0,2,CLEAR,DRY,False,REAR END IN TRAFFIC LANES BOTH VEHICLES MOVING,REAR END,STRAIGHT & LEVEL,DAYLIGHT,KY0841,US31W,11/9/2021 8:29:17 AM,False,7205,Accepted,
29237536,0568000,LOUISVILLE METRO POLICE DEPT,Accepted,JEFFERSON,,,RIVER PARK,DR,,I 0264,I264 E EXIT2 ON RAMP FROM  RIVER PARK DR,,,,,38.254323295,-85.806392123,1.127,11/4/2021 12:00:00 AM,2252,2,2,0,1,CLEAR,DRY,True,ANGLE COLLISION - OTHER,ANGLE,STRAIGHT & LEVEL,DARK-HWY LIGHTED/ON,,,11/9/2021 8:30:04 AM,False,7445,Accepted,
29197928,0568000,LOUISVILLE METRO POLICE DEPT,Accepted,JEFFERSON,KY0061,,PRESTON,HWY,,KY1450,BLUE LICK,,,,,38.133850408,-85.683985247,3.626,11/4/2021 12:00:00 AM,1805,4,1,0,0,CLEAR,DRY,False,HEAD-ON COLLISION,HEAD ON,STRAIGHT & LEVEL,DUSK,,,11/8/2021 9:59:13 AM,False,7269,Accepted,
29237436,0568000,LOUISVILLE METRO POLICE DEPT,Accepted,JEFFERSON,,,CHESTNUT,ST,E,,1ST,,,,,38.248375886,-85.752689110,0.013,11/4/2021 12:00:00 AM,1633,2,2,0,0,CLOUDY,DRY,False,ANGLE COLLISION - OTHER,ANGLE,STRAIGHT & LEVEL,DAYLIGHT,,,11/9/2021 8:28:16 AM,False,7239,Accepted,