IncidentID,AgencyORI,AgencyName,IncidentStatusDesc,County,RdwyNumber,Street,RoadwayName,StreetSfx,StreetDir,IntersectionRdwy,IntersectionRdwyName,BetweenStRdwy1,BetweenStRdwyName1,BetweenStRdwy2,BetweenStRdwyName2,Latitude,Longitude,Milepoint,CollisionDate,CollisionTime,UnitsInvolved,MotorVehiclesInvolved,NumberKilled,NumberInjured,Weather,RdwyConditionCode,HitandRun,DirAnalysisCode,MannerofCollision,RdwyCharacter,LightCondition,RampFromRdwyId,RampToRdwyId,AcceptedDate,IsSecondaryCollision,OwnerBadge,IncidentStatus,
29196548,0565000,LYNDON POLICE DEPARTMENT,Accepted,JEFFERSON,US0060,,SHELBYVILLE,RD,,,,,WHIPPS MILL,,CHRISTIAN,38.248667323,-85.604854691,6.327,11/4/2021 12:00:00 AM,1424,2,2,0,0,CLEAR,DRY,False,1 VEHICLE ENTERING/LEAVING ENTRANCE,ANGLE,STRAIGHT & LEVEL,DAYLIGHT,,,11/8/2021 9:14:24 AM,False,1389,Accepted,
29187055,0568000,LOUISVILLE METRO POLICE DEPT,Accepted,JEFFERSON,US0031W,,22ND,ST,S,,,,WOODLAND,,STANDARD,38.232165886,-85.791553932,18.399,11/4/2021 12:00:00 AM,1916,2,1,0,1,CLEAR,DRY,False,COLLISION WITH BICYCLIST NON INTERSECTION,SINGLE VEHICLE,STRAIGHT & GRADE,DARK-HWY NOT LIGHTED,,,11/5/2021 8:21:36 AM,False,5164,Accepted,
29187032,0568000,LOUISVILLE METRO POLICE DEPT,Accepted,JEFFERSON,I 0065,,I65 N,,,I 0065,I65 N EXIT135 ON RAMP FROM  E SAINT CATHERINE ST,,,,,38.237322354,-85.752531234,134.673,11/4/2021 12:00:00 AM,1551,2,2,0,0,CLEAR,DRY,False,SIDESWIPE-SAME DIRECTION,SIDESWIPE-SAME DIRECTION,STRAIGHT & LEVEL,DAYLIGHT,,,11/5/2021 8:19:54 AM,False,7132,Accepted,
29187038,0568000,LOUISVILLE METRO POLICE DEPT,Accepted,JEFFERSON,US0031E,,BARDSTOWN,RD,,,CAPTAIN,,,,,38.128065719,-85.576024820,3.908,11/4/2021 12:00:00 AM,1158,2,2,0,1,CLEAR,DRY,False,SIDESWIPE-SAME DIRECTION,SIDESWIPE-SAME DIRECTION,STRAIGHT & LEVEL,DAYLIGHT,,,11/5/2021 8:20:09 AM,False,2324,Accepted,
29187039,0568000,LOUISVILLE METRO POLICE DEPT,Accepted,JEFFERSON,KY0061,,PRESTON,HWY,,,,KY1065,OUTER,,OKOLONA,38.138117096,-85.686435838,3.934,11/4/2021 12:00:00 AM,1531,2,2,0,0,CLEAR,DRY,False,OTHER ROADWAY OR MID-BLOCK COLLISION,REAR END,STRAIGHT & LEVEL,DAYLIGHT,,,11/5/2021 8:20:13 AM,False,2324,Accepted,
29187040,0568000,LOUISVILLE METRO POLICE DEPT,Accepted,JEFFERSON,KY0061,,PRESTON,HWY,,,,KY2053,MT WASHINGTON,,ANTLE,38.091204110,-85.668555819,0.531,11/4/2021 12:00:00 AM,1701,2,2,0,0,CLEAR,DRY,False,SIDESWIPE COLLISION - SAME DIRECTION,SIDESWIPE-SAME DIRECTION,STRAIGHT & LEVEL,DAYLIGHT,,,11/5/2021 8:20:17 AM,False,2324,Accepted,
29187047,0568000,LOUISVILLE METRO POLICE DEPT,Accepted,JEFFERSON,KY0061,,PRESTON,HWY,,,ST RITA,,,,,38.128250312,-85.681125844,3.201,11/4/2021 12:00:00 AM,1435,2,2,0,1,CLEAR,DRY,False,HEAD-ON COLLISION,HEAD ON,STRAIGHT & LEVEL,DAYLIGHT,,,11/5/2021 8:20:46 AM,False,5040,Accepted,
29195965,0568000,LOUISVILLE METRO POLICE DEPT,Accepted,JEFFERSON,,,10TH,ST,S,,ESQUIRE,,,,,38.247810408,-85.768192060,0.470,11/4/2021 12:00:00 AM,1519,2,2,0,1,CLEAR,DRY,False,COLLISION WITH PARKED VEHICLE,ANGLE,STRAIGHT & LEVEL,DAYLIGHT,,,11/8/2021 7:30:15 AM,False,5173,Accepted,
29195923,0568000,LOUISVILLE METRO POLICE DEPT,Accepted,JEFFERSON,I 0264,,,,,,,,,,,38.198176280,-85.703501888,0.336,11/4/2021 12:00:00 AM,1438,2,2,0,0,CLEAR,DRY,False,OTHER RAMP RELATED COLLISIONS NOT LISTED ABOVE,SIDESWIPE-SAME DIRECTION,CURVE & GRADE,DAYLIGHT,KY0864,I 0264,11/8/2021 7:27:53 AM,False,8278,Accepted,
29303276,0568000,LOUISVILLE METRO POLICE DEPT,Accepted,JEFFERSON,KY1020,,3RD,ST,S,,KENTUCKY,,,,,38.238762738,-85.757978058,11.599,11/4/2021 12:00:00 AM,1200,3,3,0,0,CLEAR,DRY,False,ANGLE COLLISION - OTHER,ANGLE,STRAIGHT & LEVEL,DAYLIGHT,,,11/12/2021 7:32:08 AM,False,7132,Accepted,
29237533,0568000,LOUISVILLE METRO POLICE DEPT,Accepted,JEFFERSON,,,HILL,ST,W,,13TH,,,,,38.227612826,-85.776858681,1.089,11/4/2021 12:00:00 AM,0023,2,2,0,2,CLEAR,DRY,False,ANGLE COLLISION - OTHER,ANGLE,STRAIGHT & LEVEL,DARK-HWY LIGHTED/ON,,,11/9/2021 8:29:59 AM,False,5039,Accepted,
29312696,0568000,LOUISVILLE METRO POLICE DEPT,Accepted,JEFFERSON,I 0264,,,,,,,,,,,38.222855559,-85.648467231,0.175,11/4/2021 12:00:00 AM,0354,1,1,0,1,CLEAR,DRY,False,OTHER RAMP RELATED COLLISIONS NOT LISTED ABOVE,SINGLE VEHICLE,STRAIGHT & LEVEL,DARK-HWY LIGHTED/ON,I 0264,KY0155,11/15/2021 8:24:02 AM,False,5250,Accepted,
29186940,0560300,ST. MATTHEWS POLICE DEPARTMENT,Accepted,JEFFERSON,US0060,,FRANKFORT,AVE,,,IOLA,,,,,38.253792376,-85.666980940,2.923,11/4/2021 12:00:00 AM,2059,2,2,0,0,CLEAR,DRY,False,ANGLE COLLISION - OTHER,ANGLE,STRAIGHT & GRADE,DARK-HWY LIGHTED/ON,,,11/5/2021 7:34:04 AM,False,9150,Accepted,
29187004,0568000,LOUISVILLE METRO POLICE DEPT,Accepted,JEFFERSON,KY1020,,SOUTHERN,PKWY,,,ASHLAND,,,,,38.185230769,-85.767418531,8.077,11/4/2021 12:00:00 AM,0747,2,2,0,0,CLEAR,DRY,False,ANGLE COLLISION - ONE VEHICLE TURNING LEFT,ANGLE,STRAIGHT & LEVEL,DAWN,,,11/5/2021 8:18:06 AM,False,7433,Accepted,
29187012,0568000,LOUISVILLE METRO POLICE DEPT,Accepted,JEFFERSON,I 0065,,I65 N,,,,,,,,,38.216471547,-85.752201036,133.205,11/4/2021 12:00:00 AM,0725,3,3,0,1,CLEAR,DRY,False,REAR END IN TRAFFIC LANES BOTH VEHICLES MOVING,REAR END,CURVE & GRADE,DARK-HWY LIGHTED/ON,,,11/5/2021 8:18:38 AM,False,7720,Accepted,
29182817,0568000,LOUISVILLE METRO POLICE DEPT,Accepted,JEFFERSON,KY1230,11600,LOWER RIVER,RD,,,,,,,,38.086682591,-85.898489854,1.754,11/4/2021 12:00:00 AM,0158,1,1,0,0,CLEAR,DRY,False,OTHER ROADWAY OR MID-BLOCK COLLISION,SINGLE VEHICLE,STRAIGHT & LEVEL,DARK-HWY NOT LIGHTED,,,11/4/2021 8:27:55 AM,False,5279,Accepted,
29187005,0568000,LOUISVILLE METRO POLICE DEPT,Accepted,JEFFERSON,I 0265,,I265 S,,,,,,,,,38.251393489,-85.503009490,27.428,11/4/2021 12:00:00 AM,0754,2,2,0,0,CLEAR,DRY,False,SIDESWIPE COLLISION - SAME DIRECTION,SIDESWIPE-SAME DIRECTION,STRAIGHT & LEVEL,DAYLIGHT,,,11/5/2021 8:18:10 AM,False,2346,Accepted,
29187007,0568000,LOUISVILLE METRO POLICE DEPT,Accepted,JEFFERSON,I 0265,,I265 W,,,,,,,,,38.111199864,-85.686182547,11.124,11/4/2021 12:00:00 AM,0707,5,5,0,0,CLEAR,OTHER,False,OTHER ROADWAY OR MID-BLOCK COLLISION,REAR END,STRAIGHT & LEVEL,DAWN,,,11/5/2021 8:18:18 AM,False,4903,Accepted,
29187014,0568000,LOUISVILLE METRO POLICE DEPT,Accepted,JEFFERSON,,,FLOYD,ST,S,,BLOOM,,,,,38.221203127,-85.754015987,2.364,11/4/2021 12:00:00 AM,0718,2,2,0,0,CLEAR,DRY,False,ANGLE COLLISION - OTHER,ANGLE,STRAIGHT & LEVEL,DARK (UNKNOWN ROADWAY LIGHTING),,,11/5/2021 8:18:42 AM,False,5287,Accepted,
29187022,0568000,LOUISVILLE METRO POLICE DEPT,Accepted,JEFFERSON,KY0864,,POPLAR LEVEL,RD,,,PRODUCE,,,,,38.179209778,-85.691898465,9.868,11/4/2021 12:00:00 AM,0724,3,3,0,4,CLEAR,DRY,False,OPPOSING LEFT TURN,OPPOSING LEFT TURN,STRAIGHT & LEVEL,DARK (UNKNOWN ROADWAY LIGHTING),,,11/5/2021 8:19:10 AM,False,4693,Accepted,
29187023,0568000,LOUISVILLE METRO POLICE DEPT,Accepted,JEFFERSON,KY1865,,NEW CUT,RD,,KY0841,KY841 RAMP FROM KY1865,,,,,38.119182098,-85.777127621,0.750,11/4/2021 12:00:00 AM,1134,2,2,0,1,CLEAR,DRY,False,ANGLE COLLISION - OTHER,ANGLE,CURVE & LEVEL,DAYLIGHT,,,11/5/2021 8:19:14 AM,False,7202,Accepted,
29187037,0568000,LOUISVILLE METRO POLICE DEPT,Accepted,JEFFERSON,KY0864,,POPLAR LEVEL,RD,,,TILE FACTORY,,,,,38.184714530,-85.700015213,10.464,11/4/2021 12:00:00 AM,1708,2,2,0,0,CLEAR,DRY,False,OTHER INTERSECTION COLLISIONS,REAR END,STRAIGHT & LEVEL,DAYLIGHT,,,11/5/2021 8:20:06 AM,False,5027,Accepted,
29187045,0568000,LOUISVILLE METRO POLICE DEPT,Accepted,JEFFERSON,KY1020,,2ND,ST,S,,YORK,,,,,38.243805808,-85.755399852,11.995,11/4/2021 12:00:00 AM,1641,2,2,0,2,CLEAR,DRY,False,SIDESWIPE-SAME DIRECTION,SIDESWIPE-SAME DIRECTION,STRAIGHT & LEVEL,DAYLIGHT,,,11/5/2021 8:20:38 AM,False,7441,Accepted,
29187046,0568000,LOUISVILLE METRO POLICE DEPT,Accepted,JEFFERSON,I 0264,,I264 E,,,,,,,,,38.224442823,-85.644191229,17.408,11/4/2021 12:00:00 AM,1551,2,2,0,0,CLEAR,DRY,False,REAR END IN TRAFFIC LANES BOTH VEHICLES MOVING,REAR END,STRAIGHT & LEVEL,DAYLIGHT,,,11/5/2021 8:20:42 AM,False,5006,Accepted,
29187054,0568000,LOUISVILLE METRO POLICE DEPT,Accepted,JEFFERSON,,,GRADE,LN,,,CRITTENDEN,,,,,38.153245864,-85.733959277,2.423,11/4/2021 12:00:00 AM,2104,2,2,0,0,CLEAR,DRY,False,OTHER INTERSECTION COLLISIONS,REAR END,STRAIGHT & LEVEL,DARK-HWY LIGHTED/OFF,,,11/5/2021 8:21:32 AM,False,7100,Accepted,
29187044,0568000,LOUISVILLE METRO POLICE DEPT,Accepted,JEFFERSON,,,FLOYD,ST,S,,BRECKINRIDGE,,,,,38.240971988,-85.750473582,1.023,11/4/2021 12:00:00 AM,1542,2,2,0,1,CLEAR,DRY,False,ANGLE COLLISION - OTHER,ANGLE,STRAIGHT & LEVEL,DAYLIGHT,,,11/5/2021 8:20:34 AM,False,7441,Accepted,
29187052,0568000,LOUISVILLE METRO POLICE DEPT,Accepted,JEFFERSON,US0031W,6651,DIXIE,HWY,,,,,,,,38.153488921,-85.835634877,12.262,11/4/2021 12:00:00 AM,1430,2,2,0,0,CLEAR,DRY,False,COLLISION IN PARKING LOT,REAR END,STRAIGHT & LEVEL,DAYLIGHT,,,11/5/2021 8:21:25 AM,False,5272,Accepted,
29187059,0568000,LOUISVILLE METRO POLICE DEPT,Accepted,JEFFERSON,,,ASHLAND,AVE,W,I 0264,I264 E EXIT9 OFF RAMP TO KY1865 N,,,,,38.186688896,-85.783831130,0.990,11/4/2021 12:00:00 AM,1937,2,2,0,2,CLEAR,DRY,False,ANGLE COLLISION - OTHER,ANGLE,STRAIGHT & LEVEL,DARK-HWY LIGHTED/ON,,,11/5/2021 8:21:54 AM,False,5183,Accepted,
29187027,0568000,LOUISVILLE METRO POLICE DEPT,Accepted,JEFFERSON,I 0065,,I65 N,,,I 0065,I65 N EXIT134A OFF RAMP TO KY61,,,,,38.226545757,-85.751510649,133.916,11/4/2021 12:00:00 AM,0725,2,2,0,2,CLEAR,DRY,False,SIDESWIPE-SAME DIRECTION,SIDESWIPE-SAME DIRECTION,STRAIGHT & LEVEL,DARK-HWY LIGHTED/ON,,,11/5/2021 8:19:30 AM,False,7132,Accepted,
29187028,0568000,LOUISVILLE METRO POLICE DEPT,Accepted,JEFFERSON,,,CYPRESS,ST,,,BURWELL,,,,,38.227105429,-85.799066411,0.747,11/4/2021 12:00:00 AM,1012,2,2,0,0,CLEAR,DRY,False,ANGLE COLLISION - OTHER,ANGLE,STRAIGHT & LEVEL,DAYLIGHT,,,11/5/2021 8:19:35 AM,False,7656,Accepted,
29187017,0568000,LOUISVILLE METRO POLICE DEPT,Accepted,JEFFERSON,,,1ST,ST,S,,JACOB,,,,,38.244410801,-85.753649286,0.811,11/4/2021 12:00:00 AM,0943,2,2,0,1,CLEAR,DRY,False,ANGLE COLLISION - OTHER,ANGLE,STRAIGHT & LEVEL,DAYLIGHT,,,11/5/2021 8:18:47 AM,False,6360,Accepted,
29187018,0568000,LOUISVILLE METRO POLICE DEPT,Accepted,JEFFERSON,,,FEGENBUSH,LN,,,NORBROOK,,,,,38.183898524,-85.638359645,0.232,11/4/2021 12:00:00 AM,0925,2,2,0,0,CLEAR,DRY,False,ANGLE COLLISION - OTHER,ANGLE,STRAIGHT & LEVEL,DAYLIGHT,,,11/5/2021 8:18:53 AM,False,7540,Accepted,
29188054,0561500,UNIV. OF LOUISVILLE POLICE,Accepted,JEFFERSON,,1500,SHELBURNE,CIR,,,,,,,,38.224698644,-85.767471742,0.003,11/4/2021 12:00:00 AM,2205,2,2,0,0,CLEAR,DRY,True,VEHICLE BACKING NON INTERSECTION,BACKING,STRAIGHT & LEVEL,DARK-HWY LIGHTED/ON,,,11/5/2021 12:50:57 PM,False,5709,Accepted,
29195924,0568000,LOUISVILLE METRO POLICE DEPT,Accepted,JEFFERSON,I 0264,,I264 E,,,,,,,,,38.224761356,-85.643494781,17.452,11/4/2021 12:00:00 AM,1540,2,2,0,0,CLEAR,DRY,False,REAR END IN TRAFFIC LANES BOTH VEHICLES MOVING,REAR END,STRAIGHT & LEVEL,DAYLIGHT,,,11/8/2021 7:27:56 AM,False,8278,Accepted,
29182822,0568000,LOUISVILLE METRO POLICE DEPT,Accepted,JEFFERSON,KY1747,,HURSTBOURNE,PKWY,S,,RAINTREE,,,,,38.200686859,-85.602920128,9.729,11/4/2021 12:00:00 AM,0550,2,2,0,0,CLEAR,DRY,False,ANGLE COLLISION - OTHER,ANGLE,STRAIGHT & LEVEL,DARK (UNKNOWN ROADWAY LIGHTING),,,11/4/2021 8:28:14 AM,False,5182,Accepted,
29182823,0568000,LOUISVILLE METRO POLICE DEPT,Accepted,JEFFERSON,KY1747,,HURSTBOURNE,PKWY,S,,,,,,,38.172802210,-85.605239529,7.763,11/4/2021 12:00:00 AM,0618,1,1,0,0,CLEAR,DRY,False,COLLISION WITH FIXED OBJECT NON - INTERSECTION - FIRST EVENT COLLISION 09 - 32 EXCLUDING 16,SINGLE VEHICLE,STRAIGHT & GRADE,DARK-HWY NOT LIGHTED,,,11/4/2021 8:28:20 AM,False,7761,Accepted,
29187025,0568000,LOUISVILLE METRO POLICE DEPT,Accepted,JEFFERSON,I 0065,,I65 S,,,I 0065,I65 S EXIT135 OFF RAMP TO  E SAINT CATHERINE ST,,,,,38.233544469,-85.750773360,134.389,11/4/2021 12:00:00 AM,1301,2,2,0,0,CLEAR,DRY,False,OTHER INTERSECTION COLLISIONS,REAR END,STRAIGHT & LEVEL,DAYLIGHT,,,11/5/2021 8:19:21 AM,False,7132,Accepted,
29187041,0568000,LOUISVILLE METRO POLICE DEPT,Accepted,JEFFERSON,,,8TH,ST,S,US0150,BROADWAY,,,,,38.246756031,-85.765046546,0.755,11/4/2021 12:00:00 AM,1634,2,2,0,1,CLEAR,DRY,False,ANGLE COLLISION - OTHER,ANGLE,STRAIGHT & LEVEL,DAYLIGHT,,,11/5/2021 8:20:22 AM,False,5168,Accepted,
29187042,0568000,LOUISVILLE METRO POLICE DEPT,Accepted,JEFFERSON,US0150,,BROADWAY,,W,KY1020,3RD,,,,,38.245957875,-85.756716370,2.475,11/4/2021 12:00:00 AM,1620,2,2,0,2,CLEAR,DRY,False,HEAD-ON COLLISION,HEAD ON,STRAIGHT & LEVEL,DAYLIGHT,,,11/5/2021 8:20:25 AM,False,5187,Accepted,
29196033,0568000,LOUISVILLE METRO POLICE DEPT,Accepted,JEFFERSON,KY2251,,BARDSTOWN,RD,,,,,,,,38.191936255,-85.646750760,0.174,11/4/2021 12:00:00 AM,0748,2,2,0,0,CLEAR,DRY,False,SIDESWIPE COLLISION - SAME DIRECTION,SIDESWIPE-SAME DIRECTION,STRAIGHT & LEVEL,DARK-HWY LIGHTED/ON,,,11/8/2021 7:34:07 AM,False,2738,Accepted,
29196067,0568000,LOUISVILLE METRO POLICE DEPT,Accepted,JEFFERSON,US0042,,BROWNSBORO,RD,,,MELLWOOD,,,,,38.260139409,-85.716912040,1.024,11/4/2021 12:00:00 AM,0310,2,2,0,0,CLEAR,DRY,False,COLLISION WITH PARKED VEHICLE,REAR END,STRAIGHT & LEVEL,DARK-HWY LIGHTED/ON,,,11/8/2021 7:35:36 AM,False,7487,Accepted,
29237439,0568000,LOUISVILLE METRO POLICE DEPT,Accepted,JEFFERSON,KY0146,,LA GRANGE,RD,,,SPRINGS STATION,,,,,38.292699896,-85.509594408,7.851,11/4/2021 12:00:00 AM,0834,2,2,0,0,CLEAR,DRY,False,OTHER INTERSECTION COLLISIONS,REAR END,STRAIGHT & LEVEL,DAYLIGHT,,,11/9/2021 8:28:20 AM,False,7628,Accepted,
29237521,0568000,LOUISVILLE METRO POLICE DEPT,Accepted,JEFFERSON,KY1865,,TAYLOR,BLVD,,,MATHA,,,,,38.181998433,-85.783653160,5.206,11/4/2021 12:00:00 AM,1026,1,1,0,0,CLEAR,DRY,False,COLLISION WITH FIXED OBJECT IN INTERSECTION - FIRST EVENT COLLISION 09 - 32,SINGLE VEHICLE,STRAIGHT & LEVEL,DAYLIGHT,,,11/9/2021 8:29:47 AM,False,5123,Accepted,
29198148,0568000,LOUISVILLE METRO POLICE DEPT,Accepted,JEFFERSON,I 0264,,I264 E,,,,,,,,,38.224497145,-85.644042610,17.417,11/4/2021 12:00:00 AM,1540,2,1,0,1,CLEAR,DRY,False,1 VEHICLE ENTERING/LEAVING ENTRANCE,ANGLE,STRAIGHT & LEVEL,DAYLIGHT,,,11/8/2021 10:04:15 AM,True,8278,Accepted,
29271366,0568000,LOUISVILLE METRO POLICE DEPT,Accepted,JEFFERSON,KY1865,5462,NEW CUT,RD,,,,,,,,38.146155381,-85.775356447,2.692,11/3/2021 12:00:00 AM,1450,2,2,0,0,CLEAR,DRY,False,OTHER ROADWAY OR MID-BLOCK COLLISION,OPPOSING LEFT TURN,STRAIGHT & LEVEL,DAYLIGHT,,,11/10/2021 8:02:01 AM,False,5400,Accepted,
29237530,0568000,LOUISVILLE METRO POLICE DEPT,Accepted,JEFFERSON,KY2054,,ALGONQUIN,PKWY,,US0031W,22ND,,,,,38.223328263,-85.795077158,1.502,11/3/2021 12:00:00 AM,2028,2,2,0,2,CLEAR,DRY,False,ANGLE COLLISION - OTHER,ANGLE,STRAIGHT & LEVEL,DARK-HWY LIGHTED/ON,,,11/9/2021 8:29:56 AM,False,5039,Accepted,
29182824,0568000,LOUISVILLE METRO POLICE DEPT,Accepted,JEFFERSON,KY1865,,TAYLOR,BLVD,,,BLUEGRASS,,,,,38.179611400,-85.783337710,5.026,11/3/2021 12:00:00 AM,2113,3,3,0,0,CLEAR,DRY,False,OPPOSING LEFT TURN,OPPOSING LEFT TURN,STRAIGHT & LEVEL,DARK-HWY LIGHTED/ON,,,11/4/2021 8:28:23 AM,False,7040,Accepted,
29187008,0568000,LOUISVILLE METRO POLICE DEPT,Accepted,JEFFERSON,KY1727,,TERRY,RD,,,MORNING GLORY,,,,,38.135894917,-85.873430310,0.974,11/3/2021 12:00:00 AM,1614,2,2,0,0,CLEAR,DRY,False,OTHER INTERSECTION COLLISIONS,REAR END,STRAIGHT & LEVEL,DAYLIGHT,,,11/5/2021 8:18:22 AM,False,7144,Accepted,
29187019,0568000,LOUISVILLE METRO POLICE DEPT,Accepted,JEFFERSON,KY0061,,PRESTON,HWY,,,,,,,,38.192889591,-85.728520237,8.388,11/3/2021 12:00:00 AM,0913,2,2,0,1,CLEAR,DRY,False,1 VEHICLE ENTERING/LEAVING ENTRANCE,ANGLE,STRAIGHT & LEVEL,DAYLIGHT,,,11/5/2021 8:18:57 AM,False,4693,Accepted,
29187011,0568000,LOUISVILLE METRO POLICE DEPT,Accepted,JEFFERSON,I 0065,,,,,,,,,,,38.190964605,-85.728329448,0.243,11/3/2021 12:00:00 AM,0811,2,2,0,0,CLEAR,DRY,False,OTHER RAMP RELATED COLLISIONS NOT LISTED ABOVE,ANGLE,CURVE & GRADE,DAYLIGHT,I 0264,I 0065,11/5/2021 8:18:35 AM,False,7720,Accepted,
29187035,0568000,LOUISVILLE METRO POLICE DEPT,Accepted,JEFFERSON,,,GLIMMER,WAY,,,,,GLEAM,,CANDLELIGHT,38.131766325,-85.780448802,0.090,11/3/2021 12:00:00 AM,0006,3,3,0,1,CLEAR,DRY,False,1 VEHICLE PARKED POSITION (NOT PARKING LOT/DRIVEWAY),ANGLE,STRAIGHT & GRADE,DARK-HWY NOT LIGHTED,,,11/5/2021 8:20:02 AM,False,2308,Accepted,
29187043,0568000,LOUISVILLE METRO POLICE DEPT,Accepted,JEFFERSON,,217,ST CATHERINE,ST,W,,,,,,,38.237174645,-85.757545243,0.129,11/3/2021 12:00:00 AM,1539,2,2,0,0,CLEAR,DRY,True,COLLISION IN PARKING LOT,BACKING,,DAYLIGHT,,,11/5/2021 8:20:30 AM,False,7132,Accepted,
29182789,0568000,LOUISVILLE METRO POLICE DEPT,Accepted,JEFFERSON,US0031W,,DIXIE,HWY,,,FLOWERVALE,,,,,38.085354469,-85.879794347,6.940,11/3/2021 12:00:00 AM,1109,2,2,0,0,CLEAR,DRY,False,OTHER INTERSECTION COLLISIONS,REAR END,STRAIGHT & LEVEL,DAYLIGHT,,,11/4/2021 8:27:01 AM,False,2311,Accepted,
29182805,0568000,LOUISVILLE METRO POLICE DEPT,Accepted,JEFFERSON,I 0071,,I71 S,,,I 0071,I71 S EXIT35B ON RAMP FROM KY841 S,,,,,38.311408592,-85.589206076,8.618,11/3/2021 12:00:00 AM,1926,2,2,0,0,CLEAR,DRY,False,OTHER INTERSECTION COLLISIONS,REAR END,STRAIGHT & LEVEL,DARK-HWY LIGHTED/ON,,,11/4/2021 8:27:28 AM,False,7984,Accepted,
29182806,0568000,LOUISVILLE METRO POLICE DEPT,Accepted,JEFFERSON,,,SCHILLER,AVE,,,,,OAK,,RUFER,38.233571315,-85.730977716,0.439,11/3/2021 12:00:00 AM,1850,1,1,0,0,CLEAR,DRY,False,COLLISION IN PARKING LOT,SINGLE VEHICLE,STRAIGHT & LEVEL,DARK-HWY LIGHTED/ON,,,11/4/2021 8:27:34 AM,False,7527,Accepted,
29178203,0566900,LOUISVILLE AIRPORT POLICE,Accepted,JEFFERSON,,,STANDIFORD,LN,,,,,,,,38.180591397,-85.726680975,0.343,11/3/2021 12:00:00 AM,0345,1,1,0,0,CLEAR,DRY,False,COLLISION WITH FIXED OBJECT NON - INTERSECTION - FIRST EVENT COLLISION 09 - 32 EXCLUDING 16,SINGLE VEHICLE,STRAIGHT & LEVEL,DARK (UNKNOWN ROADWAY LIGHTING),,,11/3/2021 7:31:42 AM,False,5831,Accepted,
29178342,0568000,LOUISVILLE METRO POLICE DEPT,Accepted,JEFFERSON,I 0264,,I264 E,,,,,,,,,38.190836895,-85.718901663,12.662,11/3/2021 12:00:00 AM,0125,1,1,0,0,CLEAR,DRY,False,COLLISION WITH FIXED OBJECT NON - INTERSECTION - FIRST EVENT COLLISION 09 - 32 EXCLUDING 16,SINGLE VEHICLE,CURVE & HILLCREST,DARK-HWY LIGHTED/ON,,,11/3/2021 8:24:45 AM,False,5389,Accepted,
29178343,0568000,LOUISVILLE METRO POLICE DEPT,Accepted,JEFFERSON,KY1747,,FERN VALLEY,RD,,,HOLIDAY TOWERS,,,,,38.157550652,-85.714371674,0.989,11/3/2021 12:00:00 AM,0500,2,2,0,0,CLEAR,DRY,False,ANGLE COLLISION - ONE VEHICLE TURNING LEFT,ANGLE,STRAIGHT & LEVEL,DARK-HWY LIGHTED/ON,,,11/3/2021 8:24:56 AM,False,5342,Accepted,
29178351,0568000,LOUISVILLE METRO POLICE DEPT,Accepted,JEFFERSON,,,PENNSYLVANIA RUN,RD,,,BATES,,,,,38.118878670,-85.629781732,0.526,11/3/2021 12:00:00 AM,0452,1,1,0,1,CLOUDY,DRY,False,COLLISION WITH ANIMAL IN INTERSECTION,SINGLE VEHICLE,STRAIGHT & LEVEL,DARK-HWY NOT LIGHTED,,,11/3/2021 8:25:36 AM,False,5141,Accepted,
29182771,0568000,LOUISVILLE METRO POLICE DEPT,Accepted,JEFFERSON,KY0864,,FEGENBUSH,LN,,KY0864,BEULAH CHURCH,,,,,38.137648057,-85.613455459,4.251,11/3/2021 12:00:00 AM,0718,2,2,0,0,CLEAR,DRY,False,ANGLE COLLISION - OTHER,ANGLE,STRAIGHT & LEVEL,DAWN,,,11/4/2021 8:26:21 AM,False,7474,Accepted,
29182772,0568000,LOUISVILLE METRO POLICE DEPT,Accepted,JEFFERSON,US0031E,,MARKET,ST,E,,SHELBY,,,,,38.253198317,-85.738150221,16.943,11/3/2021 12:00:00 AM,1345,2,1,0,1,CLEAR,DRY,True,COLLISION WITH PEDESTRIAN IN INTERSECTION,SINGLE VEHICLE,STRAIGHT & LEVEL,DAYLIGHT,,,11/4/2021 8:26:25 AM,False,6360,Accepted,
29182758,0568000,LOUISVILLE METRO POLICE DEPT,Accepted,JEFFERSON,I 0065,,I65 S,,,,,,,,,38.251504012,-85.748828469,135.747,11/3/2021 12:00:00 AM,0719,2,2,0,0,CLEAR,DRY,False,OTHER ROADWAY OR MID-BLOCK COLLISION,REAR END,CURVE & LEVEL,DAYLIGHT,,,11/4/2021 8:25:07 AM,False,4903,Accepted,
29182766,0568000,LOUISVILLE METRO POLICE DEPT,Accepted,JEFFERSON,KY1703,,NEWBURG,RD,,,MEADOWCREEK,,,,,38.198915831,-85.683486285,1.887,11/3/2021 12:00:00 AM,1142,2,2,0,0,CLEAR,DRY,True,OTHER INTERSECTION COLLISIONS,REAR END,STRAIGHT & LEVEL,DAYLIGHT,,,11/4/2021 8:26:02 AM,False,5203,Accepted,
29182783,0568000,LOUISVILLE METRO POLICE DEPT,Accepted,JEFFERSON,I 0065,,,,,,,,,,,38.178243255,-85.720931377,0.261,11/3/2021 12:00:00 AM,0907,4,4,0,0,CLEAR,DRY,False,OTHER RAMP RELATED COLLISIONS NOT LISTED ABOVE,SIDESWIPE-SAME DIRECTION,STRAIGHT & LEVEL,DAYLIGHT,I 0065,GRADE LN,11/4/2021 8:26:50 AM,False,5395,Accepted,