IncidentID,AgencyORI,AgencyName,IncidentStatusDesc,County,RdwyNumber,Street,RoadwayName,StreetSfx,StreetDir,IntersectionRdwy,IntersectionRdwyName,BetweenStRdwy1,BetweenStRdwyName1,BetweenStRdwy2,BetweenStRdwyName2,Latitude,Longitude,Milepoint,CollisionDate,CollisionTime,UnitsInvolved,MotorVehiclesInvolved,NumberKilled,NumberInjured,Weather,RdwyConditionCode,HitandRun,DirAnalysisCode,MannerofCollision,RdwyCharacter,LightCondition,RampFromRdwyId,RampToRdwyId,AcceptedDate,IsSecondaryCollision,OwnerBadge,IncidentStatus,
29182821,0568000,LOUISVILLE METRO POLICE DEPT,Accepted,JEFFERSON,KY1865,,NEW CUT,RD,,KY1065,OUTER,,,,,38.126404320,-85.776200089,1.260,11/3/2021 12:00:00 AM,2125,2,2,0,1,CLEAR,DRY,False,ANGLE COLLISION - OTHER,ANGLE,STRAIGHT & LEVEL,DARK-HWY LIGHTED/OFF,,,11/4/2021 8:28:08 AM,False,5220,Accepted,
29187020,0568000,LOUISVILLE METRO POLICE DEPT,Accepted,JEFFERSON,KY0061,,PRESTON,HWY,,,,,,,,38.174776199,-85.712873612,6.869,11/3/2021 12:00:00 AM,1140,2,2,0,0,CLEAR,DRY,False,REAR END IN TRAFFIC LANES BOTH VEHICLES MOVING,REAR END,STRAIGHT & LEVEL,DAYLIGHT,,,11/5/2021 8:19:02 AM,False,4693,Accepted,
29187021,0568000,LOUISVILLE METRO POLICE DEPT,Accepted,JEFFERSON,KY0061,,PRESTON,HWY,,,,,,,,38.174775206,-85.712873348,6.893,11/3/2021 12:00:00 AM,1213,2,2,0,0,CLEAR,DRY,False,REAR END IN TRAFFIC LANES BOTH VEHICLES MOVING,REAR END,STRAIGHT & LEVEL,DAYLIGHT,,,11/5/2021 8:19:06 AM,False,4693,Accepted,
29187029,0568000,LOUISVILLE METRO POLICE DEPT,Accepted,JEFFERSON,KY1934,,CANE RUN,RD,,,DARLENE,,,,,38.214193320,-85.819265954,10.608,11/3/2021 12:00:00 AM,1650,2,2,0,0,CLEAR,DRY,False,OTHER INTERSECTION COLLISIONS,REAR END,STRAIGHT & LEVEL,DAYLIGHT,,,11/5/2021 8:19:40 AM,False,7656,Accepted,
29187006,0568000,LOUISVILLE METRO POLICE DEPT,Accepted,JEFFERSON,KY0841,,GENE SNYDER,FWY,,,,,,,,38.097944530,-85.827208804,2.875,11/3/2021 12:00:00 AM,2100,1,1,0,1,CLEAR,DRY,False,COLLISION WITH FIXED OBJECT NON - INTERSECTION - FIRST EVENT COLLISION 09 - 32 EXCLUDING 16,SINGLE VEHICLE,STRAIGHT & LEVEL,DARK-HWY NOT LIGHTED,,,11/5/2021 8:18:14 AM,False,7496,Accepted,
29182779,0568000,LOUISVILLE METRO POLICE DEPT,Accepted,JEFFERSON,KY0061,,PRESTON,HWY,,,INDIAN,,,,,38.168643335,-85.706355672,6.325,11/3/2021 12:00:00 AM,0928,2,2,0,1,CLEAR,DRY,False,ANGLE COLLISION - OTHER,ANGLE,STRAIGHT & LEVEL,DAYLIGHT,,,11/4/2021 8:26:43 AM,False,5395,Accepted,
29182787,0568000,LOUISVILLE METRO POLICE DEPT,Accepted,JEFFERSON,KY1819,,BILLTOWN,RD,,,,,SHALLOW ROCK,,SHAFFER,38.152400349,-85.555122260,5.863,11/3/2021 12:00:00 AM,1608,2,2,0,2,CLEAR,DRY,False,OTHER ROADWAY OR MID-BLOCK COLLISION,REAR END,STRAIGHT & LEVEL,DAYLIGHT,,,11/4/2021 8:26:57 AM,False,2324,Accepted,
29182793,0568000,LOUISVILLE METRO POLICE DEPT,Accepted,JEFFERSON,,,16TH,ST,S,US0031W,MARKET,,,,,38.257494245,-85.776599699,0.091,11/3/2021 12:00:00 AM,1546,2,2,0,0,CLEAR,DRY,False,ANGLE COLLISION - OTHER,ANGLE,STRAIGHT & LEVEL,DAYLIGHT,,,11/4/2021 8:27:05 AM,False,7805,Accepted,
29178341,0568000,LOUISVILLE METRO POLICE DEPT,Accepted,JEFFERSON,,2601,BROADWAY,,W,,,,,,,38.249498792,-85.795012631,0.356,11/3/2021 12:00:00 AM,0144,2,1,0,0,CLEAR,DRY,True,COLLISION IN PARKING LOT,SINGLE VEHICLE,STRAIGHT & LEVEL,DARK-HWY LIGHTED/ON,,,11/3/2021 8:24:41 AM,False,5181,Accepted,
29182769,0568000,LOUISVILLE METRO POLICE DEPT,Accepted,JEFFERSON,KY1747,,HURSTBOURNE,PKWY,N,,SPRINGHURST,,,,,38.303954664,-85.575998102,18.295,11/3/2021 12:00:00 AM,1349,2,2,0,0,CLOUDY,DRY,False,SIDESWIPE-SAME DIRECTION,SIDESWIPE-SAME DIRECTION,STRAIGHT & LEVEL,DAYLIGHT,,,11/4/2021 8:26:14 AM,False,7876,Accepted,
29182775,0568000,LOUISVILLE METRO POLICE DEPT,Accepted,JEFFERSON,KY1934,,CANE RUN,RD,,KY2051,LEES,,,,,38.183879644,-85.855334457,7.724,11/3/2021 12:00:00 AM,1426,2,2,0,0,CLEAR,DRY,False,OPPOSING LEFT TURN,OPPOSING LEFT TURN,STRAIGHT & LEVEL,DAYLIGHT,,,11/4/2021 8:26:37 AM,False,7817,Accepted,
29182803,0568000,LOUISVILLE METRO POLICE DEPT,Accepted,JEFFERSON,KY2055,,MT HOLLY,RD,,,,,,,,38.102446847,-85.754756123,1.015,11/3/2021 12:00:00 AM,1630,1,1,0,0,CLEAR,DRY,True,OTHER ROADWAY OR MID-BLOCK COLLISION,SINGLE VEHICLE,STRAIGHT & LEVEL,DAYLIGHT,,,11/4/2021 8:27:18 AM,False,7331,Accepted,
29182820,0568000,LOUISVILLE METRO POLICE DEPT,Accepted,JEFFERSON,,1137,SCHILLER,AVE,,,,,,,,38.233423064,-85.730956191,0.449,11/3/2021 12:00:00 AM,1926,1,1,0,0,CLEAR,DRY,False,COLLISION IN PARKING LOT,SINGLE VEHICLE,STRAIGHT & LEVEL,DARK (UNKNOWN ROADWAY LIGHTING),,,11/4/2021 8:28:03 AM,False,5050,Accepted,
29182761,0568000,LOUISVILLE METRO POLICE DEPT,Accepted,JEFFERSON,,,PARK,RD,S,,WHITEOAK PARK,,,,,38.116585980,-85.691655017,0.815,11/3/2021 12:00:00 AM,0831,2,2,0,0,CLEAR,DRY,False,OTHER INTERSECTION COLLISIONS,REAR END,STRAIGHT & LEVEL,DAWN,,,11/4/2021 8:25:35 AM,False,7269,Accepted,
29195947,0568000,LOUISVILLE METRO POLICE DEPT,Accepted,JEFFERSON,KY0061,,PRESTON,HWY,,,HESS,,,,,38.204942643,-85.736252809,9.334,11/3/2021 12:00:00 AM,0910,2,2,0,0,CLEAR,DRY,False,OTHER INTERSECTION COLLISIONS,REAR END,STRAIGHT & LEVEL,DAYLIGHT,,,11/8/2021 7:29:17 AM,False,7619,Accepted,
29195948,0568000,LOUISVILLE METRO POLICE DEPT,Accepted,JEFFERSON,I 0065,,I65 N,,,,,I 0065,I65 N EXIT135 ON RAMP FROM  E SAINT CATHERINE ST,I 0065,I65 N EXIT136A OFF RAMP TO  S BROOK ST,38.241941378,-85.752768365,134.997,11/3/2021 12:00:00 AM,1349,2,2,0,0,CLEAR,DRY,False,OTHER ROADWAY OR MID-BLOCK COLLISION,REAR END,STRAIGHT & LEVEL,DAYLIGHT,,,11/8/2021 7:29:21 AM,False,7619,Accepted,
29195978,0568000,LOUISVILLE METRO POLICE DEPT,Accepted,JEFFERSON,I 0064,,I64 E,,,I 0064,I64 E EXIT3 OFF RAMP TO US31W,,,,,38.271310851,-85.783386440,2.618,11/3/2021 12:00:00 AM,0158,2,2,0,0,CLEAR,DRY,False,COLLISION WITH PARKED VEHICLE,ANGLE,STRAIGHT & LEVEL,DARK-HWY LIGHTED/ON,,,11/8/2021 7:30:51 AM,False,2103,Accepted,
29197842,0568000,LOUISVILLE METRO POLICE DEPT,Accepted,JEFFERSON,KY1020,,3RD,ST,S,,MAGNOLIA,,,,,38.228982655,-85.759713095,10.911,11/3/2021 12:00:00 AM,1506,2,1,0,0,CLEAR,DRY,False,COLLISION WITH PARKED VEHICLE,SIDESWIPE-SAME DIRECTION,STRAIGHT & LEVEL,DAYLIGHT,,,11/8/2021 9:56:26 AM,False,7132,Accepted,
29303298,0568000,LOUISVILLE METRO POLICE DEPT,Accepted,JEFFERSON,I 0064,,I64 E,,,,,,,,,38.271531378,-85.783591716,2.598,11/3/2021 12:00:00 AM,0047,2,1,1,0,CLEAR,DRY,False,COLLISION WITH PEDESTRIAN NON - INTERSECTION,SINGLE VEHICLE,STRAIGHT & LEVEL,DARK-HWY LIGHTED/OFF,,,11/12/2021 7:33:19 AM,False,2217,Accepted,
29312681,0568000,LOUISVILLE METRO POLICE DEPT,Accepted,JEFFERSON,,,LIBERTY,ST,W,,,,,,,38.252634656,-85.753019177,0.834,11/3/2021 12:00:00 AM,1231,2,2,0,0,CLOUDY,DRY,True,1 VEHICLE ENTERING/LEAVING ENTRANCE,ANGLE,STRAIGHT & LEVEL,DAYLIGHT,,,11/15/2021 8:23:03 AM,False,7216,Accepted,
29271368,0568000,LOUISVILLE METRO POLICE DEPT,Accepted,JEFFERSON,,,KENWOOD,DR,W,,,,,,,38.161617051,-85.779050522,0.007,11/3/2021 12:00:00 AM,1804,1,1,0,1,CLEAR,DRY,False,OTHER ROADWAY OR MID-BLOCK COLLISION,SINGLE VEHICLE,STRAIGHT & LEVEL,DAYLIGHT,,,11/10/2021 8:02:09 AM,False,5400,Accepted,
29326227,0568000,LOUISVILLE METRO POLICE DEPT,Accepted,JEFFERSON,I 0065,,I65 N,,,I 0065,I65 N EXIT134A OFF RAMP TO KY61,,,,,38.226523161,-85.751505875,133.906,11/3/2021 12:00:00 AM,0734,3,3,0,0,CLEAR,DRY,False,OTHER INTERSECTION COLLISIONS,REAR END,STRAIGHT & LEVEL,DARK-HWY LIGHTED/ON,,,11/18/2021 8:20:09 AM,False,7132,Accepted,
29312717,0568000,LOUISVILLE METRO POLICE DEPT,Accepted,JEFFERSON,,5020,NORTON HEALTHCARE,BLVD,,,,,,,,38.314620884,-85.573637684,,11/3/2021 12:00:00 AM,1650,2,1,0,0,CLEAR,DRY,True,COLLISION IN PARKING LOT,SINGLE VEHICLE,STRAIGHT & LEVEL,DAYLIGHT,,,11/15/2021 8:25:17 AM,False,7615,Accepted,
29196012,0568000,LOUISVILLE METRO POLICE DEPT,Accepted,JEFFERSON,KY1865,,TAYLOR,BLVD,,I 0264,I264 E EXIT9 OFF RAMP TO KY1865 S,,,,,38.186654917,-85.783788048,5.531,11/2/2021 12:00:00 AM,2020,3,3,0,0,CLEAR,DRY,False,ANGLE COLLISION - OTHER,ANGLE,STRAIGHT & LEVEL,DARK-HWY LIGHTED/ON,,,11/8/2021 7:33:08 AM,False,5365,Accepted,
29196020,0568000,LOUISVILLE METRO POLICE DEPT,Accepted,JEFFERSON,KY1020,,NATIONAL,TPKE,,,RECOVERY,,,,,38.143646663,-85.756341539,4.873,11/2/2021 12:00:00 AM,2105,2,1,0,1,CLEAR,DRY,False,COLLISION WITH BICYCLE IN INTERSECTION,SINGLE VEHICLE,STRAIGHT & LEVEL,DUSK,,,11/8/2021 7:33:42 AM,False,5266,Accepted,
29189887,0560400,SHIVELY POLICE DEPARTMENT,Accepted,JEFFERSON,KY1934,,CANE RUN,RD,,KY2049,CRUMS,,,,,38.199287620,-85.837323421,9.184,11/2/2021 12:00:00 AM,2124,2,2,0,0,CLEAR,DRY,False,OPPOSING LEFT TURN,OPPOSING LEFT TURN,STRAIGHT & LEVEL,DARK-HWY LIGHTED/ON,,,11/5/2021 11:05:27 PM,False,7128,Accepted,
29195946,0568000,LOUISVILLE METRO POLICE DEPT,Accepted,JEFFERSON,KY0061,,JACKSON,ST,S,,ROSELANE,,,,,38.242655732,-85.746030163,12.115,11/2/2021 12:00:00 AM,0953,2,2,0,0,CLEAR,DRY,False,ANGLE COLLISION - OTHER,ANGLE,STRAIGHT & LEVEL,DAYLIGHT,,,11/8/2021 7:29:10 AM,False,7619,Accepted,
29195945,0568000,LOUISVILLE METRO POLICE DEPT,Accepted,JEFFERSON,,,OAK,ST,W,,,,6TH,,GARVIN,38.235254374,-85.762700248,0.403,11/2/2021 12:00:00 AM,0843,2,2,0,0,CLEAR,DRY,False,SIDESWIPE COLLISION - SAME DIRECTION,SIDESWIPE-SAME DIRECTION,STRAIGHT & LEVEL,DAYLIGHT,,,11/8/2021 7:29:06 AM,False,7619,Accepted,
29188369,0560000,JEFFERSON COUNTY SHERIFF DEPT.,Accepted,JEFFERSON,KY1065,3521,OUTER,LOOP,,,,,,,,38.127269708,-85.792587734,,11/2/2021 12:00:00 AM,1927,2,2,0,1,CLOUDY,DRY,True,OTHER ROADWAY OR MID-BLOCK COLLISION,OPPOSING LEFT TURN,STRAIGHT & LEVEL,DARK (UNKNOWN ROADWAY LIGHTING),,,11/5/2021 2:22:51 PM,False,4062,Accepted,
29182760,0568000,LOUISVILLE METRO POLICE DEPT,Accepted,JEFFERSON,KY1447,,WESTPORT,RD,,,KRISTEN MARIE,,,,,38.299731084,-85.540416493,7.112,11/2/2021 12:00:00 AM,1800,2,2,0,5,CLOUDY,DRY,True,OTHER INTERSECTION COLLISIONS,REAR END,STRAIGHT & GRADE,DUSK,,,11/4/2021 8:25:25 AM,False,2346,Accepted,
29178331,0568000,LOUISVILLE METRO POLICE DEPT,Accepted,JEFFERSON,US0031E,,BARDSTOWN,RD,,,MANCHESTER,,,,,38.215557969,-85.674701218,12.376,11/2/2021 12:00:00 AM,0900,2,2,0,0,CLEAR,DRY,False,ANGLE COLLISION - ONE VEHICLE TURNING LEFT,ANGLE,STRAIGHT & LEVEL,DAYLIGHT,,,11/3/2021 8:23:33 AM,False,6813,Accepted,
29178338,0568000,LOUISVILLE METRO POLICE DEPT,Accepted,JEFFERSON,US0031E,,BARDSTOWN,RD,,,,,HUDSON,,ST GABRIEL,38.165764246,-85.600149975,6.894,11/2/2021 12:00:00 AM,0350,2,2,0,0,RAINING,WET,False,REAR END IN TRAFFIC LANES BOTH VEHICLES MOVING,REAR END,STRAIGHT & LEVEL,DARK-HWY LIGHTED/ON,,,11/3/2021 8:24:28 AM,False,2775,Accepted,
29178339,0568000,LOUISVILLE METRO POLICE DEPT,Accepted,JEFFERSON,KY1865,,TAYLOR,BLVD,,,,I 0264,I264 E EXIT9 ON RAMP FROM KY1865 S,,ASHLAND,38.187558159,-85.783641858,5.582,11/2/2021 12:00:00 AM,2104,2,2,0,0,CLEAR,DRY,False,SIDESWIPE COLLISION - SAME DIRECTION,SIDESWIPE-SAME DIRECTION,STRAIGHT & LEVEL,DARK-HWY LIGHTED/ON,,,11/3/2021 8:24:32 AM,False,5387,Accepted,
29178306,0568000,LOUISVILLE METRO POLICE DEPT,Accepted,JEFFERSON,KY0864,,SHELBY,ST,S,,KENTUCKY,,,,,38.236936767,-85.740840392,14.950,11/2/2021 12:00:00 AM,0830,2,2,0,0,CLEAR,DRY,False,SIDESWIPE-SAME DIRECTION,SIDESWIPE-SAME DIRECTION,STRAIGHT & LEVEL,DAYLIGHT,,,11/3/2021 8:21:35 AM,False,5120,Accepted,
29178307,0568000,LOUISVILLE METRO POLICE DEPT,Accepted,JEFFERSON,US0150,,BROADWAY,,E,KY0864,CAMPBELL,,,,,38.244567155,-85.737473020,3.513,11/2/2021 12:00:00 AM,0915,2,2,0,0,CLEAR,DRY,False,ANGLE COLLISION - OTHER,ANGLE,STRAIGHT & LEVEL,DAYLIGHT,,,11/3/2021 8:21:43 AM,False,7862,Accepted,
29178325,0568000,LOUISVILLE METRO POLICE DEPT,Accepted,JEFFERSON,KY1934,,CANE RUN,RD,,,,,ROCKAWAY,,BRIDWELL,38.180262919,-85.859067186,7.401,11/2/2021 12:00:00 AM,1541,2,2,0,0,CLEAR,DRY,False,REAR END IN TRAFFIC LANES BOTH VEHICLES MOVING,REAR END,STRAIGHT & LEVEL,DAYLIGHT,,,11/3/2021 8:23:08 AM,False,2457,Accepted,
29178313,0568000,LOUISVILLE METRO POLICE DEPT,Accepted,JEFFERSON,US0031E,,BARDSTOWN,RD,,,CHEROKEE,,,,,38.234496389,-85.713836053,14.943,11/2/2021 12:00:00 AM,0914,1,1,0,1,CLOUDY,DRY,False,COLLISION WITH FIXED OBJECT IN INTERSECTION - FIRST EVENT COLLISION 09 - 32,SINGLE VEHICLE,STRAIGHT & LEVEL,DAYLIGHT,,,11/3/2021 8:22:06 AM,False,5020,Accepted,
29161545,0568000,LOUISVILLE METRO POLICE DEPT,Accepted,JEFFERSON,,,6TH,ST,S,,MAGNOLIA,,,,,38.229290540,-85.764726163,1.908,11/2/2021 12:00:00 AM,0244,2,2,0,4,CLEAR,DRY,False,COLLISION WITH PARKED VEHICLE,HEAD ON,STRAIGHT & LEVEL,DARK-HWY LIGHTED/ON,,,11/2/2021 8:43:21 AM,False,5267,Accepted,
29178332,0568000,LOUISVILLE METRO POLICE DEPT,Accepted,JEFFERSON,US0031W,,DIXIE,HWY,,,PAGES,,,,,38.130220858,-85.847910489,10.495,11/2/2021 12:00:00 AM,1527,2,2,0,0,CLEAR,DRY,False,ANGLE COLLISION - ONE VEHICLE TURNING LEFT,ANGLE,STRAIGHT & LEVEL,DAYLIGHT,,,11/3/2021 8:23:39 AM,False,7234,Accepted,
29178333,0568000,LOUISVILLE METRO POLICE DEPT,Accepted,JEFFERSON,,,OLD HAZELWOOD,AVE,,,HAZELWOOD,,,,,38.175425657,-85.792520908,,11/2/2021 12:00:00 AM,0846,1,1,0,0,CLOUDY,DRY,False,OTHER INTERSECTION COLLISIONS,SINGLE VEHICLE,CURVE & LEVEL,DAYLIGHT,,,11/3/2021 8:23:45 AM,False,5399,Accepted,
29178340,0568000,LOUISVILLE METRO POLICE DEPT,Accepted,JEFFERSON,KY0022,9500,BROWNSBORO,RD,,,,,,,,38.307928873,-85.574211620,3.975,11/2/2021 12:00:00 AM,2017,2,2,0,0,CLEAR,DRY,False,REAR END IN TRAFFIC LANES BOTH VEHICLES MOVING,REAR END,STRAIGHT & LEVEL,DARK-HWY LIGHTED/ON,,,11/3/2021 8:24:37 AM,False,5004,Accepted,
29178349,0568000,LOUISVILLE METRO POLICE DEPT,Accepted,JEFFERSON,,,INDIAN,TRL,E,KY0864,POPLAR LEVEL,,,,,38.171499036,-85.685044719,1.218,11/2/2021 12:00:00 AM,1935,4,4,0,0,CLEAR,DRY,False,SIDESWIPE-SAME DIRECTION,SIDESWIPE-SAME DIRECTION,STRAIGHT & LEVEL,DARK-HWY LIGHTED/ON,,,11/3/2021 8:25:28 AM,False,5269,Accepted,
29180269,0560300,ST. MATTHEWS POLICE DEPARTMENT,Accepted,JEFFERSON,US0060,5000,SHELBYVILLE,RD,,,,,,,,38.250332334,-85.623303212,5.319,11/2/2021 12:00:00 AM,1935,2,2,0,0,CLEAR,DRY,False,OTHER ROADWAY OR MID-BLOCK COLLISION,REAR TO REAR,STRAIGHT & LEVEL,DARK-HWY LIGHTED/ON,,,11/3/2021 3:34:48 PM,False,9171,Accepted,
29187031,0568000,LOUISVILLE METRO POLICE DEPT,Accepted,JEFFERSON,,,4TH,ST,S,,HILL,,,,,38.225976346,-85.761926843,2.131,11/2/2021 12:00:00 AM,0106,4,4,0,0,CLEAR,DRY,True,COLLISION WITH FIXED OBJECT IN INTERSECTION - FIRST EVENT COLLISION 09 - 32,,,DARK (UNKNOWN ROADWAY LIGHTING),,,11/5/2021 8:19:49 AM,False,5213,Accepted,
29303296,0568000,LOUISVILLE METRO POLICE DEPT,Accepted,JEFFERSON,,2223,MADISON,ST,W,,,,,,,38.253539878,-85.788983180,0.900,11/2/2021 12:00:00 AM,0124,4,3,1,0,CLEAR,DRY,True,1 VEHICLE PARKED POSITION (NOT PARKING LOT/DRIVEWAY),HEAD ON,STRAIGHT & LEVEL,DARK-HWY LIGHTED/ON,,,11/12/2021 7:33:15 AM,False,2217,Accepted,
29178337,0568000,LOUISVILLE METRO POLICE DEPT,Accepted,JEFFERSON,US0031E,,MAIN,ST,W,US0031W,2ND,,,,,38.256264875,-85.753229092,17.883,11/2/2021 12:00:00 AM,2000,2,2,0,0,CLEAR,DRY,False,ANGLE COLLISION - OTHER,ANGLE,STRAIGHT & LEVEL,DARK-HWY LIGHTED/ON,,,11/3/2021 8:24:23 AM,False,5341,Accepted,
29178344,0568000,LOUISVILLE METRO POLICE DEPT,Accepted,JEFFERSON,,611,BLUEGRASS,AVE,,,,,SOUTHERN,,6TH,38.179019562,-85.772013957,1.464,11/2/2021 12:00:00 AM,2155,2,2,0,0,CLEAR,DRY,False,1 VEHICLE PARKED POSITION (NOT PARKING LOT/DRIVEWAY),REAR END,STRAIGHT & LEVEL,DARK-HWY NOT LIGHTED,,,11/3/2021 8:25:06 AM,False,5372,Accepted,
29178353,0568000,LOUISVILLE METRO POLICE DEPT,Accepted,JEFFERSON,KY0864,,GOSS,AVE,,,TEXAS,,,,,38.225943332,-85.733327001,13.933,11/2/2021 12:00:00 AM,2346,2,2,0,1,CLEAR,DRY,True,ANGLE COLLISION - OTHER,ANGLE,STRAIGHT & HILLCREST,DARK-HWY LIGHTED/ON,,,11/3/2021 8:25:42 AM,False,5371,Accepted,
29178354,0568000,LOUISVILLE METRO POLICE DEPT,Accepted,JEFFERSON,US0031,,CLARK MEMORIAL,BRG,,,,,,,,38.266122444,-85.751078918,0.692,11/2/2021 12:00:00 AM,1941,4,4,0,0,CLEAR,DRY,False,REAR END IN TRAFFIC LANES BOTH VEHICLES MOVING,REAR END,STRAIGHT & LEVEL,DARK-HWY LIGHTED/ON,,,11/3/2021 8:25:46 AM,False,5351,Accepted,
29178321,0568000,LOUISVILLE METRO POLICE DEPT,Accepted,JEFFERSON,,,WILSON,AVE,,,CATALPA,,,,,38.231674831,-85.802372461,1.549,11/2/2021 12:00:00 AM,1610,2,2,0,1,CLEAR,DRY,False,ANGLE COLLISION - OTHER,ANGLE,STRAIGHT & LEVEL,DAYLIGHT,,,11/3/2021 8:22:56 AM,False,5232,Accepted,
29178334,0568000,LOUISVILLE METRO POLICE DEPT,Accepted,JEFFERSON,US0031,,CLARK MEMORIAL,BRG,,,,,,,,38.264973687,-85.751364244,0.612,11/2/2021 12:00:00 AM,1750,2,2,0,0,CLOUDY,DRY,False,REAR END IN TRAFFIC LANES BOTH VEHICLES MOVING,REAR END,STRAIGHT & LEVEL,DAYLIGHT,,,11/3/2021 8:23:57 AM,False,7904,Accepted,
29178318,0568000,LOUISVILLE METRO POLICE DEPT,Accepted,JEFFERSON,KY1447,,WESTPORT,RD,,,,,,,,38.292818498,-85.561315422,5.899,11/2/2021 12:00:00 AM,1507,2,2,0,0,CLEAR,DRY,False,1 VEHICLE ENTERING/LEAVING ENTRANCE,ANGLE,STRAIGHT & LEVEL,DAYLIGHT,,,11/3/2021 8:22:45 AM,False,7316,Accepted,
29178326,0568000,LOUISVILLE METRO POLICE DEPT,Accepted,JEFFERSON,,,HANCOCK,ST,S,US0150,BROADWAY,,,,,38.245534662,-85.743556614,0.609,11/2/2021 12:00:00 AM,1631,2,2,0,0,CLEAR,DRY,False,OPPOSING LEFT TURN,OPPOSING LEFT TURN,STRAIGHT & LEVEL,DAYLIGHT,,,11/3/2021 8:23:12 AM,False,5367,Accepted,
29175279,0568000,LOUISVILLE METRO POLICE DEPT,Accepted,JEFFERSON,KY0907,7916,3RD ST,RD,,,,,,,,38.129707619,-85.793129659,4.832,11/2/2021 12:00:00 AM,0001,1,1,0,0,CLEAR,DRY,True,OTHER COLLISIONS ON SHOULDER,SINGLE VEHICLE,STRAIGHT & HILLCREST,DARK-HWY LIGHTED/OFF,,,11/2/2021 8:42:56 AM,False,7362,Accepted,
29178302,0568000,LOUISVILLE METRO POLICE DEPT,Accepted,JEFFERSON,I 0265,,I265 N,,,,,,,,,38.309377506,-85.571885721,34.056,11/2/2021 12:00:00 AM,0740,2,2,0,1,CLOUDY,DRY,False,SIDESWIPE COLLISION - SAME DIRECTION,SIDESWIPE-SAME DIRECTION,STRAIGHT & LEVEL,DUSK,,,11/3/2021 8:21:13 AM,False,2346,Accepted,
29178319,0568000,LOUISVILLE METRO POLICE DEPT,Accepted,JEFFERSON,KY0155,,TAYLORSVILLE,RD,,,,,OLD HEADY,,TAXUS,38.185964603,-85.536722821,7.627,11/2/2021 12:00:00 AM,1709,2,2,0,0,CLEAR,DRY,False,REAR END IN TRAFFIC LANES BOTH VEHICLES MOVING,REAR END,STRAIGHT & GRADE,DAYLIGHT,,,11/3/2021 8:22:49 AM,False,2321,Accepted,
29187010,0568000,LOUISVILLE METRO POLICE DEPT,Accepted,JEFFERSON,I 0064,,I64 E,,,,,,,,,38.218289218,-85.424896413,23.301,11/2/2021 12:00:00 AM,0824,1,1,0,0,CLOUDY,DRY,False,COLLISION WITH ANIMAL NON INTERSECTION,SINGLE VEHICLE,STRAIGHT & GRADE,DAYLIGHT,,,11/5/2021 8:18:32 AM,False,7720,Accepted,
29195993,0568000,LOUISVILLE METRO POLICE DEPT,Accepted,JEFFERSON,US0060A,,LEXINGTON,RD,,,,,GARDEN,,CHERRY,38.248708528,-85.679998682,9.258,11/2/2021 12:00:00 AM,0823,2,2,0,0,CLEAR,DRY,False,REAR END IN TRAFFIC LANES BOTH VEHICLES MOVING,REAR END,STRAIGHT & LEVEL,DAYLIGHT,,,11/8/2021 7:31:50 AM,False,7632,Accepted,
29195999,0568000,LOUISVILLE METRO POLICE DEPT,Accepted,JEFFERSON,KY2251,,BARDSTOWN,RD,,,BUECHEL,,,,,38.191512998,-85.645863327,0.116,11/1/2021 12:00:00 AM,1808,2,2,0,0,CLEAR,DRY,False,REAR END - ONE VEHICLE TURNING LEFT,REAR END,STRAIGHT & LEVEL,DAYLIGHT,,,11/8/2021 7:32:16 AM,False,7200,Accepted,
29303255,0568000,LOUISVILLE METRO POLICE DEPT,Accepted,JEFFERSON,KY1020,,NATIONAL,TPKE,,,GLENGARRY,,,,,38.123550205,-85.748378379,3.442,11/1/2021 12:00:00 AM,1100,2,2,0,0,CLEAR,DRY,False,ANGLE COLLISION - OTHER,ANGLE,STRAIGHT & LEVEL,DAYLIGHT,,,11/12/2021 7:30:52 AM,False,7263,Accepted,
29182773,0568000,LOUISVILLE METRO POLICE DEPT,Accepted,JEFFERSON,KY1747,,FERN VALLEY,RD,,,FERN VALLEY,,,,,38.156344224,-85.665212945,3.679,11/1/2021 12:00:00 AM,1710,2,2,0,0,CLEAR,DRY,False,ANGLE COLLISION - OTHER,ANGLE,STRAIGHT & LEVEL,DAYLIGHT,,,11/4/2021 8:26:32 AM,False,2547,Accepted,
29178336,0568000,LOUISVILLE METRO POLICE DEPT,Accepted,JEFFERSON,KY1020,,2ND,ST,S,,GUTHRIE,,,,,38.249735277,-85.754515344,12.359,11/1/2021 12:00:00 AM,1948,2,2,0,0,CLEAR,DRY,False,OTHER INTERSECTION COLLISIONS,REAR END,STRAIGHT & LEVEL,DARK-HWY LIGHTED/ON,,,11/3/2021 8:24:15 AM,False,5295,Accepted,
29178320,0568000,LOUISVILLE METRO POLICE DEPT,Accepted,JEFFERSON,,,41ST,ST,S,,MARKET,,,,,38.262717882,-85.816085350,1.871,11/1/2021 12:00:00 AM,1214,2,1,0,1,CLEAR,DRY,False,COLLISION WITH PEDESTRIAN IN INTERSECTION,SINGLE VEHICLE,STRAIGHT & LEVEL,DAYLIGHT,,,11/3/2021 8:22:52 AM,False,5129,Accepted,