IncidentID,AgencyORI,AgencyName,IncidentStatusDesc,County,RdwyNumber,Street,RoadwayName,StreetSfx,StreetDir,IntersectionRdwy,IntersectionRdwyName,BetweenStRdwy1,BetweenStRdwyName1,BetweenStRdwy2,BetweenStRdwyName2,Latitude,Longitude,Milepoint,CollisionDate,CollisionTime,UnitsInvolved,MotorVehiclesInvolved,NumberKilled,NumberInjured,Weather,RdwyConditionCode,HitandRun,DirAnalysisCode,MannerofCollision,RdwyCharacter,LightCondition,RampFromRdwyId,RampToRdwyId,AcceptedDate,IsSecondaryCollision,OwnerBadge,IncidentStatus,
29175252,0568000,LOUISVILLE METRO POLICE DEPT,Accepted,JEFFERSON,,,MURPHY,LN,,,HALIFAX,,,,,38.309891020,-85.538294445,0.625,11/1/2021 12:00:00 AM,1618,2,1,0,1,CLOUDY,DRY,False,COLLISION WITH PEDESTRIAN IN INTERSECTION,SINGLE VEHICLE,STRAIGHT & GRADE,DAYLIGHT,,,11/2/2021 8:40:00 AM,False,2346,Accepted,
29178327,0568000,LOUISVILLE METRO POLICE DEPT,Accepted,JEFFERSON,US0060A,,EASTERN,PKWY,,KY0061,PRESTON,,,,,38.214587032,-85.743113090,4.550,11/1/2021 12:00:00 AM,0320,3,3,0,3,CLEAR,DRY,False,ANGLE COLLISION - OTHER,ANGLE,STRAIGHT & LEVEL,DARK-HWY LIGHTED/ON,,,11/3/2021 8:23:16 AM,False,2142,Accepted,
29175237,0568000,LOUISVILLE METRO POLICE DEPT,Accepted,JEFFERSON,US0031E,,BARDSTOWN,RD,,,ALFRESCO,,,,,38.226414547,-85.697854362,13.821,11/1/2021 12:00:00 AM,1005,1,1,0,1,CLEAR,DRY,False,COLLISION WITH FIXED OBJECT IN INTERSECTION - FIRST EVENT COLLISION 09 - 32,SINGLE VEHICLE,STRAIGHT & GRADE,DAYLIGHT,,,11/2/2021 8:36:59 AM,False,2228,Accepted,
29175254,0568000,LOUISVILLE METRO POLICE DEPT,Accepted,JEFFERSON,,,RALPH,AVE,,,,,,,,38.208455129,-85.825724052,1.557,11/1/2021 12:00:00 AM,1304,2,1,0,1,CLEAR,DRY,True,1 VEHICLE ENTERING/LEAVING ENTRANCE,ANGLE,STRAIGHT & LEVEL,DAYLIGHT,,,11/2/2021 8:40:18 AM,False,5232,Accepted,
29175268,0568000,LOUISVILLE METRO POLICE DEPT,Accepted,JEFFERSON,KY1727,,TERRY,RD,,,,,,,,38.177937478,-85.861838261,4.045,11/1/2021 12:00:00 AM,1509,2,1,0,0,CLEAR,DRY,False,REAR END IN TRAFFIC LANES BOTH VEHICLES MOVING,REAR END,STRAIGHT & LEVEL,DAYLIGHT,,,11/2/2021 8:41:50 AM,False,7234,Accepted,
29175269,0568000,LOUISVILLE METRO POLICE DEPT,Accepted,JEFFERSON,,,DOWNES,LN,,,,,,,,38.160050311,-85.762022476,0.002,11/1/2021 12:00:00 AM,1700,2,1,0,0,CLOUDY,DRY,False,SIDESWIPE COLLISION - OPPOSITE DIRECTION,SIDESWIPE-OPPOSITE DIRECTION,STRAIGHT & LEVEL,DAYLIGHT,,,11/2/2021 8:41:56 AM,False,7234,Accepted,
29175276,0568000,LOUISVILLE METRO POLICE DEPT,Accepted,JEFFERSON,KY0155,14000,TAYLORSVILLE,RD,,,,,,,,38.190975391,-85.484045454,4.713,11/1/2021 12:00:00 AM,2010,2,1,0,1,CLEAR,DRY,False,1 VEHICLE ENTERING/LEAVING ENTRANCE,ANGLE,STRAIGHT & LEVEL,DARK-HWY NOT LIGHTED,,,11/2/2021 8:42:46 AM,False,7106,Accepted,
29161524,0568000,LOUISVILLE METRO POLICE DEPT,Accepted,JEFFERSON,KY2845,,MANSLICK,RD,E,,ASTRID,,,,,38.123244957,-85.634746561,2.577,11/1/2021 12:00:00 AM,0719,2,2,0,0,CLEAR,DRY,False,OPPOSITE DIRECTION - BOTH VEHICLES GOING STRAIGHT AHEAD,SIDESWIPE-OPPOSITE DIRECTION,STRAIGHT & LEVEL,DAYLIGHT,,,11/2/2021 8:41:07 AM,False,7812,Accepted,
29162870,0560300,ST. MATTHEWS POLICE DEPARTMENT,Accepted,JEFFERSON,US0060,5000,SHELBYVILLE,RD,,,,,,,,38.250144153,-85.623274440,5.319,11/1/2021 12:00:00 AM,2000,2,2,0,0,CLEAR,DRY,False,COLLISION IN PARKING LOT,BACKING,STRAIGHT & LEVEL,DARK-HWY LIGHTED/ON,,,11/2/2021 11:57:42 AM,False,9157,Accepted,
29175235,0568000,LOUISVILLE METRO POLICE DEPT,Accepted,JEFFERSON,I 0264,,I264 E,,,,,,,,,38.226344640,-85.640027083,17.670,11/1/2021 12:00:00 AM,0753,2,1,0,0,CLEAR,DRY,False,SIDESWIPE COLLISION - SAME DIRECTION,SIDESWIPE-SAME DIRECTION,STRAIGHT & LEVEL,DAYLIGHT,,,11/2/2021 8:36:38 AM,False,4903,Accepted,
29161488,0568000,LOUISVILLE METRO POLICE DEPT,Accepted,JEFFERSON,,,1ST,ST,N,,,US0031E,MAIN,,WASHINGTON,38.256106213,-85.751594765,0.003,11/1/2021 12:00:00 AM,1044,2,2,0,0,CLEAR,DRY,True,OTHER ROADWAY OR MID-BLOCK COLLISION,REAR END,STRAIGHT & GRADE,DAYLIGHT,,,11/2/2021 8:37:25 AM,False,2764,Accepted,
29150812,0568000,LOUISVILLE METRO POLICE DEPT,Accepted,JEFFERSON,US0031W,,22ND,ST,S,,MAPLE,,,,,38.247227252,-85.788536437,19.418,11/1/2021 12:00:00 AM,0608,2,2,0,2,CLEAR,DRY,False,ANGLE COLLISION - OTHER,ANGLE,STRAIGHT & LEVEL,DARK-HWY LIGHTED/ON,,,11/1/2021 8:33:35 AM,False,5039,Accepted,
29178335,0568000,LOUISVILLE METRO POLICE DEPT,Accepted,JEFFERSON,,,6TH,ST,S,,,,,,,38.251468571,-85.760833592,0.380,11/1/2021 12:00:00 AM,0000,1,1,0,0,CLEAR,DRY,True,COLLISION IN PARKING LOT,SINGLE VEHICLE,STRAIGHT & LEVEL,DUSK,,,11/3/2021 8:24:07 AM,False,7904,Accepted,
29339676,0568000,LOUISVILLE METRO POLICE DEPT,Accepted,JEFFERSON,KY1631,,CRITTENDEN,DR,,,CENTRAL,,,,,38.202970879,-85.750753787,1.034,11/1/2021 12:00:00 AM,1948,2,2,0,1,CLOUDY,DRY,False,ANGLE COLLISION - ONE VEHICLE TURNING LEFT,ANGLE,STRAIGHT & LEVEL,DARK-HWY LIGHTED/ON,,,11/22/2021 8:48:01 AM,False,5204,Accepted,
29377331,0568000,LOUISVILLE METRO POLICE DEPT,Accepted,JEFFERSON,,,GOOSE CREEK,RD,,,BLOSSOM,,,,,38.288129919,-85.579159792,1.183,11/1/2021 12:00:00 AM,1420,2,2,0,2,CLOUDY,DRY,False,ANGLE COLLISION - OTHER,ANGLE,STRAIGHT & LEVEL,DAYLIGHT,,,12/2/2021 8:22:39 AM,False,2969,Accepted,
29321679,0568000,LOUISVILLE METRO POLICE DEPT,Accepted,JEFFERSON,KY3064,,PORTLAND,AVE,,,24TH,,,,,38.270091219,-85.787177156,0.273,11/1/2021 12:00:00 AM,1000,2,2,0,0,CLEAR,DRY,False,ANGLE COLLISION - OTHER,ANGLE,STRAIGHT & LEVEL,DAYLIGHT,,,11/17/2021 7:08:05 AM,False,7305,Accepted,
29391087,0568000,LOUISVILLE METRO POLICE DEPT,Accepted,JEFFERSON,,,6TH,ST,S,,BLUEGRASS,,,,,38.179179536,-85.773569501,3.599,11/1/2021 12:00:00 AM,1633,2,2,0,1,CLEAR,DRY,False,ANGLE COLLISION - OTHER,ANGLE,STRAIGHT & LEVEL,DAYLIGHT,,,12/6/2021 8:39:16 AM,False,5139,Accepted,
29495354,0568000,LOUISVILLE METRO POLICE DEPT,Accepted,JEFFERSON,US0031E,,BARDSTOWN,RD,,,,,BEARGRASS,,SPRINGVALE,38.189018069,-85.641077759,9.654,11/1/2021 12:00:00 AM,1747,2,2,0,0,CLEAR,DRY,False,1 VEHICLE ENTERING/LEAVING ENTRANCE,ANGLE,STRAIGHT & LEVEL,DAYLIGHT,,,12/23/2021 7:27:23 AM,False,7948,Accepted,
29150815,0568000,LOUISVILLE METRO POLICE DEPT,Accepted,JEFFERSON,US0031E,,BARDSTOWN,RD,,,,,,,,38.179410922,-85.623637961,8.485,11/1/2021 12:00:00 AM,0620,2,1,0,1,CLEAR,DRY,False,COLLISION WITH PEDESTRIAN NON - INTERSECTION,SINGLE VEHICLE,STRAIGHT & LEVEL,DARK-HWY NOT LIGHTED,,,11/1/2021 8:33:44 AM,False,5349,Accepted,
29150808,0568000,LOUISVILLE METRO POLICE DEPT,Accepted,JEFFERSON,,,FEGENBUSH,LN,,,,,,,,38.168548710,-85.640203656,1.293,11/1/2021 12:00:00 AM,0128,2,2,0,0,CLEAR,DRY,True,OTHER ROADWAY OR MID-BLOCK COLLISION,OPPOSING LEFT TURN,STRAIGHT & LEVEL,DARK (UNKNOWN ROADWAY LIGHTING),,,11/1/2021 8:33:17 AM,False,5182,Accepted,
29161528,0568000,LOUISVILLE METRO POLICE DEPT,Accepted,JEFFERSON,US0031E,,BUECHEL,BYP,,,PLAZA,,,,,38.190958999,-85.651808241,10.259,11/1/2021 12:00:00 AM,1547,3,3,0,0,CLOUDY,DRY,False,OTHER INTERSECTION COLLISIONS,REAR END,CURVE & LEVEL,DAYLIGHT,,,11/2/2021 8:41:41 AM,False,5375,Accepted,
29161543,0568000,LOUISVILLE METRO POLICE DEPT,Accepted,JEFFERSON,US0031W,,DIXIE,HWY,,,LOWER HUNTERS,,,,,38.156234810,-85.834408264,12.427,11/1/2021 12:00:00 AM,2029,2,2,0,2,CLEAR,DRY,False,ANGLE COLLISION - OTHER,ANGLE,STRAIGHT & LEVEL,DARK-HWY LIGHTED/ON,,,11/2/2021 8:43:13 AM,False,5170,Accepted,
29161503,0568000,LOUISVILLE METRO POLICE DEPT,Accepted,JEFFERSON,,,COOPER CHAPEL,RD,,KY0061,PRESTON,,,,,38.103740166,-85.672316414,0.017,11/1/2021 12:00:00 AM,1308,2,2,0,0,CLOUDY,DRY,False,OTHER INTERSECTION COLLISIONS,REAR END,STRAIGHT & LEVEL,DAYLIGHT,,,11/2/2021 8:38:41 AM,False,7989,Accepted,
29175231,0568000,LOUISVILLE METRO POLICE DEPT,Accepted,JEFFERSON,,,WEBER,LN,,,UPPER HUNTERS,,,,,38.166933724,-85.841030436,0.003,11/1/2021 12:00:00 AM,0641,2,1,0,0,CLEAR,DRY,False,ANGLE COLLISION - ONE VEHICLE TURNING LEFT,ANGLE,CURVE & LEVEL,DAWN,,,11/2/2021 8:36:15 AM,False,2021,Accepted,
29175250,0568000,LOUISVILLE METRO POLICE DEPT,Accepted,JEFFERSON,,,DIXIE,HWY,,,GARLAND,,,,,38.243241440,-85.784366943,0.415,11/1/2021 12:00:00 AM,1037,2,1,0,0,CLEAR,DRY,False,HEAD-ON COLLISION,HEAD ON,STRAIGHT & LEVEL,DAYLIGHT,,,11/2/2021 8:39:19 AM,False,5355,Accepted,
29175246,0568000,LOUISVILLE METRO POLICE DEPT,Accepted,JEFFERSON,,,HESS,LN,,,,,,,,38.211720372,-85.721447920,0.932,11/1/2021 12:00:00 AM,0729,2,1,0,1,CLEAR,DRY,False,REAR END IN TRAFFIC LANES BOTH VEHICLES MOVING,REAR END,STRAIGHT & LEVEL,DARK (UNKNOWN ROADWAY LIGHTING),,,11/2/2021 8:38:54 AM,False,4693,Accepted,
29175247,0568000,LOUISVILLE METRO POLICE DEPT,Accepted,JEFFERSON,,,ESTHER,BLVD,,,,,,,,38.226200815,-85.633981423,0.004,11/1/2021 12:00:00 AM,0936,2,1,0,1,CLEAR,DRY,False,1 VEHICLE PARKED POSITION (NOT PARKING LOT/DRIVEWAY),REAR END,STRAIGHT & LEVEL,DAYLIGHT,,,11/2/2021 8:39:03 AM,False,4693,Accepted,
29175255,0568000,LOUISVILLE METRO POLICE DEPT,Accepted,JEFFERSON,KY1020,,3RD,ST,S,,KENTUCKY,,,,,38.238746365,-85.757974587,11.598,11/1/2021 12:00:00 AM,1724,2,1,0,0,CLOUDY,DRY,False,SIDESWIPE-SAME DIRECTION,SIDESWIPE-SAME DIRECTION,STRAIGHT & LEVEL,DAYLIGHT,,,11/2/2021 8:40:28 AM,False,5186,Accepted,
29178322,0568000,LOUISVILLE METRO POLICE DEPT,Accepted,JEFFERSON,KY1934,,CANE RUN,RD,,,,,BRIDWELL,,ROCKAWAY,38.182040033,-85.857079890,7.565,11/1/2021 12:00:00 AM,0753,3,3,0,1,CLEAR,DRY,False,OTHER ROADWAY OR MID-BLOCK COLLISION,REAR END,STRAIGHT & LEVEL,DAWN,,,11/3/2021 8:23:02 AM,False,2457,Accepted,
29178305,0568000,LOUISVILLE METRO POLICE DEPT,Accepted,JEFFERSON,I 0265,,I265 W,,,,,,,,,38.218327003,-85.506163376,25.141,11/1/2021 12:00:00 AM,1143,2,2,0,1,CLEAR,DRY,False,REAR END IN TRAFFIC LANES BOTH VEHICLES MOVING,REAR END,STRAIGHT & LEVEL,DAYLIGHT,,,11/3/2021 8:21:31 AM,False,4903,Accepted,
29175273,0568000,LOUISVILLE METRO POLICE DEPT,Accepted,JEFFERSON,,,8TH,ST,S,US0031W,MARKET,,,,,38.256003899,-85.763481451,0.091,11/1/2021 12:00:00 AM,1210,2,1,0,0,CLOUDY,DRY,False,ANGLE COLLISION - OTHER,ANGLE,STRAIGHT & LEVEL,DAYLIGHT,,,11/2/2021 8:42:12 AM,False,7904,Accepted,
29175274,0568000,LOUISVILLE METRO POLICE DEPT,Accepted,JEFFERSON,,458,LEE,ST,E,,,,,,,38.223398993,-85.747171793,0.497,11/1/2021 12:00:00 AM,0922,2,1,0,0,CLEAR,DRY,False,1 VEHICLE PARKED POSITION (NOT PARKING LOT/DRIVEWAY),ANGLE,STRAIGHT & LEVEL,DAYLIGHT,,,11/2/2021 8:42:25 AM,False,5230,Accepted,
29182767,0568000,LOUISVILLE METRO POLICE DEPT,Accepted,JEFFERSON,I 0065,I65,I65 N,,,I 0065,I65 N EXIT134B OFF RAMP TO  WOODBINE ST,,,,,38.227068949,-85.751524349,133.944,11/1/2021 12:00:00 AM,0901,2,2,0,1,CLEAR,DRY,True,SIDESWIPE-SAME DIRECTION,SIDESWIPE-SAME DIRECTION,,DAYLIGHT,,,11/4/2021 8:26:06 AM,False,6531,Accepted,
29197198,0568000,LOUISVILLE METRO POLICE DEPT,Accepted,JEFFERSON,,,DIXIE,HWY,,,,,GARLAND,,DATE,38.243023780,-85.784535999,0.431,11/1/2021 12:00:00 AM,1108,2,1,0,0,CLEAR,DRY,False,SIDESWIPE COLLISION - SAME DIRECTION,SIDESWIPE-SAME DIRECTION,STRAIGHT & LEVEL,DAYLIGHT,,,11/8/2021 9:38:44 AM,False,2469,Accepted,
29340886,0568000,LOUISVILLE METRO POLICE DEPT,Accepted,JEFFERSON,,,RALPH,AVE,,,,,,,,38.208455129,-85.825724052,1.557,11/1/2021 12:00:00 AM,1304,2,1,0,1,CLEAR,DRY,False,1 VEHICLE ENTERING/LEAVING ENTRANCE,ANGLE,STRAIGHT & LEVEL,DAYLIGHT,,,11/22/2021 12:47:11 PM,False,5232,Accepted,
29330757,0568000,LOUISVILLE METRO POLICE DEPT,Accepted,JEFFERSON,,,JEFFERSON,ST,E,,1ST,,,,,38.253375529,-85.752125708,1.044,11/1/2021 12:00:00 AM,1437,3,3,0,0,CLOUDY,DRY,False,OTHER INTERSECTION COLLISIONS,REAR END,STRAIGHT & LEVEL,DAYLIGHT,,,11/19/2021 8:34:49 AM,False,7239,Accepted,
29299999,0568000,LOUISVILLE METRO POLICE DEPT,Accepted,JEFFERSON,US0150,,BROADWAY,,E,US0031E,BAXTER,,,,,38.243744659,-85.727016892,4.093,11/1/2021 12:00:00 AM,1626,2,2,0,0,CLEAR,DRY,False,SIDESWIPE-SAME DIRECTION,SIDESWIPE-SAME DIRECTION,CURVE & LEVEL,DAYLIGHT,,,11/11/2021 8:34:45 AM,False,2228,Accepted,
29237470,0568000,LOUISVILLE METRO POLICE DEPT,Accepted,JEFFERSON,KY2860,,GRINSTEAD,DR,,,,,,,,38.239905261,-85.718090831,0.186,10/31/2021 12:00:00 AM,2330,2,2,0,0,CLEAR,DRY,True,1 VEHICLE ENTERING/LEAVING ENTRANCE,ANGLE,STRAIGHT & GRADE,DARK (UNKNOWN ROADWAY LIGHTING),,,11/9/2021 8:28:54 AM,False,5112,Accepted,
29312684,0568000,LOUISVILLE METRO POLICE DEPT,Accepted,JEFFERSON,US0031W,,22ND,ST,S,,,,,,,38.239332842,-85.789961685,18.872,10/31/2021 12:00:00 AM,1335,3,3,0,0,CLEAR,DRY,False,1 VEHICLE ENTERING/LEAVING ENTRANCE,ANGLE,CURVE & LEVEL,DAYLIGHT,,,11/15/2021 8:23:14 AM,False,5114,Accepted,
29187049,0568000,LOUISVILLE METRO POLICE DEPT,Accepted,JEFFERSON,US0031W,,MARKET,ST,W,,ROY WILKINS,,,,,38.256170599,-85.765409797,21.342,10/31/2021 12:00:00 AM,1628,2,2,0,1,CLEAR,DRY,False,ANGLE COLLISION - OTHER,ANGLE,STRAIGHT & LEVEL,DAYLIGHT,,,11/5/2021 8:20:56 AM,False,5173,Accepted,
29175280,0568000,LOUISVILLE METRO POLICE DEPT,Accepted,JEFFERSON,,,HILLCREST,AVE,,US0042,BROWNSBORO,,,,,38.260569027,-85.685751485,0.425,10/31/2021 12:00:00 AM,2145,2,1,0,1,CLEAR,DRY,False,OPPOSING LEFT TURN,OPPOSING LEFT TURN,STRAIGHT & LEVEL,DARK-HWY LIGHTED/ON,,,11/2/2021 8:43:35 AM,False,5197,Accepted,
29182819,0568000,LOUISVILLE METRO POLICE DEPT,Accepted,JEFFERSON,,1002,WOODWAY,LN,,,,,,,,38.245569425,-85.823232248,0.007,10/31/2021 12:00:00 AM,2000,3,3,0,0,CLEAR,DRY,True,1 VEHICLE PARKED POSITION (NOT PARKING LOT/DRIVEWAY),ANGLE,STRAIGHT & LEVEL,DARK-HWY LIGHTED/OFF,,,11/4/2021 8:28:00 AM,False,5164,Accepted,
29182770,0568000,LOUISVILLE METRO POLICE DEPT,Accepted,JEFFERSON,,,DOUGLASS,BLVD,,,DOROTHY,,,,,38.226256881,-85.690674378,0.779,10/31/2021 12:00:00 AM,1057,2,2,0,0,CLEAR,DRY,False,ANGLE COLLISION - OTHER,ANGLE,STRAIGHT & LEVEL,DAYLIGHT,,,11/4/2021 8:26:17 AM,False,7960,Accepted,
29182809,0568000,LOUISVILLE METRO POLICE DEPT,Accepted,JEFFERSON,US0060A,,EASTERN,PKWY,,KY1703,BAXTER,,,,,38.228922874,-85.715301256,6.442,10/31/2021 12:00:00 AM,0319,1,1,0,0,CLOUDY,DRY,False,COLLISION WITH FIXED OBJECT IN INTERSECTION - FIRST EVENT COLLISION 09 - 32,SINGLE VEHICLE,CURVE & LEVEL,DARK-HWY LIGHTED/ON,,,11/4/2021 8:27:39 AM,False,7049,Accepted,
29150763,0568000,LOUISVILLE METRO POLICE DEPT,Accepted,JEFFERSON,US0042,,STORY,AVE,,,ADAMS,,,,,38.257420302,-85.724998815,0.448,10/31/2021 12:00:00 AM,0305,2,2,0,2,CLEAR,WET,False,ANGLE COLLISION - OTHER,ANGLE,STRAIGHT & LEVEL,DARK-HWY LIGHTED/ON,,,11/1/2021 8:30:27 AM,False,5135,Accepted,
29150780,0568000,LOUISVILLE METRO POLICE DEPT,Accepted,JEFFERSON,KY0061,,PRESTON,ST,S,,MUHAMMAD ALI,,,,,38.249977103,-85.746811307,12.585,10/31/2021 12:00:00 AM,1226,2,2,0,2,CLEAR,DRY,False,ANGLE COLLISION - OTHER,ANGLE,STRAIGHT & LEVEL,DAYLIGHT,,,11/1/2021 8:31:49 AM,False,7823,Accepted,
29150796,0568000,LOUISVILLE METRO POLICE DEPT,Accepted,JEFFERSON,US0031W,7335,DIXIE,HWY,,,,,,,,38.143490931,-85.839507588,11.689,10/31/2021 12:00:00 AM,1305,2,2,0,2,CLEAR,DRY,False,OTHER ROADWAY OR MID-BLOCK COLLISION,OPPOSING LEFT TURN,STRAIGHT & LEVEL,DAYLIGHT,,,11/1/2021 8:32:44 AM,False,2311,Accepted,
29150804,0568000,LOUISVILLE METRO POLICE DEPT,Accepted,JEFFERSON,KY1931,,ST ANDREWS CHURCH,RD,,,,,BROOKVIEW,,CARDINAL OAKS,38.152781814,-85.817426395,4.545,10/31/2021 12:00:00 AM,0500,1,1,0,0,CLOUDY,DRY,False,COLLISION WITH ANIMAL NON INTERSECTION,SINGLE VEHICLE,STRAIGHT & LEVEL,DARK-HWY LIGHTED/ON,,,11/1/2021 8:33:08 AM,False,2721,Accepted,
29150806,0568000,LOUISVILLE METRO POLICE DEPT,Accepted,JEFFERSON,US0031W,10645,DIXIE,HWY,,,,,,,,38.099079495,-85.871892515,7.980,10/31/2021 12:00:00 AM,2150,1,1,0,0,CLEAR,DRY,False,COLLISION IN PARKING LOT,SINGLE VEHICLE,STRAIGHT & LEVEL,DARK-HWY LIGHTED/ON,,,11/1/2021 8:33:11 AM,False,2721,Accepted,
29178303,0568000,LOUISVILLE METRO POLICE DEPT,Accepted,JEFFERSON,,1606,LOUISE,AVE,,,,,,,,38.178735846,-85.812416778,0.030,10/31/2021 12:00:00 AM,2323,1,1,0,0,CLEAR,DRY,False,COLLISION WITH FIXED OBJECT NON - INTERSECTION - FIRST EVENT COLLISION 09 - 32 EXCLUDING 16,SINGLE VEHICLE,STRAIGHT & LEVEL,DARK-HWY LIGHTED/ON,,,11/3/2021 8:21:26 AM,False,7040,Accepted,
29196646,0564400,INDIAN HILLS POLICE DEPARTMENT,Accepted,JEFFERSON,US0042,3621,BROWNSBORO,RD,,,,,,,,38.265158374,-85.668654164,3.626,10/31/2021 12:00:00 AM,1648,1,1,0,1,CLEAR,DRY,False,COLLISION WITH FIXED OBJECT NON - INTERSECTION - FIRST EVENT COLLISION 09 - 32 EXCLUDING 16,SINGLE VEHICLE,STRAIGHT & LEVEL,DAYLIGHT,,,11/8/2021 9:22:11 AM,True,4433,Accepted,
29150742,0568000,LOUISVILLE METRO POLICE DEPT,Accepted,JEFFERSON,,,HILL,ST,W,,,,,,,38.225731560,-85.759392075,0.135,10/31/2021 12:00:00 AM,0030,2,2,0,0,CLOUDY,WET,False,1 VEHICLE ENTERING/LEAVING ENTRANCE,ANGLE,STRAIGHT & LEVEL,DARK-HWY LIGHTED/ON,,,11/1/2021 8:29:21 AM,False,5170,Accepted,
29150759,0568000,LOUISVILLE METRO POLICE DEPT,Accepted,JEFFERSON,KY1865,,NEW CUT,RD,,,IROQUOIS GARDENS,,,,,38.154397078,-85.777245495,3.213,10/31/2021 12:00:00 AM,0150,3,3,0,0,CLEAR,DRY,False,OTHER INTERSECTION COLLISIONS,REAR END,STRAIGHT & LEVEL,DARK-HWY LIGHTED/ON,,,11/1/2021 8:30:09 AM,True,5183,Accepted,
29150761,0568000,LOUISVILLE METRO POLICE DEPT,Accepted,JEFFERSON,KY1020,,SOUTHERN,PKWY,,,FAIRMONT,,,,,38.195600407,-85.766846195,8.753,10/31/2021 12:00:00 AM,0217,2,2,0,0,CLEAR,DRY,False,ANGLE COLLISION - OTHER,ANGLE,STRAIGHT & LEVEL,DARK-HWY LIGHTED/ON,,,11/1/2021 8:30:17 AM,False,5342,Accepted,
29150769,0568000,LOUISVILLE METRO POLICE DEPT,Accepted,JEFFERSON,,,STONY BROOK,DR,,,COLLINGWOOD,,,,,38.184530413,-85.595852164,1.090,10/31/2021 12:00:00 AM,0049,1,1,0,0,CLEAR,DRY,False,COLLISION WITH FIXED OBJECT IN INTERSECTION - FIRST EVENT COLLISION 09 - 32,SINGLE VEHICLE,STRAIGHT & GRADE,DARK-HWY LIGHTED/ON,,,11/1/2021 8:30:47 AM,False,5332,Accepted,
29150794,0568000,LOUISVILLE METRO POLICE DEPT,Accepted,JEFFERSON,KY1931,6902,MANSLICK,RD,,,,,,,,38.159768889,-85.798028214,5.828,10/31/2021 12:00:00 AM,1341,2,2,0,0,CLEAR,DRY,True,COLLISION IN PARKING LOT,HEAD ON,STRAIGHT & LEVEL,DAYLIGHT,,,11/1/2021 8:32:38 AM,False,7496,Accepted,
29150801,0568000,LOUISVILLE METRO POLICE DEPT,Accepted,JEFFERSON,US0031W,,DIXIE,HWY,,,ASHBY,,,,,38.103167052,-85.869773450,8.261,10/31/2021 12:00:00 AM,2022,2,2,0,1,CLEAR,DRY,False,ANGLE COLLISION - ONE VEHICLE TURNING LEFT,ANGLE,STRAIGHT & LEVEL,DARK-HWY LIGHTED/ON,,,11/1/2021 8:33:01 AM,False,5110,Accepted,
29150802,0568000,LOUISVILLE METRO POLICE DEPT,Accepted,JEFFERSON,KY0907,8505,3RD ST,RD,,,,,,,,38.120458143,-85.804475525,3.924,10/31/2021 12:00:00 AM,1920,2,2,0,0,CLEAR,DRY,False,SIDESWIPE COLLISION - OPPOSITE DIRECTION,SIDESWIPE-OPPOSITE DIRECTION,STRAIGHT & LEVEL,DARK-HWY NOT LIGHTED,,,11/1/2021 8:33:04 AM,False,5212,Accepted,
29150809,0568000,LOUISVILLE METRO POLICE DEPT,Accepted,JEFFERSON,,,4TH,ST,S,US0060A,WINKLER,,,,,38.210377575,-85.764717252,3.219,10/31/2021 12:00:00 AM,2342,3,3,0,3,CLEAR,DRY,False,ANGLE COLLISION - OTHER,ANGLE,STRAIGHT & LEVEL,DARK-HWY NOT LIGHTED,,,11/1/2021 8:33:22 AM,False,5342,Accepted,
29150810,0568000,LOUISVILLE METRO POLICE DEPT,Accepted,JEFFERSON,,1790,HILL,ST,W,,,,,,,38.228328710,-85.789990833,1.814,10/30/2021 12:00:00 AM,0235,1,1,0,0,RAINING,WATER (STANDING OR MOVING),False,COLLISION WITH FIXED OBJECT NON - INTERSECTION - FIRST EVENT COLLISION 09 - 32 EXCLUDING 16,SINGLE VEHICLE,STRAIGHT & LEVEL,DARK-HWY LIGHTED/ON,,,11/1/2021 8:33:25 AM,False,5039,Accepted,
29150811,0568000,LOUISVILLE METRO POLICE DEPT,Accepted,JEFFERSON,,,HILL,ST,W,,12TH,,,,,38.227462372,-85.775190923,0.998,10/30/2021 12:00:00 AM,2303,3,3,0,1,RAINING,WATER (STANDING OR MOVING),False,ANGLE COLLISION - OTHER,ANGLE,STRAIGHT & HILLCREST,DARK-HWY LIGHTED/ON,,,11/1/2021 8:33:30 AM,False,5039,Accepted,
29150753,0568000,LOUISVILLE METRO POLICE DEPT,Accepted,JEFFERSON,KY1447,,WESTPORT,RD,,KY1747,HURSTBOURNE,,,,,38.287289784,-85.573315979,5.177,10/30/2021 12:00:00 AM,2041,2,2,0,0,CLEAR,DRY,False,ANGLE COLLISION - OTHER,ANGLE,STRAIGHT & LEVEL,DUSK,,,11/1/2021 8:29:45 AM,False,5030,Accepted,
29150778,0568000,LOUISVILLE METRO POLICE DEPT,Accepted,JEFFERSON,,1320,4TH,ST,S,,,,,,,38.232031010,-85.760866326,1.713,10/30/2021 12:00:00 AM,1408,1,1,0,0,CLEAR,DRY,False,COLLISION WITH FIXED OBJECT NON - INTERSECTION - FIRST EVENT COLLISION 09 - 32 EXCLUDING 16,SINGLE VEHICLE,STRAIGHT & LEVEL,DAYLIGHT,,,11/1/2021 8:31:35 AM,False,7132,Accepted,
29150786,0568000,LOUISVILLE METRO POLICE DEPT,Accepted,JEFFERSON,KY1747,,FERN VALLEY,RD,,,JEANINE,,,,,38.157853618,-85.688547931,2.410,10/30/2021 12:00:00 AM,1621,2,2,0,0,CLOUDY,WET,True,ANGLE COLLISION - OTHER,ANGLE,STRAIGHT & LEVEL,DAYLIGHT,,,11/1/2021 8:32:02 AM,False,5141,Accepted,