IncidentID,AgencyORI,AgencyName,IncidentStatusDesc,County,RdwyNumber,Street,RoadwayName,StreetSfx,StreetDir,IntersectionRdwy,IntersectionRdwyName,BetweenStRdwy1,BetweenStRdwyName1,BetweenStRdwy2,BetweenStRdwyName2,Latitude,Longitude,Milepoint,CollisionDate,CollisionTime,UnitsInvolved,MotorVehiclesInvolved,NumberKilled,NumberInjured,Weather,RdwyConditionCode,HitandRun,DirAnalysisCode,MannerofCollision,RdwyCharacter,LightCondition,RampFromRdwyId,RampToRdwyId,AcceptedDate,IsSecondaryCollision,OwnerBadge,IncidentStatus,
29150762,0568000,LOUISVILLE METRO POLICE DEPT,Accepted,JEFFERSON,US0060A,,WINKLER,AVE,,,6TH,,,,,38.210710449,-85.767895703,2.791,10/30/2021 12:00:00 AM,2130,2,1,0,1,CLEAR,DRY,True,COLLISION WITH PEDESTRIAN IN INTERSECTION,SINGLE VEHICLE,STRAIGHT & LEVEL,DARK-HWY NOT LIGHTED,,,11/1/2021 8:30:22 AM,False,5342,Accepted,
29150712,0568000,LOUISVILLE METRO POLICE DEPT,Accepted,JEFFERSON,KY0864,4565,POPLAR LEVEL,RD,,,,,,,,38.183557898,-85.698964649,10.354,10/30/2021 12:00:00 AM,0232,1,1,0,0,RAINING,WET,False,OTHER ROADWAY OR MID-BLOCK COLLISION,SINGLE VEHICLE,STRAIGHT & LEVEL,DARK-HWY LIGHTED/ON,,,11/1/2021 8:26:47 AM,False,5189,Accepted,
29150736,0568000,LOUISVILLE METRO POLICE DEPT,Accepted,JEFFERSON,,,HILL,ST,W,,6TH,,,,,38.226376474,-85.765243587,0.457,10/30/2021 12:00:00 AM,0737,2,2,0,0,RAINING,WET,False,HEAD-ON COLLISION,HEAD ON,STRAIGHT & LEVEL,DAWN,,,11/1/2021 8:28:56 AM,False,5301,Accepted,
29150737,0568000,LOUISVILLE METRO POLICE DEPT,Accepted,JEFFERSON,KY0907,7141,SOUTHSIDE,DR,,,,,,,,38.151362036,-85.766452955,6.940,10/30/2021 12:00:00 AM,1055,2,2,0,0,CLOUDY,WET,False,1 VEHICLE PARKED POSITION (NOT PARKING LOT/DRIVEWAY),ANGLE,CURVE & LEVEL,DAYLIGHT,,,11/1/2021 8:29:00 AM,False,5400,Accepted,
29150768,0568000,LOUISVILLE METRO POLICE DEPT,Accepted,JEFFERSON,,,WESTWOOD FARMS,DR,,,SIX MILE,,,,,38.199643160,-85.611401145,0.004,10/30/2021 12:00:00 AM,1937,2,2,0,0,CLEAR,DRY,False,OTHER INTERSECTION COLLISIONS,REAR END,STRAIGHT & LEVEL,DARK-HWY LIGHTED/ON,,,11/1/2021 8:30:43 AM,False,5305,Accepted,
29150733,0568000,LOUISVILLE METRO POLICE DEPT,Accepted,JEFFERSON,,,MUD,LN,,,ANTLE,,,,,38.088310938,-85.670038696,0.436,10/30/2021 12:00:00 AM,1559,2,2,0,0,OTHER,DRY,False,ANGLE COLLISION - OTHER,ANGLE,STRAIGHT & LEVEL,DAYLIGHT,,,11/1/2021 8:28:46 AM,False,7474,Accepted,
29150734,0568000,LOUISVILLE METRO POLICE DEPT,Accepted,JEFFERSON,,16223,DRY RIDGE,RD,,,,,,,,38.114135506,-85.460396936,0.817,10/30/2021 12:00:00 AM,1719,2,1,0,1,RAINING,WET,False,COLLISION WITH PEDESTRIAN NON - INTERSECTION,SINGLE VEHICLE,STRAIGHT & GRADE,DAYLIGHT,,,11/1/2021 8:28:52 AM,False,7698,Accepted,
29150725,0568000,LOUISVILLE METRO POLICE DEPT,Accepted,JEFFERSON,KY1934,,CANE RUN,RD,,,TERRY,,,,,38.178028538,-85.862042842,7.172,10/30/2021 12:00:00 AM,1317,2,2,0,0,RAINING,WET,False,OTHER INTERSECTION COLLISIONS,REAR END,STRAIGHT & LEVEL,DAYLIGHT,,,11/1/2021 8:27:43 AM,False,7817,Accepted,
29178311,0568000,LOUISVILLE METRO POLICE DEPT,Accepted,JEFFERSON,I 0065,,I65 N,,,,,,,,,38.213522732,-85.752533513,133.000,10/30/2021 12:00:00 AM,0421,2,2,0,2,RAINING,WET,False,HEAD-ON COLLISION,HEAD ON,STRAIGHT & LEVEL,DARK-HWY LIGHTED/ON,,,11/3/2021 8:21:56 AM,False,7772,Accepted,
29178352,0568000,LOUISVILLE METRO POLICE DEPT,Accepted,JEFFERSON,US0031W,,DR W J HODGE,ST,,US0150,BROADWAY,,,,,38.249171881,-85.786517770,19.649,10/30/2021 12:00:00 AM,2055,2,2,0,0,CLEAR,DRY,True,ANGLE COLLISION - OTHER,ANGLE,STRAIGHT & LEVEL,DARK-HWY LIGHTED/ON,,,11/3/2021 8:25:39 AM,False,5365,Accepted,
29182765,0568000,LOUISVILLE METRO POLICE DEPT,Accepted,JEFFERSON,,,TENNY,AVE,W,,SOUTHSIDE,,,,,38.176632555,-85.764715492,0.076,10/30/2021 12:00:00 AM,1506,2,2,0,1,CLOUDY,DRY,True,ANGLE COLLISION - OTHER,ANGLE,STRAIGHT & LEVEL,DAYLIGHT,,,11/4/2021 8:25:58 AM,False,7472,Accepted,
29150813,0568000,LOUISVILLE METRO POLICE DEPT,Accepted,JEFFERSON,KY1934,4340,CANE RUN,RD,,,,,,,,38.197999708,-85.839210566,9.047,10/30/2021 12:00:00 AM,2138,2,2,0,0,CLOUDY,WET,False,REAR END IN TRAFFIC LANES BOTH VEHICLES MOVING,REAR END,STRAIGHT & LEVEL,DARK-HWY LIGHTED/ON,,,11/1/2021 8:33:38 AM,False,2877,Accepted,
29150814,0568000,LOUISVILLE METRO POLICE DEPT,Accepted,JEFFERSON,I 0065,,I65 S,,,I 0065,I65 S EXIT132 ON RAMP FROM  CRITTENDEN DR,,,,,38.205873828,-85.743570402,132.100,10/30/2021 12:00:00 AM,0652,2,2,0,0,CLEAR,DRY,False,OTHER INTERSECTION COLLISIONS,REAR END,STRAIGHT & LEVEL,DARK-HWY LIGHTED/ON,,,11/1/2021 8:33:41 AM,False,5205,Accepted,
29150754,0568000,LOUISVILLE METRO POLICE DEPT,Accepted,JEFFERSON,,,BETTY,LN,,,GARDINER,,,,,38.219526885,-85.656730308,0.201,10/30/2021 12:00:00 AM,1911,1,1,0,1,CLOUDY,WET,False,OTHER INTERSECTION COLLISIONS,SINGLE VEHICLE,STRAIGHT & LEVEL,DARK-HWY LIGHTED/ON,,,11/1/2021 8:29:49 AM,False,7049,Accepted,
29150755,0568000,LOUISVILLE METRO POLICE DEPT,Accepted,JEFFERSON,KY1703,,NEWBURG,RD,,I 0264,I264 E EXIT15 ON RAMP FROM KY1703 S,,,,,38.201547741,-85.687682097,2.180,10/30/2021 12:00:00 AM,2137,2,2,0,0,CLOUDY,DRY,False,OPPOSING LEFT TURN,OPPOSING LEFT TURN,CURVE & HILLCREST,DARK-HWY LIGHTED/ON,,,11/1/2021 8:29:52 AM,False,7049,Accepted,
29150756,0568000,LOUISVILLE METRO POLICE DEPT,Accepted,JEFFERSON,I 0264,10.4,I264 W,,,,,,,,,38.190317173,-85.757926630,10.626,10/30/2021 12:00:00 AM,2210,2,2,0,0,CLOUDY,WET,False,REAR END IN TRAFFIC LANES BOTH VEHICLES MOVING,REAR END,STRAIGHT & LEVEL,DARK-HWY LIGHTED/ON,,,11/1/2021 8:29:56 AM,False,5316,Accepted,
29150790,0568000,LOUISVILLE METRO POLICE DEPT,Accepted,JEFFERSON,,,MUHAMMAD ALI,BLVD,W,,32ND,,,,,38.256394384,-85.804921600,2.878,10/30/2021 12:00:00 AM,1649,2,2,0,0,CLOUDY,DRY,False,ANGLE COLLISION - OTHER,ANGLE,STRAIGHT & LEVEL,DAYLIGHT,,,11/1/2021 8:32:19 AM,False,5124,Accepted,
29150798,0568000,LOUISVILLE METRO POLICE DEPT,Accepted,JEFFERSON,,,GOLDSMITH,LN,,US0031E,BARDSTOWN,,,,,38.208351430,-85.669079543,1.041,10/30/2021 12:00:00 AM,1619,2,2,0,0,CLOUDY,WET,False,REAR END - ONE VEHICLE TURNING RIGHT,REAR END,STRAIGHT & LEVEL,DAYLIGHT,,,11/1/2021 8:32:50 AM,False,5247,Accepted,
29150732,0568000,LOUISVILLE METRO POLICE DEPT,Accepted,JEFFERSON,US0060A,,CHEROKEE,PKWY,,US0060A,GRINSTEAD,,,,,38.243340029,-85.705282056,7.752,10/30/2021 12:00:00 AM,1614,1,1,0,0,CLOUDY,DRY,False,COLLISION WITH FIXED OBJECT IN INTERSECTION - FIRST EVENT COLLISION 09 - 32,SINGLE VEHICLE,CURVE & LEVEL,DAYLIGHT,,,11/1/2021 8:28:42 AM,False,5397,Accepted,
29150740,0568000,LOUISVILLE METRO POLICE DEPT,Accepted,JEFFERSON,,,BARRET,AVE,,,,,CHRISTY,,DEBARR,38.239961930,-85.730987051,0.627,10/30/2021 12:00:00 AM,0102,1,1,0,0,RAINING,WET,False,OTHER ROADWAY OR MID-BLOCK COLLISION,SINGLE VEHICLE,STRAIGHT & LEVEL,DARK-HWY LIGHTED/ON,,,11/1/2021 8:29:13 AM,False,5250,Accepted,
29150741,0568000,LOUISVILLE METRO POLICE DEPT,Accepted,JEFFERSON,KY1934,,GREENBELT,HWY,,,,,WINSTEAD,,GLOBAL,38.132511485,-85.889692346,3.427,10/30/2021 12:00:00 AM,1940,2,2,0,1,CLOUDY,DRY,False,REAR END IN TRAFFIC LANES BOTH VEHICLES MOVING,REAR END,STRAIGHT & LEVEL,DARK-HWY LIGHTED/OFF,,,11/1/2021 8:29:17 AM,False,2721,Accepted,
29150766,0568000,LOUISVILLE METRO POLICE DEPT,Accepted,JEFFERSON,,,1ST,ST,S,US0150,BROADWAY,,,,,38.245722147,-85.753392814,0.721,10/30/2021 12:00:00 AM,0725,3,3,0,1,CLOUDY,WET,False,COLLISION WITH PARKED VEHICLE,BACKING,STRAIGHT & LEVEL,DARK-HWY LIGHTED/ON,,,11/1/2021 8:30:39 AM,False,5354,Accepted,
29150764,0568000,LOUISVILLE METRO POLICE DEPT,Accepted,JEFFERSON,,,26TH,ST,S,,JEFFERSON,,,,,38.258416462,-85.793895170,0.161,10/30/2021 12:00:00 AM,2315,3,3,0,0,RAINING,WET,True,OPPOSITE DIRECTION - BOTH VEHICLES GOING STRAIGHT AHEAD,SIDESWIPE-OPPOSITE DIRECTION,STRAIGHT & LEVEL,DARK-HWY NOT LIGHTED,,,11/1/2021 8:30:31 AM,False,5368,Accepted,
29150765,0568000,LOUISVILLE METRO POLICE DEPT,Accepted,JEFFERSON,,,6TH,ST,S,US0150,BROADWAY,,,,,38.246327113,-85.761709652,0.742,10/30/2021 12:00:00 AM,0606,2,2,0,0,CLEAR,DRY,True,ANGLE COLLISION - OTHER,ANGLE,STRAIGHT & LEVEL,DARK-HWY LIGHTED/ON,,,11/1/2021 8:30:35 AM,False,5354,Accepted,
29150714,0568000,LOUISVILLE METRO POLICE DEPT,Accepted,JEFFERSON,KY1931,7009,MANSLICK,RD,,,,,,,,38.157566619,-85.799783851,5.675,10/30/2021 12:00:00 AM,0327,2,2,0,1,RAINING,WET,False,SIDESWIPE COLLISION - OPPOSITE DIRECTION,SIDESWIPE-OPPOSITE DIRECTION,STRAIGHT & LEVEL,DARK (UNKNOWN ROADWAY LIGHTING),,,11/1/2021 8:26:54 AM,False,5059,Accepted,
29150715,0568000,LOUISVILLE METRO POLICE DEPT,Accepted,JEFFERSON,US0031E,,BARDSTOWN,RD,,,GOLDSMITH,,,,,38.208499635,-85.668935693,11.773,10/30/2021 12:00:00 AM,0230,2,2,0,0,RAINING,WET,False,OTHER INTERSECTION COLLISIONS,REAR END,STRAIGHT & LEVEL,DARK-HWY LIGHTED/ON,,,11/1/2021 8:26:59 AM,False,5305,Accepted,
29150705,0568000,LOUISVILLE METRO POLICE DEPT,Accepted,JEFFERSON,,,7TH,ST,S,,SHIPP,,,,,38.226088672,-85.769346748,0.607,10/30/2021 12:00:00 AM,0134,1,1,0,0,RAINING,WET,True,COLLISION WITH FIXED OBJECT IN INTERSECTION - FIRST EVENT COLLISION 09 - 32,SINGLE VEHICLE,STRAIGHT & LEVEL,DARK-HWY LIGHTED/ON,,,11/1/2021 8:26:33 AM,False,5183,Accepted,
29150713,0568000,LOUISVILLE METRO POLICE DEPT,Accepted,JEFFERSON,US0042,1629,STORY,AVE,,,,,,,,38.259154528,-85.721027413,0.707,10/30/2021 12:00:00 AM,0124,3,3,0,0,RAINING,WET,False,1 VEHICLE PARKED POSITION (NOT PARKING LOT/DRIVEWAY),SIDESWIPE-SAME DIRECTION,STRAIGHT & LEVEL,DARK-HWY LIGHTED/ON,,,11/1/2021 8:26:51 AM,False,5343,Accepted,
29150722,0568000,LOUISVILLE METRO POLICE DEPT,Accepted,JEFFERSON,KY0022,,BROWNSBORO,RD,,,,,TEN BROECK,,SPRINGDALE,38.302467710,-85.581648753,3.393,10/30/2021 12:00:00 AM,1210,1,1,0,0,RAINING,WET,False,OTHER COLLISIONS ON SHOULDER,SINGLE VEHICLE,CURVE & GRADE,DAYLIGHT,,,11/1/2021 8:27:34 AM,False,6406,Accepted,
29150729,0568000,LOUISVILLE METRO POLICE DEPT,Accepted,JEFFERSON,KY1447,,WESTPORT,RD,,,,,,,,38.293009984,-85.560845920,5.927,10/30/2021 12:00:00 AM,1615,2,2,0,1,CLEAR,DRY,False,1 VEHICLE ENTERING/LEAVING ENTRANCE,ANGLE,STRAIGHT & LEVEL,DAYLIGHT,,,11/1/2021 8:28:00 AM,False,7615,Accepted,
29150746,0568000,LOUISVILLE METRO POLICE DEPT,Accepted,JEFFERSON,I 0064,,I64 E,,,I 0064,I64 E EXIT15 OFF RAMP TO KY1747,,,,,38.227684768,-85.592662494,14.240,10/30/2021 12:00:00 AM,0552,2,2,0,2,RAINING,WET,False,COLLISION WITH PARKED VEHICLE,REAR END,STRAIGHT & LEVEL,DARK-HWY LIGHTED/ON,,,11/1/2021 8:29:33 AM,False,7984,Accepted,
29149225,0560500,ANCHORAGE POLICE DEPARTMENT,Accepted,JEFFERSON,,,ENGLISH STATION,RD,N,KY0146,LA GRANGE,,,,,38.274666544,-85.520260027,2.127,10/30/2021 12:00:00 AM,0910,2,2,0,0,RAINING,WET,False,OTHER INTERSECTION COLLISIONS,REAR END,STRAIGHT & LEVEL,DAYLIGHT,,,10/31/2021 11:53:23 PM,False,8521,Accepted,
29187030,0568000,LOUISVILLE METRO POLICE DEPT,Accepted,JEFFERSON,I 0064,,I 64E,,,,,,,,,38.234826041,-85.614254896,0.821,10/30/2021 12:00:00 AM,1051,1,1,0,0,RAINING,WET,False,OTHER RAMP RELATED COLLISIONS NOT LISTED ABOVE,SINGLE VEHICLE,CURVE & GRADE,DAYLIGHT,I 0064,I 0064,11/5/2021 8:19:45 AM,False,6456,Accepted,
29160832,0566900,LOUISVILLE AIRPORT POLICE,Accepted,JEFFERSON,,600,TERMINAL,DR,,,,,,,,38.186671346,-85.741791296,0.309,10/30/2021 12:00:00 AM,0430,2,2,0,0,OTHER,DRY,True,COLLISION IN PARKING LOT,ANGLE,STRAIGHT & LEVEL,OTHER,,,11/2/2021 6:55:47 AM,False,5876,Accepted,
29174998,0565000,LYNDON POLICE DEPARTMENT,Accepted,JEFFERSON,KY1447,8700,WESTPORT,RD,,,,,DOVE CREEK,,HERMITAGE,38.280617808,-85.590766132,4.102,10/30/2021 12:00:00 AM,1530,2,1,0,0,CLOUDY,WET,True,1 VEHICLE ENTERING/LEAVING ENTRANCE,ANGLE,CURVE & GRADE,DAYLIGHT,,,11/2/2021 4:08:25 AM,False,1372,Accepted,
29312627,0568000,LOUISVILLE METRO POLICE DEPT,Accepted,JEFFERSON,KY1065,,OUTER,LOOP,,,,,,,,38.127293097,-85.747755250,2.584,10/30/2021 12:00:00 AM,1728,2,2,0,0,CLOUDY,DRY,False,OTHER ROADWAY OR MID-BLOCK COLLISION,OPPOSING LEFT TURN,CURVE & LEVEL,DAYLIGHT,,,11/15/2021 8:19:00 AM,False,5400,Accepted,
29196065,0568000,LOUISVILLE METRO POLICE DEPT,Accepted,JEFFERSON,KY1065,4545,OUTER,LOOP,,,,,,,,38.138141331,-85.677861353,6.544,10/30/2021 12:00:00 AM,1735,2,2,0,0,CLOUDY,WET,False,OTHER ROADWAY OR MID-BLOCK COLLISION,REAR END,STRAIGHT & LEVEL,DAYLIGHT,,,11/8/2021 7:35:28 AM,False,5141,Accepted,
30152892,0566900,LOUISVILLE AIRPORT POLICE,Accepted,JEFFERSON,I 0264,600,TERMINAL,DR,,,,,,,,38.188307065,-85.747380410,0.214,10/30/2021 12:00:00 AM,1100,1,1,0,0,CLOUDY,WET,False,OVERTURNED ON RAMP,SINGLE VEHICLE,CURVE & LEVEL,DAYLIGHT,I 0264,TUG RD,6/7/2022 6:49:54 AM,False,5831,Accepted,
29535862,0568000,LOUISVILLE METRO POLICE DEPT,Accepted,JEFFERSON,KY1934,,CANE RUN,RD,,,,,,,,38.183458956,-85.855666523,7.739,10/30/2021 12:00:00 AM,2047,2,2,0,1,RAINING,WET,True,REAR END IN TRAFFIC LANES BOTH VEHICLES MOVING,REAR END,STRAIGHT & LEVEL,DAYLIGHT,,,1/5/2022 8:26:42 AM,False,7988,Accepted,
29896281,0568000,LOUISVILLE METRO POLICE DEPT,Accepted,JEFFERSON,,,BROADWAY,,W,,35TH,,,,,38.249943791,-85.810871851,1.230,10/30/2021 12:00:00 AM,1958,3,2,1,0,CLOUDY,DRY,True,COLLISION WITH PEDESTRIAN IN INTERSECTION,ANGLE,STRAIGHT & LEVEL,DARK-HWY NOT LIGHTED,,,4/4/2022 8:33:05 AM,False,7772,Accepted,
29326212,0568000,LOUISVILLE METRO POLICE DEPT,Accepted,JEFFERSON,,,MUHAMMAD ALI,BLVD,W,,13TH,,,,,38.252787268,-85.772429820,1.091,10/29/2021 12:00:00 AM,1600,1,1,0,0,CLOUDY,DRY,False,OTHER INTERSECTION COLLISIONS,SINGLE VEHICLE,STRAIGHT & HILLCREST,DAYLIGHT,,,11/18/2021 8:19:06 AM,False,2661,Accepted,
29187048,0568000,LOUISVILLE METRO POLICE DEPT,Accepted,JEFFERSON,,,ST CATHERINE,ST,W,KY1020,2ND,,,,,38.237055855,-85.756607661,0.090,10/29/2021 12:00:00 AM,1756,2,2,0,0,RAINING,WET,False,SIDESWIPE-SAME DIRECTION,SIDESWIPE-SAME DIRECTION,STRAIGHT & LEVEL,DAYLIGHT,,,11/5/2021 8:20:50 AM,False,7132,Accepted,
29195921,0568000,LOUISVILLE METRO POLICE DEPT,Accepted,JEFFERSON,,,HILL,ST,W,,4TH,,,,,38.226008528,-85.761911452,0.272,10/29/2021 12:00:00 AM,2343,2,2,0,1,RAINING,WET,False,ANGLE COLLISION - OTHER,ANGLE,STRAIGHT & LEVEL,DARK-HWY LIGHTED/ON,,,11/8/2021 7:27:45 AM,False,5152,Accepted,
29324460,0560400,SHIVELY POLICE DEPARTMENT,Accepted,JEFFERSON,US0031W,,DIXIE,HWY,,,KENNEDY,,,,,38.215155942,-85.795811831,17.073,10/29/2021 12:00:00 AM,1905,2,2,0,0,CLEAR,DRY,False,ANGLE COLLISION - OTHER,ANGLE,STRAIGHT & LEVEL,DARK-HWY LIGHTED/ON,,,11/17/2021 7:00:27 PM,False,7130,Accepted,
29178355,0568000,LOUISVILLE METRO POLICE DEPT,Accepted,JEFFERSON,KY1931,,GREENWOOD,RD,,,,US0031W,DIXIE,,GREENWOOD MANOR,38.143587296,-85.841766416,3.025,10/29/2021 12:00:00 AM,1629,5,5,0,4,CLOUDY,DRY,False,SIDESWIPE COLLISION - SAME DIRECTION,SIDESWIPE-SAME DIRECTION,STRAIGHT & LEVEL,DAYLIGHT,,,11/3/2021 8:25:50 AM,False,7817,Accepted,
29181533,0560400,SHIVELY POLICE DEPARTMENT,Accepted,JEFFERSON,US0031W,,DIXIE,HWY,,,,,HARDESTY,,HARDESTY,38.216943467,-85.795060361,17.175,10/29/2021 12:00:00 AM,1921,3,3,0,0,RAINING,WET,False,OTHER ROADWAY OR MID-BLOCK COLLISION,REAR END,STRAIGHT & LEVEL,DARK (UNKNOWN ROADWAY LIGHTING),,,11/3/2021 10:35:51 PM,False,7117,Accepted,
29150664,0568000,LOUISVILLE METRO POLICE DEPT,Accepted,JEFFERSON,,,ROY WILKINS,AVE,,,MUHAMMAD ALI,,,,,38.252044560,-85.765773055,0.386,10/29/2021 12:00:00 AM,0634,2,2,0,0,CLEAR,DRY,False,ANGLE COLLISION - OTHER,ANGLE,STRAIGHT & LEVEL,DARK-HWY LIGHTED/ON,,,11/1/2021 8:24:06 AM,False,5341,Accepted,
29150679,0568000,LOUISVILLE METRO POLICE DEPT,Accepted,JEFFERSON,KY2052,6200,SHEPHERDSVILLE,RD,,,,,,,,38.158593034,-85.659917174,1.409,10/29/2021 12:00:00 AM,1450,2,2,0,1,CLEAR,DRY,False,OTHER ROADWAY OR MID-BLOCK COLLISION,OPPOSING LEFT TURN,STRAIGHT & LEVEL,DAYLIGHT,,,11/1/2021 8:24:58 AM,False,7294,Accepted,
29150672,0568000,LOUISVILLE METRO POLICE DEPT,Accepted,JEFFERSON,,,DOWNS FARM,WAY,,,,,,,,38.158137857,-85.626413580,0.040,10/29/2021 12:00:00 AM,0841,2,2,0,0,CLOUDY,DRY,False,COLLISION IN PARKING LOT,BACKING,STRAIGHT & LEVEL,DAYLIGHT,,,11/1/2021 8:24:40 AM,False,4693,Accepted,
29141474,0568000,LOUISVILLE METRO POLICE DEPT,Accepted,JEFFERSON,KY3064,2401,PORTLAND,AVE,,,24TH,,,,,38.270120367,-85.787329075,0.287,10/29/2021 12:00:00 AM,0231,1,1,0,1,CLOUDY,DRY,False,COLLISION WITH FIXED OBJECT IN INTERSECTION - FIRST EVENT COLLISION 09 - 32,SINGLE VEHICLE,STRAIGHT & LEVEL,DARK-HWY LIGHTED/ON,,,10/29/2021 7:45:00 AM,False,5275,Accepted,
29150681,0568000,LOUISVILLE METRO POLICE DEPT,Accepted,JEFFERSON,KY1934,,GREENBELT,HWY,,,RAGGARD,,,,,38.174496938,-85.871314513,6.625,10/29/2021 12:00:00 AM,1635,2,2,0,0,CLEAR,DRY,False,ANGLE COLLISION - ONE VEHICLE TURNING LEFT,ANGLE,STRAIGHT & LEVEL,DAYLIGHT,,,11/1/2021 8:25:06 AM,False,2098,Accepted,
29150682,0568000,LOUISVILLE METRO POLICE DEPT,Accepted,JEFFERSON,,,9TH,ST,S,,KENTUCKY,,,,,38.240398920,-85.768011443,0.450,10/29/2021 12:00:00 AM,1119,2,2,0,0,CLEAR,DRY,False,ANGLE COLLISION - OTHER,ANGLE,STRAIGHT & LEVEL,DAYLIGHT,,,11/1/2021 8:25:10 AM,False,5273,Accepted,
29150689,0568000,LOUISVILLE METRO POLICE DEPT,Accepted,JEFFERSON,US0031W,,DIXIE,HWY,,,,,,,,38.166141570,-85.829890739,13.143,10/29/2021 12:00:00 AM,1149,1,1,0,0,CLOUDY,DRY,True,COLLISION WITH FIXED OBJECT NON - INTERSECTION - FIRST EVENT COLLISION 09 - 32 EXCLUDING 16,SINGLE VEHICLE,STRAIGHT & LEVEL,DAYLIGHT,,,11/1/2021 8:25:33 AM,False,7340,Accepted,
29150690,0568000,LOUISVILLE METRO POLICE DEPT,Accepted,JEFFERSON,,,MONTANA,AVE,,,EARL,,,,,38.205159816,-85.782328070,1.033,10/29/2021 12:00:00 AM,1512,2,2,0,0,CLEAR,DRY,False,ANGLE COLLISION - OTHER,ANGLE,STRAIGHT & LEVEL,DAYLIGHT,,,11/1/2021 8:25:37 AM,False,5301,Accepted,
29150698,0568000,LOUISVILLE METRO POLICE DEPT,Accepted,JEFFERSON,KY1865,,NEW CUT,RD,,,WILDERNESS,,,,,38.153926812,-85.777091716,3.238,10/29/2021 12:00:00 AM,2011,2,2,0,2,RAINING,WET,False,ANGLE COLLISION - OTHER,ANGLE,STRAIGHT & LEVEL,DARK (UNKNOWN ROADWAY LIGHTING),,,11/1/2021 8:26:09 AM,False,5312,Accepted,
29150699,0568000,LOUISVILLE METRO POLICE DEPT,Accepted,JEFFERSON,KY0061,,PRESTON,HWY,,,OAKLAWN,,,,,38.148698153,-85.692495169,4.629,10/29/2021 12:00:00 AM,1911,2,1,0,1,RAINING,WET,True,COLLISION WITH PEDESTRIAN IN INTERSECTION,SINGLE VEHICLE,STRAIGHT & LEVEL,DARK-HWY NOT LIGHTED,,,11/1/2021 8:26:12 AM,False,7100,Accepted,
29150706,0568000,LOUISVILLE METRO POLICE DEPT,Accepted,JEFFERSON,US0031W,,DIXIE,HWY,,US0031W,US31W RAMP TO KY1934,,,,,38.093657613,-85.875100735,7.593,10/29/2021 12:00:00 AM,2143,2,2,0,2,RAINING,WET,False,ANGLE COLLISION - OTHER,ANGLE,STRAIGHT & LEVEL,DARK-HWY LIGHTED/ON,,,11/1/2021 8:26:36 AM,False,5211,Accepted,
29150748,0568000,LOUISVILLE METRO POLICE DEPT,Accepted,JEFFERSON,,,CARDINAL,BLVD,W,KY1020,2ND,,,,,38.220406051,-85.759803835,0.105,10/29/2021 12:00:00 AM,2325,2,2,0,0,RAINING,WET,False,ANGLE COLLISION - OTHER,ANGLE,CURVE & LEVEL,DARK-HWY LIGHTED/ON,,,11/1/2021 8:29:37 AM,False,7527,Accepted,
29150730,0568000,LOUISVILLE METRO POLICE DEPT,Accepted,JEFFERSON,,9200,NEW MAPLE,RD,,,,,,,,38.114710717,-85.646404979,0.287,10/29/2021 12:00:00 AM,0621,1,1,0,0,CLEAR,DRY,False,COLLISION WITH FIXED OBJECT NON - INTERSECTION - FIRST EVENT COLLISION 09 - 32 EXCLUDING 16,SINGLE VEHICLE,STRAIGHT & LEVEL,DARK-HWY LIGHTED/OFF,,,11/1/2021 8:28:06 AM,False,7272,Accepted,
29150721,0568000,LOUISVILLE METRO POLICE DEPT,Accepted,JEFFERSON,US0060A,,EASTERN,PKWY,,,,,DAHLIA,,BARRET,38.226197517,-85.721825863,6.024,10/29/2021 12:00:00 AM,1455,2,2,0,0,CLEAR,DRY,False,SIDESWIPE COLLISION - SAME DIRECTION,SIDESWIPE-SAME DIRECTION,CURVE & GRADE,DAYLIGHT,,,11/1/2021 8:27:26 AM,False,7129,Accepted,
29150696,0568000,LOUISVILLE METRO POLICE DEPT,Accepted,JEFFERSON,KY0022,,BROWNSBORO,RD,,,GOOSE CREEK,,,,,38.300381693,-85.592768073,2.731,10/29/2021 12:00:00 AM,2110,2,2,0,0,RAINING,WET,False,OTHER INTERSECTION COLLISIONS,REAR END,STRAIGHT & LEVEL,DARK-HWY LIGHTED/ON,,,11/1/2021 8:26:01 AM,False,7113,Accepted,
29150716,0568000,LOUISVILLE METRO POLICE DEPT,Accepted,JEFFERSON,,,OAK,ST,W,,12TH,,,,,38.236189634,-85.773630017,0.998,10/29/2021 12:00:00 AM,2351,1,1,0,0,RAINING,WET,False,OTHER INTERSECTION COLLISIONS,SINGLE VEHICLE,STRAIGHT & LEVEL,DARK-HWY LIGHTED/ON,,,11/1/2021 8:27:02 AM,False,5303,Accepted,
29150723,0568000,LOUISVILLE METRO POLICE DEPT,Accepted,JEFFERSON,,,10TH,ST,S,US0031W,MAIN,,,,,38.257707412,-85.766457830,,10/29/2021 12:00:00 AM,1116,2,2,0,0,CLOUDY,WET,False,COLLISION WITH PARKED VEHICLE,ANGLE,STRAIGHT & LEVEL,DAYLIGHT,,,11/1/2021 8:27:39 AM,False,5168,Accepted,