IncidentID,AgencyORI,AgencyName,IncidentStatusDesc,County,RdwyNumber,Street,RoadwayName,StreetSfx,StreetDir,IntersectionRdwy,IntersectionRdwyName,BetweenStRdwy1,BetweenStRdwyName1,BetweenStRdwy2,BetweenStRdwyName2,Latitude,Longitude,Milepoint,CollisionDate,CollisionTime,UnitsInvolved,MotorVehiclesInvolved,NumberKilled,NumberInjured,Weather,RdwyConditionCode,HitandRun,DirAnalysisCode,MannerofCollision,RdwyCharacter,LightCondition,RampFromRdwyId,RampToRdwyId,AcceptedDate,IsSecondaryCollision,OwnerBadge,IncidentStatus,
29150731,0568000,LOUISVILLE METRO POLICE DEPT,Accepted,JEFFERSON,KY1065,5615,OUTER,LOOP,,,,,,,,38.138918823,-85.656872022,7.695,10/29/2021 12:00:00 AM,1741,2,1,0,1,CLEAR,DRY,False,COLLISION WITH PEDESTRIAN NON - INTERSECTION,SINGLE VEHICLE,STRAIGHT & GRADE,DAYLIGHT,,,11/1/2021 8:28:37 AM,False,7272,Accepted,
29150772,0568000,LOUISVILLE METRO POLICE DEPT,Accepted,JEFFERSON,I 0264,,I264 W,,,,,I 0264,I264 W EXIT14 ON RAMP FROM KY864 N,I 0264,I264 W EXIT14 OFF RAMP TO KY864 S,38.193867285,-85.710638115,13.172,10/29/2021 12:00:00 AM,1530,2,2,0,0,CLEAR,DRY,False,REAR END IN TRAFFIC LANES BOTH VEHICLES MOVING,REAR END,STRAIGHT & LEVEL,DAYLIGHT,,,11/1/2021 8:30:51 AM,False,7938,Accepted,
29150707,0568000,LOUISVILLE METRO POLICE DEPT,Accepted,JEFFERSON,US0060A,,TAYLOR,BLVD,,,OLEANDA,,,,,38.200567436,-85.782575212,1.790,10/29/2021 12:00:00 AM,2033,2,2,0,0,RAINING,WET,True,ANGLE COLLISION - ONE VEHICLE TURNING LEFT,ANGLE,STRAIGHT & LEVEL,DARK-HWY LIGHTED/ON,,,11/1/2021 8:26:40 AM,False,5316,Accepted,
29182764,0568000,LOUISVILLE METRO POLICE DEPT,Accepted,JEFFERSON,KY3064,3304,NORTHWESTERN,PKWY,,,,,,,,38.274905166,-85.801332255,1.122,10/29/2021 12:00:00 AM,2026,3,3,0,0,RAINING,WET,False,1 VEHICLE PARKED POSITION (NOT PARKING LOT/DRIVEWAY),SIDESWIPE-SAME DIRECTION,STRAIGHT & LEVEL,DARK-HWY NOT LIGHTED,,,11/4/2021 8:25:52 AM,False,5391,Accepted,
29153016,0561500,UNIV. OF LOUISVILLE POLICE,Accepted,JEFFERSON,US0031E,933,BAXTER,AVE,,,,,,,,38.241751627,-85.725486320,15.761,10/29/2021 12:00:00 AM,2215,2,2,0,0,RAINING,WET,True,COLLISION IN PARKING LOT,BACKING,STRAIGHT & LEVEL,DARK (UNKNOWN ROADWAY LIGHTING),,,11/1/2021 3:05:23 PM,False,5708,Accepted,
29182814,0568000,LOUISVILLE METRO POLICE DEPT,Accepted,JEFFERSON,I 0065,,I65 S,,,,,,,,,38.088411334,-85.701321937,123.323,10/29/2021 12:00:00 AM,2255,2,2,0,0,RAINING,WET,False,1 VEHICLE ENTERING/LEAVING ENTRANCE,ANGLE,STRAIGHT & LEVEL,DARK-HWY LIGHTED/ON,,,11/4/2021 8:27:50 AM,True,7100,Accepted,
29150701,0568000,LOUISVILLE METRO POLICE DEPT,Accepted,JEFFERSON,US0031E,,BARDSTOWN,RD,,,FERN CREEK,,,,,38.157634849,-85.590989840,6.100,10/29/2021 12:00:00 AM,1908,2,2,0,0,RAINING,WET,True,OTHER INTERSECTION COLLISIONS,REAR END,STRAIGHT & GRADE,DARK-HWY NOT LIGHTED,,,11/1/2021 8:26:19 AM,False,5404,Accepted,
29150709,0568000,LOUISVILLE METRO POLICE DEPT,Accepted,JEFFERSON,KY1865,,TAYLOR,BLVD,,,BROOKLINE,,,,,38.175200951,-85.782506690,4.708,10/29/2021 12:00:00 AM,2114,2,2,0,1,RAINING,WET,True,ANGLE COLLISION - OTHER,ANGLE,STRAIGHT & LEVEL,DARK-HWY LIGHTED/ON,,,11/1/2021 8:26:43 AM,False,5316,Accepted,
29150717,0568000,LOUISVILLE METRO POLICE DEPT,Accepted,JEFFERSON,KY0061,,JACKSON,ST,S,,MUHAMMAD ALI,,,,,38.249755958,-85.744796022,12.611,10/29/2021 12:00:00 AM,1847,2,1,0,1,CLOUDY,WET,False,COLLISION WITH PEDESTRIAN IN INTERSECTION,SINGLE VEHICLE,STRAIGHT & LEVEL,DARK-HWY LIGHTED/ON,,,11/1/2021 8:27:06 AM,False,5187,Accepted,
29150678,0568000,LOUISVILLE METRO POLICE DEPT,Accepted,JEFFERSON,I 0065,,I65 N,,,,,,,,,38.238397149,-85.752997337,134.751,10/29/2021 12:00:00 AM,1245,2,2,0,0,CLOUDY,DRY,False,REAR END IN TRAFFIC LANES BOTH VEHICLES MOVING,REAR END,STRAIGHT & HILLCREST,DAYLIGHT,,,11/1/2021 8:24:55 AM,False,5175,Accepted,
29150685,0568000,LOUISVILLE METRO POLICE DEPT,Accepted,JEFFERSON,KY2052,,SHEPHERDSVILLE,RD,,,MONACO,,,,,38.140374459,-85.657963793,0.095,10/29/2021 12:00:00 AM,1459,2,2,0,0,CLEAR,DRY,False,OPPOSING LEFT TURN,OPPOSING LEFT TURN,STRAIGHT & LEVEL,DAYLIGHT,,,11/1/2021 8:25:17 AM,False,2324,Accepted,
29150686,0568000,LOUISVILLE METRO POLICE DEPT,Accepted,JEFFERSON,I 0065,,I65 N,,,,,I 0065,I65 N EXIT128 TRANSIT,I 0065,I65 N EXIT128 ON RAMP FROM KY1631,38.154253342,-85.716136703,128.026,10/29/2021 12:00:00 AM,1621,5,5,0,0,CLEAR,DRY,False,REAR END IN TRAFFIC LANES BOTH VEHICLES MOVING,REAR END,STRAIGHT & LEVEL,DAYLIGHT,,,11/1/2021 8:25:21 AM,False,2324,Accepted,
29150743,0568000,LOUISVILLE METRO POLICE DEPT,Accepted,JEFFERSON,KY2052,,SHEPHERDSVILLE,RD,,,WHISPERING HILLS,,,,,38.148572682,-85.659904020,0.691,10/29/2021 12:00:00 AM,2137,3,3,0,2,RAINING,WET,False,OTHER INTERSECTION COLLISIONS,REAR END,STRAIGHT & LEVEL,DARK-HWY LIGHTED/ON,,,11/1/2021 8:29:24 AM,False,5042,Accepted,
29150751,0568000,LOUISVILLE METRO POLICE DEPT,Accepted,JEFFERSON,US0060A,,EASTERN,PKWY,,,DELOR,,,,,38.217116822,-85.738461412,4.853,10/29/2021 12:00:00 AM,1944,2,2,0,0,RAINING,WET,False,OTHER INTERSECTION COLLISIONS,REAR END,STRAIGHT & LEVEL,DARK-HWY LIGHTED/ON,,,11/1/2021 8:29:40 AM,False,5236,Accepted,
29150693,0568000,LOUISVILLE METRO POLICE DEPT,Accepted,JEFFERSON,,447,8TH,ST,S,,,,,,,38.252419868,-85.763918383,0.342,10/29/2021 12:00:00 AM,1435,2,2,0,0,CLEAR,DRY,False,COLLISION IN PARKING LOT,ANGLE,STRAIGHT & LEVEL,DAYLIGHT,,,11/1/2021 8:25:50 AM,False,5173,Accepted,
29150694,0568000,LOUISVILLE METRO POLICE DEPT,Accepted,JEFFERSON,,,28TH,ST,S,,GREENWOOD,,,,,38.242274917,-85.799539401,1.306,10/29/2021 12:00:00 AM,1907,2,2,0,0,CLOUDY,DRY,False,ANGLE COLLISION - OTHER,ANGLE,STRAIGHT & LEVEL,DUSK,,,11/1/2021 8:25:54 AM,False,5273,Accepted,
29150684,0568000,LOUISVILLE METRO POLICE DEPT,Accepted,JEFFERSON,,,DIXIE,HWY,,,,,BURNETT,,STANDARD,38.230686367,-85.789525366,1.324,10/29/2021 12:00:00 AM,1700,2,2,0,0,RAINING,WET,True,OTHER ROADWAY OR MID-BLOCK COLLISION,REAR END,STRAIGHT & LEVEL,DAYLIGHT,,,11/1/2021 8:25:14 AM,False,2469,Accepted,
29150669,0568000,LOUISVILLE METRO POLICE DEPT,Accepted,JEFFERSON,I 0071,,I71 S,,,,,,,,,38.290680636,-85.642773454,5.294,10/29/2021 12:00:00 AM,0927,1,1,0,0,CLOUDY,WET,False,OTHER COLLISIONS ON SHOULDER,SINGLE VEHICLE,CURVE & LEVEL,DAYLIGHT,,,11/1/2021 8:24:30 AM,False,4903,Accepted,
29150670,0568000,LOUISVILLE METRO POLICE DEPT,Accepted,JEFFERSON,I 0264,,I264 E,,,,,,,,,38.223085747,-85.822244781,4.000,10/29/2021 12:00:00 AM,0347,2,2,2,1,CLEAR,DRY,False,HEAD-ON COLLISION,HEAD ON,STRAIGHT & LEVEL,DARK-HWY LIGHTED/ON,,,11/1/2021 8:24:33 AM,False,7628,Accepted,
29150744,0568000,LOUISVILLE METRO POLICE DEPT,Accepted,JEFFERSON,KY0061,,PRESTON,HWY,,KY1747,FERN VALLEY,,,,,38.156617358,-85.696682297,5.340,10/29/2021 12:00:00 AM,2137,4,4,0,0,RAINING,WET,False,OTHER INTERSECTION COLLISIONS,REAR END,STRAIGHT & LEVEL,DARK-HWY LIGHTED/ON,,,11/1/2021 8:29:30 AM,False,5042,Accepted,
29150718,0568000,LOUISVILLE METRO POLICE DEPT,Accepted,JEFFERSON,KY0061,,PRESTON,ST,S,,,,,,,38.237763386,-85.748833076,12.047,10/29/2021 12:00:00 AM,1608,2,2,0,0,CLEAR,DRY,False,1 VEHICLE ENTERING/LEAVING ENTRANCE,ANGLE,STRAIGHT & LEVEL,DAYLIGHT,,,11/1/2021 8:27:11 AM,False,5258,Accepted,
29150720,0568000,LOUISVILLE METRO POLICE DEPT,Accepted,JEFFERSON,,,5TH,ST,S,,CATHEDRAL SCHOOL,,,,,38.252194057,-85.758953332,3.486,10/29/2021 12:00:00 AM,2112,2,2,0,0,RAINING,WET,False,ANGLE COLLISION - OTHER,ANGLE,STRAIGHT & LEVEL,DARK-HWY LIGHTED/ON,,,11/1/2021 8:27:21 AM,False,5354,Accepted,
29150702,0568000,LOUISVILLE METRO POLICE DEPT,Accepted,JEFFERSON,KY1703,,NEWBURG,RD,,,BISHOP,,,,,38.200925073,-85.685992152,2.139,10/29/2021 12:00:00 AM,2219,2,2,0,0,RAINING,WET,False,ANGLE COLLISION - OTHER,ANGLE,STRAIGHT & LEVEL,DARK-HWY LIGHTED/ON,,,11/1/2021 8:26:22 AM,False,7547,Accepted,
29150703,0568000,LOUISVILLE METRO POLICE DEPT,Accepted,JEFFERSON,US0060,,SHELBYVILLE,RD,,,,,,,,38.248564702,-85.602906847,6.433,10/29/2021 12:00:00 AM,2225,2,2,0,0,RAINING,WET,False,SIDESWIPE COLLISION - SAME DIRECTION,SIDESWIPE-SAME DIRECTION,STRAIGHT & LEVEL,DARK-HWY LIGHTED/OFF,,,11/1/2021 8:26:26 AM,False,6777,Accepted,
29150775,0568000,LOUISVILLE METRO POLICE DEPT,Accepted,JEFFERSON,,3750,OAKDALE,AVE,,,,,4TH,,3RD,38.200612493,-85.765109823,0.001,10/29/2021 12:00:00 AM,0915,2,2,0,1,,,True,1 VEHICLE PARKED POSITION (NOT PARKING LOT/DRIVEWAY),REAR END,,,,,11/1/2021 8:31:19 AM,False,2745,Accepted,
29141433,0568000,LOUISVILLE METRO POLICE DEPT,Accepted,JEFFERSON,KY1065,,BEULAH CHURCH,RD,,,FERNVIEW,,,,,38.146871671,-85.595575146,11.331,10/28/2021 12:00:00 AM,0840,2,2,0,0,CLOUDY,DRY,False,ANGLE COLLISION - OTHER,ANGLE,STRAIGHT & GRADE,DAYLIGHT,,,10/29/2021 7:40:29 AM,False,4693,Accepted,
29141453,0568000,LOUISVILLE METRO POLICE DEPT,Accepted,JEFFERSON,KY0061,,PRESTON,HWY,,I 0065,I264 W EXIT12 OFF RAMP TO,,,,,38.191361509,-85.727500242,8.336,10/28/2021 12:00:00 AM,1328,2,2,0,1,RAINING,WET,False,ANGLE COLLISION - ONE VEHICLE TURNING LEFT,ANGLE,STRAIGHT & HILLCREST,DAYLIGHT,,,10/29/2021 7:42:17 AM,False,5351,Accepted,
29141469,0568000,LOUISVILLE METRO POLICE DEPT,Accepted,JEFFERSON,,,15TH,ST,S,,MAPLE,,,,,38.246106419,-85.776863899,1.430,10/28/2021 12:00:00 AM,1811,2,2,0,0,CLEAR,DRY,False,ANGLE COLLISION - OTHER,ANGLE,STRAIGHT & LEVEL,DAYLIGHT,,,10/29/2021 7:44:23 AM,False,5132,Accepted,
29141470,0568000,LOUISVILLE METRO POLICE DEPT,Accepted,JEFFERSON,US0060,,SHELBYVILLE,RD,,,,,,,,38.245073790,-85.559272234,8.829,10/28/2021 12:00:00 AM,1939,2,2,0,0,CLOUDY,DRY,False,HEAD-ON COLLISION,HEAD ON,STRAIGHT & LEVEL,DARK-HWY LIGHTED/ON,,,10/29/2021 7:44:27 AM,False,7330,Accepted,
29141477,0568000,LOUISVILLE METRO POLICE DEPT,Accepted,JEFFERSON,,1332,WINTER,AVE,,,,,,,,38.236520079,-85.725857051,0.178,10/28/2021 12:00:00 AM,0714,2,2,0,0,CLEAR,WET,False,1 VEHICLE ENTERING/LEAVING ENTRANCE,ANGLE,STRAIGHT & LEVEL,DARK-HWY LIGHTED/ON,,,10/29/2021 7:45:09 AM,False,5405,Accepted,
29141478,0568000,LOUISVILLE METRO POLICE DEPT,Accepted,JEFFERSON,KY0907,4624,VALLEY STATION,RD,,,,,,,,38.105914433,-85.844761906,1.241,10/28/2021 12:00:00 AM,1927,2,2,0,2,RAINING,WET,False,HEAD-ON COLLISION,HEAD ON,CURVE & HILLCREST,DARK-HWY LIGHTED/ON,,,10/29/2021 7:45:16 AM,False,7166,Accepted,
29150692,0568000,LOUISVILLE METRO POLICE DEPT,Accepted,JEFFERSON,,,HAZELWOOD,AVE,,,BLUEGRASS,,,,,38.179384989,-85.788254210,0.815,10/28/2021 12:00:00 AM,1846,2,2,0,0,RAINING,WET,False,ANGLE COLLISION - OTHER,ANGLE,STRAIGHT & LEVEL,DUSK,,,11/1/2021 8:25:45 AM,False,7645,Accepted,
29141484,0568000,LOUISVILLE METRO POLICE DEPT,Accepted,JEFFERSON,,,3RD,ST,S,,WOODLAWN,,,,,38.181610402,-85.766224785,1.321,10/28/2021 12:00:00 AM,1945,2,2,0,2,CLEAR,DRY,False,ANGLE COLLISION - OTHER,ANGLE,STRAIGHT & LEVEL,DARK-HWY LIGHTED/ON,,,10/29/2021 7:45:43 AM,False,5349,Accepted,
29150667,0568000,LOUISVILLE METRO POLICE DEPT,Accepted,JEFFERSON,I 0264,,I264 E,,,,,I 0264,I264 E EXIT17A OFF RAMP TO KY155 S,I 0264,I264 E EXIT16 ON RAMP FROM US31E,38.217235306,-85.659490610,16.437,10/28/2021 12:00:00 AM,1728,3,3,0,0,CLOUDY,WET,False,1 VEHICLE ENTERING/LEAVING ENTRANCE,ANGLE,STRAIGHT & LEVEL,DAYLIGHT,,,11/1/2021 8:24:18 AM,False,7742,Accepted,
29141426,0568000,LOUISVILLE METRO POLICE DEPT,Accepted,JEFFERSON,,,CENTRAL,AVE,,,MONTANA,,,,,38.207339589,-85.777022454,1.101,10/28/2021 12:00:00 AM,1250,2,2,0,0,CLOUDY,WET,False,ANGLE COLLISION - OTHER,ANGLE,STRAIGHT & LEVEL,DAYLIGHT,,,10/29/2021 7:40:01 AM,False,5358,Accepted,
29141434,0568000,LOUISVILLE METRO POLICE DEPT,Accepted,JEFFERSON,KY0061,,PRESTON,HWY,,,,,,,,38.183776562,-85.722143351,7.682,10/28/2021 12:00:00 AM,0733,2,2,0,0,CLOUDY,DRY,False,REAR END IN TRAFFIC LANES BOTH VEHICLES MOVING,REAR END,STRAIGHT & LEVEL,DAWN,,,10/29/2021 7:40:33 AM,False,4693,Accepted,
29141435,0568000,LOUISVILLE METRO POLICE DEPT,Accepted,JEFFERSON,US0031W,,DIXIE,HWY,,,,,,,,38.170814964,-85.826588442,13.487,10/28/2021 12:00:00 AM,0747,4,4,0,1,CLOUDY,DRY,False,SIDESWIPE COLLISION - SAME DIRECTION,SIDESWIPE-SAME DIRECTION,STRAIGHT & LEVEL,DAWN,,,10/29/2021 7:40:37 AM,False,7252,Accepted,
29141436,0568000,LOUISVILLE METRO POLICE DEPT,Accepted,JEFFERSON,KY1020,,3RD,ST,S,,GAULBERT,,,,,38.224496078,-85.760477520,10.600,10/28/2021 12:00:00 AM,1318,4,4,0,0,RAINING,WET,False,ANGLE COLLISION - OTHER,ANGLE,STRAIGHT & LEVEL,DAYLIGHT,,,10/29/2021 7:40:41 AM,False,5399,Accepted,
29127505,0568000,LOUISVILLE METRO POLICE DEPT,Accepted,JEFFERSON,KY1932,3322,BRECKENRIDGE,LN,,,,,,,,38.197480120,-85.624984888,1.139,10/28/2021 12:00:00 AM,0209,2,2,0,0,CLEAR,DRY,True,1 VEHICLE PARKED POSITION (NOT PARKING LOT/DRIVEWAY),ANGLE,STRAIGHT & LEVEL,DARK-HWY LIGHTED/ON,,,10/28/2021 8:16:08 AM,False,5239,Accepted,
29141441,0568000,LOUISVILLE METRO POLICE DEPT,Accepted,JEFFERSON,,,BRENT,ST,,US0150,BROADWAY,,,,,38.244438826,-85.735662727,0.007,10/28/2021 12:00:00 AM,1622,2,2,0,0,CLOUDY,WET,False,SIDESWIPE-SAME DIRECTION,SIDESWIPE-SAME DIRECTION,STRAIGHT & LEVEL,DAYLIGHT,,,10/29/2021 7:40:56 AM,False,7239,Accepted,
29133294,0560300,ST. MATTHEWS POLICE DEPARTMENT,Accepted,JEFFERSON,US0060,5000,SHELBYVILLE,RD,,,,,,,,38.250234571,-85.622129035,5.383,10/28/2021 12:00:00 AM,1310,2,2,0,0,RAINING,WET,False,REAR END IN TRAFFIC LANES BOTH VEHICLES MOVING,REAR END,STRAIGHT & LEVEL,DAYLIGHT,,,10/28/2021 3:48:21 PM,False,9155,Accepted,
29141450,0568000,LOUISVILLE METRO POLICE DEPT,Accepted,JEFFERSON,KY1447,,WESTPORT,RD,,,ACCOMACK,,,,,38.300050054,-85.538864442,7.216,10/28/2021 12:00:00 AM,1743,2,2,0,0,RAINING,WET,True,SIDESWIPE-SAME DIRECTION,SIDESWIPE-SAME DIRECTION,STRAIGHT & LEVEL,DAYLIGHT,,,10/29/2021 7:42:05 AM,False,2346,Accepted,
29141451,0568000,LOUISVILLE METRO POLICE DEPT,Accepted,JEFFERSON,I 0264,,,,,,,,,,,38.271298779,-85.808273206,0.237,10/28/2021 12:00:00 AM,1720,2,2,0,0,RAINING,WET,False,OTHER RAMP RELATED COLLISIONS NOT LISTED ABOVE,REAR END,STRAIGHT & LEVEL,DAYLIGHT,BANK ST,I 0264,10/29/2021 7:42:09 AM,False,7220,Accepted,
29141459,0568000,LOUISVILLE METRO POLICE DEPT,Accepted,JEFFERSON,I 0264,,,,,,,,,,,38.210235440,-85.673677515,0.167,10/28/2021 12:00:00 AM,1659,2,2,0,0,RAINING,WET,False,OTHER RAMP RELATED COLLISIONS NOT LISTED ABOVE,SIDESWIPE-SAME DIRECTION,STRAIGHT & LEVEL,DAYLIGHT,US31E,I 0264,10/29/2021 7:43:30 AM,False,6813,Accepted,
29141466,0568000,LOUISVILLE METRO POLICE DEPT,Accepted,JEFFERSON,I 0265,,I265 E,,,,,,,,,38.148697602,-85.540722108,19.711,10/28/2021 12:00:00 AM,1633,2,2,0,0,RAINING,WET,False,REAR END IN TRAFFIC LANES BOTH VEHICLES MOVING,REAR END,CURVE & GRADE,DAYLIGHT,,,10/29/2021 7:44:07 AM,False,2321,Accepted,
29141467,0568000,LOUISVILLE METRO POLICE DEPT,Accepted,JEFFERSON,KY1931,3620,MANSLICK,RD,,,,,,,,38.194713454,-85.800298193,8.324,10/28/2021 12:00:00 AM,1706,2,2,0,0,RAINING,WET,True,SIDESWIPE COLLISION - OPPOSITE DIRECTION,SIDESWIPE-OPPOSITE DIRECTION,CURVE & LEVEL,DAYLIGHT,,,10/29/2021 7:44:13 AM,False,7468,Accepted,
29141468,0568000,LOUISVILLE METRO POLICE DEPT,Accepted,JEFFERSON,KY1747,131,HURSTBOURNE,PKWY,S,,,,,,,38.243002596,-85.576795739,13.243,10/28/2021 12:00:00 AM,1733,3,3,0,0,RAINING,WET,False,1 VEHICLE ENTERING/LEAVING ENTRANCE,ANGLE,STRAIGHT & LEVEL,DAYLIGHT,,,10/29/2021 7:44:18 AM,False,7483,Accepted,
29175242,0568000,LOUISVILLE METRO POLICE DEPT,Accepted,JEFFERSON,I 0064,,I64 W,,,,,,,,,38.258959360,-85.748972678,4.716,10/28/2021 12:00:00 AM,1827,2,1,0,0,CLOUDY,WET,False,REAR END IN TRAFFIC LANES BOTH VEHICLES MOVING,REAR END,STRAIGHT & LEVEL,DAYLIGHT,,,11/2/2021 8:38:10 AM,False,7904,Accepted,
29150688,0568000,LOUISVILLE METRO POLICE DEPT,Accepted,JEFFERSON,,,SPRING,ST,N,US0042,MELLWOOD,,,,,38.255491136,-85.722256922,0.194,10/28/2021 12:00:00 AM,1830,2,2,0,0,CLEAR,DRY,True,OTHER INTERSECTION COLLISIONS,REAR END,STRAIGHT & LEVEL,DAYLIGHT,,,11/1/2021 8:25:29 AM,False,2217,Accepted,
29141482,0568000,LOUISVILLE METRO POLICE DEPT,Accepted,JEFFERSON,I 0264,,I264 W,,,,,,,,,38.190194957,-85.761338264,10.440,10/28/2021 12:00:00 AM,2131,2,2,0,1,CLEAR,DRY,False,SIDESWIPE COLLISION - SAME DIRECTION,SIDESWIPE-SAME DIRECTION,STRAIGHT & GRADE,DARK-HWY LIGHTED/ON,,,10/29/2021 7:45:36 AM,False,5204,Accepted,
29150665,0568000,LOUISVILLE METRO POLICE DEPT,Accepted,JEFFERSON,,,FRANKLIN,AVE,,,,,,,,38.194803523,-85.726154797,0.278,10/28/2021 12:00:00 AM,0925,2,2,0,0,CLOUDY,DRY,False,1 VEHICLE PARKED POSITION (NOT PARKING LOT/DRIVEWAY),SIDESWIPE-SAME DIRECTION,STRAIGHT & LEVEL,DAYLIGHT,,,11/1/2021 8:24:10 AM,False,4693,Accepted,
29150666,0568000,LOUISVILLE METRO POLICE DEPT,Accepted,JEFFERSON,KY0061,,PRESTON,HWY,,,,,,,,38.117627974,-85.677211815,2.417,10/28/2021 12:00:00 AM,1334,2,2,0,0,CLOUDY,DRY,False,COLLISION IN PARKING LOT,SIDESWIPE-OPPOSITE DIRECTION,STRAIGHT & LEVEL,DAYLIGHT,,,11/1/2021 8:24:14 AM,False,4693,Accepted,
29150673,0568000,LOUISVILLE METRO POLICE DEPT,Accepted,JEFFERSON,,,AIKEN,RD,,,,,FOREST POINTE,KY1531,JOHNSON,38.265221859,-85.463901254,3.912,10/28/2021 12:00:00 AM,1802,2,2,0,3,RAINING,WET,False,SIDESWIPE COLLISION - OPPOSITE DIRECTION,SIDESWIPE-OPPOSITE DIRECTION,STRAIGHT & HILLCREST,DAYLIGHT,,,11/1/2021 8:24:43 AM,False,2109,Accepted,
29141449,0568000,LOUISVILLE METRO POLICE DEPT,Accepted,JEFFERSON,I 0265,,I265 E,,,,,,,,,38.151038317,-85.538284553,19.924,10/28/2021 12:00:00 AM,1312,1,1,0,0,RAINING,WET,False,COLLISION WITH FIXED OBJECT NON - INTERSECTION - FIRST EVENT COLLISION 09 - 32 EXCLUDING 16,SINGLE VEHICLE,STRAIGHT & LEVEL,DAYLIGHT,,,10/29/2021 7:42:02 AM,False,7751,Accepted,
29141465,0568000,LOUISVILLE METRO POLICE DEPT,Accepted,JEFFERSON,,,BRENTLINGER,LN,,,,,SEATONVILLE,,OLD BRENTLINGER,38.134170398,-85.550739790,1.599,10/28/2021 12:00:00 AM,1818,2,2,0,0,RAINING,WET,False,1 VEHICLE ENTERING/LEAVING ENTRANCE,ANGLE,CURVE & LEVEL,DAYLIGHT,,,10/29/2021 7:44:02 AM,False,6878,Accepted,
29150687,0568000,LOUISVILLE METRO POLICE DEPT,Accepted,JEFFERSON,I 0064,,,,,,,,,,,38.236501372,-85.658616030,0.234,10/28/2021 12:00:00 AM,1837,2,2,0,0,CLEAR,DRY,True,OTHER RAMP RELATED COLLISIONS NOT LISTED ABOVE,REAR END,CURVE & HILLCREST,DAYLIGHT,I 0064,KY2048,11/1/2021 8:25:25 AM,False,2217,Accepted,
29141437,0568000,LOUISVILLE METRO POLICE DEPT,Accepted,JEFFERSON,I 0064,,,,,,,,,,,38.260451967,-85.741823904,0.071,10/28/2021 12:00:00 AM,1333,1,1,0,1,RAINING,WET,False,OTHER RAMP RELATED COLLISIONS NOT LISTED ABOVE,SINGLE VEHICLE,CURVE & GRADE,DAYLIGHT,I 0065,I 0064,10/29/2021 7:40:47 AM,False,2764,Accepted,
29150671,0568000,LOUISVILLE METRO POLICE DEPT,Accepted,JEFFERSON,,,18TH,ST,S,,MUHAMMAD ALI,,,,,38.253642476,-85.780555429,0.378,10/28/2021 12:00:00 AM,1815,1,1,0,0,CLEAR,DRY,True,OTHER INTERSECTION COLLISIONS,SINGLE VEHICLE,STRAIGHT & LEVEL,DAYLIGHT,,,11/1/2021 8:24:37 AM,False,7058,Accepted,
29127499,0568000,LOUISVILLE METRO POLICE DEPT,Accepted,JEFFERSON,I 0071,,I71 N,,,,,,,,,38.288997894,-85.644000020,5.210,10/28/2021 12:00:00 AM,0331,1,1,0,0,CLOUDY,DRY,False,RAN OFF ROADWAY (1 VEHICLE WITH/EARTH EMBANKMENT/DITCH),SINGLE VEHICLE,CURVE & LEVEL,DARK-HWY LIGHTED/ON,,,10/28/2021 8:15:49 AM,False,5004,Accepted,
29141472,0568000,LOUISVILLE METRO POLICE DEPT,Accepted,JEFFERSON,KY1934,,GREENBELT,HWY,,,LOWER HUNTERS,,,,,38.170152618,-85.875973266,6.203,10/28/2021 12:00:00 AM,1843,2,2,0,1,RAINING,WET,False,OPPOSING LEFT TURN,OPPOSING LEFT TURN,STRAIGHT & LEVEL,DARK-HWY NOT LIGHTED,,,10/29/2021 7:44:43 AM,False,7365,Accepted,
29141479,0568000,LOUISVILLE METRO POLICE DEPT,Accepted,JEFFERSON,KY1747,,HURSTBOURNE,PKWY,S,KY1747,KY1747 TURN LANE,,,,,38.183243348,-85.606860480,8.503,10/28/2021 12:00:00 AM,1930,2,2,0,0,CLEAR,DRY,False,SIDESWIPE COLLISION - SAME DIRECTION,SIDESWIPE-SAME DIRECTION,STRAIGHT & LEVEL,DARK (UNKNOWN ROADWAY LIGHTING),,,10/29/2021 7:45:22 AM,False,5222,Accepted,
29141856,0568000,LOUISVILLE METRO POLICE DEPT,Accepted,JEFFERSON,I 0264,,I264 W,,,,,,,,,38.209839491,-85.673895827,15.500,10/28/2021 12:00:00 AM,1659,2,1,0,0,RAINING,WET,False,REAR END IN TRAFFIC LANES BOTH VEHICLES MOVING,REAR END,STRAIGHT & LEVEL,DAYLIGHT,,,10/29/2021 7:42:56 AM,False,6813,Accepted,
29142867,0564500,PROSPECT POLICE DEPARTMENT,Accepted,JEFFERSON,KY3222,8000,ROSE ISLAND,RD,,,,,,,,38.364261656,-85.616730407,0.706,10/28/2021 12:00:00 AM,1959,1,1,0,0,RAINING,WET,False,COLLISION WITH FIXED OBJECT NON - INTERSECTION - FIRST EVENT COLLISION 09 - 32 EXCLUDING 16,SINGLE VEHICLE,CURVE & GRADE,DARK-HWY NOT LIGHTED,,,10/29/2021 2:00:44 PM,False,1123,Accepted,