IncidentID,AgencyORI,AgencyName,IncidentStatusDesc,County,RdwyNumber,Street,RoadwayName,StreetSfx,StreetDir,IntersectionRdwy,IntersectionRdwyName,BetweenStRdwy1,BetweenStRdwyName1,BetweenStRdwy2,BetweenStRdwyName2,Latitude,Longitude,Milepoint,CollisionDate,CollisionTime,UnitsInvolved,MotorVehiclesInvolved,NumberKilled,NumberInjured,Weather,RdwyConditionCode,HitandRun,DirAnalysisCode,MannerofCollision,RdwyCharacter,LightCondition,RampFromRdwyId,RampToRdwyId,AcceptedDate,IsSecondaryCollision,OwnerBadge,IncidentStatus,
29175238,0568000,LOUISVILLE METRO POLICE DEPT,Accepted,JEFFERSON,KY1934,,CANE RUN,RD,,KY2049,CRUMS,,,,,38.199354614,-85.837225531,9.191,10/28/2021 12:00:00 AM,1703,2,1,0,0,CLEAR,DRY,False,OTHER INTERSECTION COLLISIONS,REAR END,STRAIGHT & LEVEL,DAYLIGHT,,,11/2/2021 8:37:30 AM,False,5208,Accepted,
29161495,0568000,LOUISVILLE METRO POLICE DEPT,Accepted,JEFFERSON,,,ROY WILKINS,AVE,,US0150,BROADWAY,,,,,38.246914993,-85.766401992,0.739,10/28/2021 12:00:00 AM,1454,2,2,0,0,RAINING,WET,False,SIDESWIPE-SAME DIRECTION,SIDESWIPE-SAME DIRECTION,STRAIGHT & LEVEL,DAYLIGHT,,,11/2/2021 8:38:01 AM,False,7904,Accepted,
29175240,0568000,LOUISVILLE METRO POLICE DEPT,Accepted,JEFFERSON,US0031,,CLARK MEMORIAL,BRG,,,,,,,,38.256882555,-85.753264683,0.044,10/28/2021 12:00:00 AM,1419,3,1,0,0,RAINING,WET,False,REAR END IN TRAFFIC LANES BOTH VEHICLES MOVING,REAR END,STRAIGHT & GRADE,DAYLIGHT,,,11/2/2021 8:37:43 AM,False,7904,Accepted,
29161512,0568000,LOUISVILLE METRO POLICE DEPT,Accepted,JEFFERSON,I 0064,,I64 W,,,,,I 0064,I64 W EXIT137 RAMP TO I64 W,I 0064,I64 W EXIT5 OFF RAMP TO  N  3RD ST,38.259050173,-85.750273004,4.645,10/28/2021 12:00:00 AM,1817,2,2,0,1,CLOUDY,WET,False,REAR END IN TRAFFIC LANES BOTH VEHICLES MOVING,REAR END,STRAIGHT & LEVEL,DUSK,,,11/2/2021 8:39:40 AM,False,7229,Accepted,
29321678,0568000,LOUISVILLE METRO POLICE DEPT,Accepted,JEFFERSON,I 0065,,I65 N,,,I 0264,I264 E,,,,,38.190100233,-85.728933552,130.713,10/28/2021 12:00:00 AM,0724,3,3,0,0,CLOUDY,DRY,False,OTHER INTERSECTION COLLISIONS,REAR END,STRAIGHT & GRADE,DARK-HWY LIGHTED/ON,,,11/17/2021 7:08:00 AM,False,7720,Accepted,
29339645,0568000,LOUISVILLE METRO POLICE DEPT,Accepted,JEFFERSON,US0031W,,DIXIE,HWY,,,,,,,,38.152781717,-85.835948312,12.239,10/28/2021 12:00:00 AM,0844,2,2,0,0,CLOUDY,DRY,False,SIDESWIPE COLLISION - SAME DIRECTION,SIDESWIPE-SAME DIRECTION,STRAIGHT & LEVEL,DAYLIGHT,,,11/22/2021 8:46:19 AM,False,7244,Accepted,
29141438,0568000,LOUISVILLE METRO POLICE DEPT,Accepted,JEFFERSON,KY1020,,3RD,ST,S,,,,IOWA,,M,38.207778598,-85.763415085,9.693,10/28/2021 12:00:00 AM,0904,2,2,0,1,CLOUDY,DRY,False,1 VEHICLE PARKED POSITION (NOT PARKING LOT/DRIVEWAY),REAR END,STRAIGHT & LEVEL,DAYLIGHT,,,10/29/2021 7:40:51 AM,False,7257,Accepted,
29141445,0568000,LOUISVILLE METRO POLICE DEPT,Accepted,JEFFERSON,KY0864,1111,GOSS,AVE,,,,,,,,38.226878358,-85.734825088,14.036,10/28/2021 12:00:00 AM,1644,3,3,0,1,RAINING,WET,False,1 VEHICLE PARKED POSITION (NOT PARKING LOT/DRIVEWAY),REAR END,STRAIGHT & LEVEL,DAYLIGHT,,,10/29/2021 7:41:45 AM,False,5037,Accepted,
29141446,0568000,LOUISVILLE METRO POLICE DEPT,Accepted,JEFFERSON,KY1934,,GREENBELT,HWY,,,ASHBY,,,,,38.110990629,-85.894416852,1.921,10/28/2021 12:00:00 AM,1451,2,2,0,0,RAINING,WET,False,OTHER INTERSECTION COLLISIONS,REAR END,STRAIGHT & LEVEL,DAYLIGHT,,,10/29/2021 7:41:49 AM,False,7356,Accepted,
29141447,0568000,LOUISVILLE METRO POLICE DEPT,Accepted,JEFFERSON,,,1ST,ST,S,,,,BROOK,,LEE,38.223381179,-85.755866226,2.257,10/28/2021 12:00:00 AM,0732,2,2,0,0,CLEAR,DRY,False,1 VEHICLE PARKED POSITION (NOT PARKING LOT/DRIVEWAY),SIDESWIPE-SAME DIRECTION,CURVE & LEVEL,DAWN,,,10/29/2021 7:41:53 AM,False,5120,Accepted,
29141454,0568000,LOUISVILLE METRO POLICE DEPT,Accepted,JEFFERSON,,231,KENNEDY,AVE,,,,,,,,38.252032087,-85.687872389,0.188,10/28/2021 12:00:00 AM,1735,3,3,0,0,CLOUDY,WET,True,1 VEHICLE PARKED POSITION (NOT PARKING LOT/DRIVEWAY),HEAD ON,STRAIGHT & LEVEL,DAYLIGHT,,,10/29/2021 7:42:21 AM,False,7403,Accepted,
29141456,0568000,LOUISVILLE METRO POLICE DEPT,Accepted,JEFFERSON,,,BLANTON,LN,,US0031W,DIXIE,,,,,38.157402703,-85.833533183,0.023,10/28/2021 12:00:00 AM,1733,2,2,0,0,CLOUDY,WET,False,ANGLE COLLISION - OTHER,ANGLE,STRAIGHT & LEVEL,DUSK,,,10/29/2021 7:42:36 AM,False,2457,Accepted,
29141462,0568000,LOUISVILLE METRO POLICE DEPT,Accepted,JEFFERSON,,9115,FERN CREEK,RD,,,,,,,,38.156486557,-85.591682815,0.669,10/28/2021 12:00:00 AM,1715,2,2,0,1,RAINING,WET,False,1 VEHICLE ENTERING/LEAVING ENTRANCE,ANGLE,STRAIGHT & LEVEL,DAYLIGHT,,,10/29/2021 7:43:49 AM,False,7812,Accepted,
29141463,0568000,LOUISVILLE METRO POLICE DEPT,Accepted,JEFFERSON,,,SIX MILE,LN,,,KLONDIKE,,,,,38.199165031,-85.643345700,0.580,10/28/2021 12:00:00 AM,1423,2,2,0,0,RAINING,WET,False,ANGLE COLLISION - ONE VEHICLE TURNING LEFT,ANGLE,CURVE & LEVEL,DAYLIGHT,,,10/29/2021 7:43:56 AM,False,5375,Accepted,
29141421,0568000,LOUISVILLE METRO POLICE DEPT,Accepted,JEFFERSON,,3334,DUVALLE,DR,,,,,,,,38.227370338,-85.812129111,0.177,10/28/2021 12:00:00 AM,0919,2,2,0,0,CLOUDY,DRY,False,1 VEHICLE PARKED POSITION (NOT PARKING LOT/DRIVEWAY),BACKING,STRAIGHT & LEVEL,DAYLIGHT,,,10/29/2021 7:39:26 AM,False,5232,Accepted,
29141422,0568000,LOUISVILLE METRO POLICE DEPT,Accepted,JEFFERSON,,,JEFFERSON,ST,E,,BROOK,,,,,38.253100904,-85.750406855,0.959,10/28/2021 12:00:00 AM,0923,2,2,0,0,CLOUDY,DRY,False,ANGLE COLLISION - OTHER,ANGLE,STRAIGHT & LEVEL,DAYLIGHT,,,10/29/2021 7:39:30 AM,False,7229,Accepted,
29141429,0568000,LOUISVILLE METRO POLICE DEPT,Accepted,JEFFERSON,I 0065,,I65 N,,,I 0065,I65 N EXIT132 ON RAMP FROM  CRITTENDEN DR,,,,,38.206685742,-85.747896656,132.368,10/28/2021 12:00:00 AM,0724,3,3,0,0,CLOUDY,DRY,False,OTHER INTERSECTION COLLISIONS,REAR END,CURVE & GRADE,DARK-HWY LIGHTED/ON,,,10/29/2021 7:40:15 AM,False,7720,Accepted,
29303256,0568000,LOUISVILLE METRO POLICE DEPT,Accepted,JEFFERSON,,,34TH,ST,S,,,,,,,38.249626143,-85.808637906,0.891,10/28/2021 12:00:00 AM,1656,2,2,0,0,CLEAR,DRY,True,SIDESWIPE COLLISION - OPPOSITE DIRECTION,SIDESWIPE-OPPOSITE DIRECTION,STRAIGHT & LEVEL,DAYLIGHT,,,11/12/2021 7:30:56 AM,False,7469,Accepted,
29299997,0568000,LOUISVILLE METRO POLICE DEPT,Accepted,JEFFERSON,KY2860,,GRINSTEAD,DR,,,GLENMARY,,,,,38.243002679,-85.707498259,0.852,10/28/2021 12:00:00 AM,1648,2,2,0,0,RAINING,WET,False,HEAD-ON COLLISION,HEAD ON,CURVE & GRADE,DAYLIGHT,,,11/11/2021 8:34:37 AM,False,2228,Accepted,
29141430,0568000,LOUISVILLE METRO POLICE DEPT,Accepted,JEFFERSON,US0031E,,BAXTER,AVE,,,,,ROGERS,US0150,BROADWAY,38.244208345,-85.727365170,15.939,10/27/2021 12:00:00 AM,1735,3,3,0,1,CLEAR,DRY,False,1 VEHICLE ENTERING/LEAVING ENTRANCE,ANGLE,STRAIGHT & LEVEL,DAYLIGHT,,,10/29/2021 7:40:19 AM,False,2228,Accepted,
29141432,0568000,LOUISVILLE METRO POLICE DEPT,Accepted,JEFFERSON,US0150,,BROADWAY,,E,,,,,,,38.244952849,-85.742930894,3.225,10/27/2021 12:00:00 AM,1453,2,2,0,0,CLEAR,DRY,False,OTHER ROADWAY OR MID-BLOCK COLLISION,OPPOSING LEFT TURN,STRAIGHT & LEVEL,DAYLIGHT,,,10/29/2021 7:40:25 AM,False,5385,Accepted,
29141423,0568000,LOUISVILLE METRO POLICE DEPT,Accepted,JEFFERSON,,,OAK,ST,W,,,,4TH,KY1020,3RD,38.234997593,-85.759467262,0.226,10/27/2021 12:00:00 AM,1720,2,2,0,0,CLEAR,DRY,False,1 VEHICLE PARKED POSITION (NOT PARKING LOT/DRIVEWAY),REAR END,STRAIGHT & LEVEL,DAYLIGHT,,,10/29/2021 7:39:35 AM,False,7619,Accepted,
29127492,0568000,LOUISVILLE METRO POLICE DEPT,Accepted,JEFFERSON,KY1020,,3RD,ST,S,,OAK,,,,,38.234786611,-85.758675322,11.311,10/27/2021 12:00:00 AM,1109,2,2,0,0,CLEAR,DRY,False,SIDESWIPE-SAME DIRECTION,SIDESWIPE-SAME DIRECTION,STRAIGHT & LEVEL,DAYLIGHT,,,10/28/2021 8:15:23 AM,False,7495,Accepted,
29127451,0568000,LOUISVILLE METRO POLICE DEPT,Accepted,JEFFERSON,,814,GILLILAND,RD,,,,,,,,38.226587130,-85.457575359,0.465,10/27/2021 12:00:00 AM,0731,1,1,0,0,CLOUDY,FLOODED,False,COLLISION WITH FIXED OBJECT NON - INTERSECTION - FIRST EVENT COLLISION 09 - 32 EXCLUDING 16,SINGLE VEHICLE,CURVE & HILLCREST,DAYLIGHT,,,10/28/2021 8:13:44 AM,False,7876,Accepted,
29127457,0568000,LOUISVILLE METRO POLICE DEPT,Accepted,JEFFERSON,KY0864,,POPLAR LEVEL,RD,,,,,,,,38.184351030,-85.699536643,10.421,10/27/2021 12:00:00 AM,0934,3,3,0,0,CLEAR,DRY,False,REAR END IN TRAFFIC LANES BOTH VEHICLES MOVING,REAR END,STRAIGHT & LEVEL,DAYLIGHT,,,10/28/2021 8:13:58 AM,False,4693,Accepted,
29127458,0568000,LOUISVILLE METRO POLICE DEPT,Accepted,JEFFERSON,,,FERN CREEK,RD,,,,,,,,38.155165575,-85.592054922,0.569,10/27/2021 12:00:00 AM,1151,2,2,0,0,CLEAR,DRY,False,COLLISION IN PARKING LOT,BACKING,STRAIGHT & LEVEL,DAYLIGHT,,,10/28/2021 8:14:01 AM,False,4693,Accepted,
29127459,0568000,LOUISVILLE METRO POLICE DEPT,Accepted,JEFFERSON,,,COOPER CHAPEL,RD,,,PRICE,,,,,38.104644319,-85.649630945,1.318,10/27/2021 12:00:00 AM,1321,2,2,0,0,CLEAR,DRY,False,OPPOSING LEFT TURN,OPPOSING LEFT TURN,STRAIGHT & LEVEL,DAYLIGHT,,,10/28/2021 8:14:05 AM,False,4693,Accepted,
29127465,0568000,LOUISVILLE METRO POLICE DEPT,Accepted,JEFFERSON,US0031E,,BARDSTOWN,RD,,,,,EMRICH,,CUMNOCK,38.167851986,-85.603440593,7.126,10/27/2021 12:00:00 AM,1107,2,2,0,0,CLEAR,DRY,False,REAR END IN TRAFFIC LANES BOTH VEHICLES MOVING,REAR END,STRAIGHT & LEVEL,DAYLIGHT,,,10/28/2021 8:14:29 AM,False,2324,Accepted,
29127466,0568000,LOUISVILLE METRO POLICE DEPT,Accepted,JEFFERSON,,,PARK,RD,S,,,,MINOR,,OLD SOUTH PARK,38.118952769,-85.703957065,1.551,10/27/2021 12:00:00 AM,1204,2,2,0,0,CLEAR,DRY,False,SIDESWIPE COLLISION - OPPOSITE DIRECTION,SIDESWIPE-OPPOSITE DIRECTION,CURVE & GRADE,DAYLIGHT,,,10/28/2021 8:14:32 AM,False,2324,Accepted,
29127468,0568000,LOUISVILLE METRO POLICE DEPT,Accepted,JEFFERSON,KY1747,,FERN VALLEY,RD,,,HOLIDAY TOWERS,,,,,38.157303087,-85.714424678,0.974,10/27/2021 12:00:00 AM,1428,2,2,0,1,CLEAR,DRY,False,ANGLE COLLISION - OTHER,ANGLE,STRAIGHT & LEVEL,DAYLIGHT,,,10/28/2021 8:14:36 AM,False,2324,Accepted,
29127460,0568000,LOUISVILLE METRO POLICE DEPT,Accepted,JEFFERSON,,2213,KENTUCKY,ST,W,,,,,,,38.242269888,-85.790836276,1.832,10/27/2021 12:00:00 AM,1442,2,2,0,0,CLEAR,DRY,True,SIDESWIPE COLLISION - SAME DIRECTION,SIDESWIPE-SAME DIRECTION,STRAIGHT & LEVEL,DAYLIGHT,,,10/28/2021 8:14:08 AM,False,7381,Accepted,
29127474,0568000,LOUISVILLE METRO POLICE DEPT,Accepted,JEFFERSON,KY1747,,FERN VALLEY,RD,,,,,,,,38.160284166,-85.641996712,5.040,10/27/2021 12:00:00 AM,1717,2,2,0,0,CLEAR,DRY,False,REAR END IN TRAFFIC LANES BOTH VEHICLES MOVING,REAR END,STRAIGHT & LEVEL,DAYLIGHT,,,10/28/2021 8:14:50 AM,False,7106,Accepted,
29127483,0568000,LOUISVILLE METRO POLICE DEPT,Accepted,JEFFERSON,,,MUHAMMAD ALI,BLVD,W,,,,30TH,,32ND,38.256408008,-85.804875547,2.875,10/27/2021 12:00:00 AM,1105,1,1,0,0,CLEAR,DRY,False,COLLISION WITH FIXED OBJECT NON - INTERSECTION - FIRST EVENT COLLISION 09 - 32 EXCLUDING 16,SINGLE VEHICLE,STRAIGHT & LEVEL,DAYLIGHT,,,10/28/2021 8:14:57 AM,False,5251,Accepted,
29127494,0568000,LOUISVILLE METRO POLICE DEPT,Accepted,JEFFERSON,KY1865,,TAYLOR,BLVD,,,ASHLAND,,,,,38.186987753,-85.783733991,5.554,10/27/2021 12:00:00 AM,2215,2,2,0,0,CLEAR,DRY,False,ANGLE COLLISION - ONE VEHICLE TURNING LEFT,ANGLE,STRAIGHT & LEVEL,DARK-HWY LIGHTED/ON,,,10/28/2021 8:15:32 AM,False,5387,Accepted,
29127500,0568000,LOUISVILLE METRO POLICE DEPT,Accepted,JEFFERSON,KY1747,,FERN VALLEY,RD,,I 0065,I65 N EXIT128 ON RAMP FROM KY1631 W,,,,,38.157505418,-85.715768560,0.914,10/27/2021 12:00:00 AM,2310,2,2,0,1,CLEAR,DRY,False,OTHER INTERSECTION COLLISIONS,REAR END,STRAIGHT & GRADE,DARK-HWY LIGHTED/ON,,,10/28/2021 8:15:52 AM,False,5403,Accepted,
29127501,0568000,LOUISVILLE METRO POLICE DEPT,Accepted,JEFFERSON,,3420,BLANTON,LN,,,,,,,,38.154809815,-85.824095419,0.652,10/27/2021 12:00:00 AM,2059,1,1,0,1,CLEAR,DRY,False,OTHER ROADWAY OR MID-BLOCK COLLISION,SINGLE VEHICLE,CURVE & LEVEL,DARK-HWY LIGHTED/ON,,,10/28/2021 8:15:55 AM,False,5224,Accepted,
29127502,0568000,LOUISVILLE METRO POLICE DEPT,Accepted,JEFFERSON,US0060A,,BERRY,BLVD,,CS1097F,WHEELER,,,,,38.196461892,-85.788191332,1.177,10/27/2021 12:00:00 AM,1958,3,3,0,3,CLEAR,DRY,True,REAR END IN TRAFFIC LANES BOTH VEHICLES MOVING,REAR END,STRAIGHT & LEVEL,DARK-HWY LIGHTED/ON,,,10/28/2021 8:15:58 AM,False,5372,Accepted,
29141420,0568000,LOUISVILLE METRO POLICE DEPT,Accepted,JEFFERSON,,,DIXIE,HWY,,,DUMESNIL,,,,,38.236328435,-85.787138254,0.908,10/27/2021 12:00:00 AM,1455,2,2,0,0,CLEAR,DRY,False,OTHER INTERSECTION COLLISIONS,REAR END,STRAIGHT & LEVEL,DAYLIGHT,,,10/29/2021 7:39:19 AM,False,5132,Accepted,
29090330,0568000,LOUISVILLE METRO POLICE DEPT,Accepted,JEFFERSON,,1145,DIXIE,HWY,,,,,,,,38.238752212,-85.786211330,0.717,10/27/2021 12:00:00 AM,0409,2,2,0,0,CLEAR,DRY,True,1 VEHICLE PARKED POSITION (NOT PARKING LOT/DRIVEWAY),REAR END,STRAIGHT & LEVEL,DARK (UNKNOWN ROADWAY LIGHTING),,,10/27/2021 11:10:34 AM,False,5327,Accepted,
29076511,0568000,LOUISVILLE METRO POLICE DEPT,Accepted,JEFFERSON,,4000,BUECHEL BANK,RD,,,,,,,,38.178021976,-85.649327462,0.991,10/27/2021 12:00:00 AM,0605,2,1,0,1,CLEAR,DRY,True,COLLISION WITH PEDESTRIAN NON - INTERSECTION,SINGLE VEHICLE,STRAIGHT & LEVEL,DARK-HWY NOT LIGHTED,,,10/27/2021 9:33:33 AM,False,5182,Accepted,
29178330,0568000,LOUISVILLE METRO POLICE DEPT,Accepted,JEFFERSON,,,LIPPS,LN,,,NOLTEMEYER WYNDE,,,,,38.142832758,-85.679110576,0.551,10/27/2021 12:00:00 AM,1530,2,2,0,0,CLOUDY,DRY,False,ANGLE COLLISION - ONE VEHICLE TURNING LEFT,ANGLE,STRAIGHT & LEVEL,DAYLIGHT,,,11/3/2021 8:23:27 AM,False,2583,Accepted,
29127758,0563800,NORTHFIELD POLICE DEPARTMENT,Accepted,JEFFERSON,KY0022,,BROWNSBORO,RD,,KY2050,HERR,,,,,38.283721708,-85.628276974,0.453,10/27/2021 12:00:00 AM,1750,2,2,0,0,CLEAR,DRY,False,ANGLE COLLISION - OTHER,ANGLE,STRAIGHT & LEVEL,DAYLIGHT,,,10/28/2021 9:10:59 AM,False,1375,Accepted,
29150663,0568000,LOUISVILLE METRO POLICE DEPT,Accepted,JEFFERSON,,,TUCKER STATION,RD,,KY0155,TAYLORSVILLE,,,,,38.187068040,-85.523966900,4.527,10/27/2021 12:00:00 AM,1628,2,2,0,0,CLEAR,DRY,False,OPPOSING LEFT TURN,OPPOSING LEFT TURN,STRAIGHT & LEVEL,DAYLIGHT,,,11/1/2021 8:24:02 AM,False,5141,Accepted,
29141481,0568000,LOUISVILLE METRO POLICE DEPT,Accepted,JEFFERSON,KY1631,,CRITTENDEN,DR,,,CENTRAL,,,,,38.202967793,-85.750702911,1.035,10/27/2021 12:00:00 AM,2011,2,2,0,0,CLOUDY,DRY,True,SIDESWIPE-SAME DIRECTION,SIDESWIPE-SAME DIRECTION,STRAIGHT & LEVEL,DARK-HWY LIGHTED/ON,,,10/29/2021 7:45:32 AM,False,5204,Accepted,
29150774,0568000,LOUISVILLE METRO POLICE DEPT,Accepted,JEFFERSON,,,BROADWAY,,W,,,,,,,38.250077578,-85.813677472,1.367,10/27/2021 12:00:00 AM,2230,2,2,0,0,CLEAR,DRY,True,1 VEHICLE PARKED POSITION (NOT PARKING LOT/DRIVEWAY),REAR END,STRAIGHT & GRADE,DARK-HWY LIGHTED/ON,,,11/1/2021 8:31:09 AM,False,7357,Accepted,
29178328,0568000,LOUISVILLE METRO POLICE DEPT,Accepted,JEFFERSON,,5935,MIDNIGHT,LN,,,,,,,,38.116324096,-85.649795196,0.096,10/27/2021 12:00:00 AM,1235,1,1,0,0,CLOUDY,DRY,False,COLLISION WITH FIXED OBJECT NON - INTERSECTION - FIRST EVENT COLLISION 09 - 32 EXCLUDING 16,SINGLE VEHICLE,STRAIGHT & HILLCREST,DAYLIGHT,,,11/3/2021 8:23:22 AM,False,2583,Accepted,
29182798,0568000,LOUISVILLE METRO POLICE DEPT,Accepted,JEFFERSON,I 0065,,I65 S,,,,,,,,,38.153949051,-85.716264369,128.000,10/27/2021 12:00:00 AM,1651,2,2,0,4,CLEAR,DRY,False,REAR END IN TRAFFIC LANES BOTH VEHICLES MOVING,REAR END,STRAIGHT & LEVEL,DAYLIGHT,,,11/4/2021 8:27:10 AM,False,2217,Accepted,
29196061,0568000,LOUISVILLE METRO POLICE DEPT,Accepted,JEFFERSON,,,GRADE,LN,,,,,,,,38.159318533,-85.730503052,1.942,10/27/2021 12:00:00 AM,2208,2,2,0,0,CLEAR,DRY,False,COLLISION IN PARKING LOT,ANGLE,STRAIGHT & LEVEL,DARK (UNKNOWN ROADWAY LIGHTING),,,11/8/2021 7:35:17 AM,False,5389,Accepted,
29195926,0568000,LOUISVILLE METRO POLICE DEPT,Accepted,JEFFERSON,KY0155,,TAYLORSVILLE,RD,,,,,,,,38.219786040,-85.626154745,13.333,10/27/2021 12:00:00 AM,1412,2,2,0,0,CLEAR,DRY,False,SIDESWIPE COLLISION - SAME DIRECTION,SIDESWIPE-SAME DIRECTION,STRAIGHT & LEVEL,DAYLIGHT,,,11/8/2021 7:28:05 AM,False,7200,Accepted,
29195975,0568000,LOUISVILLE METRO POLICE DEPT,Accepted,JEFFERSON,US0031E,,BARDSTOWN,RD,,,DEL MARIA,,,,,38.170164121,-85.607002959,7.378,10/27/2021 12:00:00 AM,1846,2,2,0,0,CLOUDY,DRY,False,OPPOSING LEFT TURN,OPPOSING LEFT TURN,STRAIGHT & LEVEL,DAYLIGHT,,,11/8/2021 7:30:39 AM,False,7304,Accepted,
29141483,0568000,LOUISVILLE METRO POLICE DEPT,Accepted,JEFFERSON,,,SAVANNAH SPRINGS,DR,,,,,SOUTHERN CHARM,,MOSS GARDEN,38.128477848,-85.665173946,0.093,10/27/2021 12:00:00 AM,1634,2,2,0,0,CLEAR,DRY,False,1 VEHICLE PARKED POSITION (NOT PARKING LOT/DRIVEWAY),BACKING,STRAIGHT & LEVEL,DAYLIGHT,,,10/29/2021 7:45:39 AM,False,2324,Accepted,
29141443,0568000,LOUISVILLE METRO POLICE DEPT,Accepted,JEFFERSON,US0150,,BROADWAY,,E,,FLOYD,,,,,38.245542376,-85.749769772,2.837,10/27/2021 12:00:00 AM,1743,2,1,0,1,CLEAR,DRY,False,COLLISION WITH BICYCLE IN INTERSECTION,SINGLE VEHICLE,STRAIGHT & LEVEL,DAYLIGHT,,,10/29/2021 7:41:14 AM,False,5367,Accepted,
29127472,0568000,LOUISVILLE METRO POLICE DEPT,Accepted,JEFFERSON,,,CHAMBERLAIN,LN,,,,,,,,38.299140420,-85.541636165,2.107,10/27/2021 12:00:00 AM,1658,2,2,0,0,CLEAR,DRY,False,1 VEHICLE ENTERING/LEAVING ENTRANCE,ANGLE,STRAIGHT & LEVEL,DAYLIGHT,,,10/28/2021 8:14:46 AM,False,7111,Accepted,
29127490,0568000,LOUISVILLE METRO POLICE DEPT,Accepted,JEFFERSON,,,7TH,ST,S,,,KY2054,ALGONQUIN,,INDUSTRY,38.220139774,-85.777257873,0.009,10/27/2021 12:00:00 AM,1119,2,2,0,0,CLEAR,DRY,False,1 VEHICLE ENTERING/LEAVING ENTRANCE,ANGLE,STRAIGHT & GRADE,DAYLIGHT,,,10/28/2021 8:15:14 AM,False,5386,Accepted,
29127503,0568000,LOUISVILLE METRO POLICE DEPT,Accepted,JEFFERSON,,,BRECKINRIDGE,ST,E,,1ST,,,,,38.241351771,-85.754162500,1.600,10/27/2021 12:00:00 AM,2049,2,2,0,0,CLEAR,DRY,True,ANGLE COLLISION - OTHER,ANGLE,STRAIGHT & LEVEL,DARK-HWY LIGHTED/ON,,,10/28/2021 8:16:02 AM,False,5371,Accepted,
29127471,0568000,LOUISVILLE METRO POLICE DEPT,Accepted,JEFFERSON,US0031W,,DIXIE,HWY,,,,,,,,38.104517545,-85.868721611,8.393,10/27/2021 12:00:00 AM,1703,2,1,0,0,CLEAR,DRY,False,COLLISION IN PARKING LOT,SINGLE VEHICLE,STRAIGHT & LEVEL,DAYLIGHT,,,10/28/2021 8:14:43 AM,False,7723,Accepted,
29127495,0568000,LOUISVILLE METRO POLICE DEPT,Accepted,JEFFERSON,,,GRINSTEAD,DR,,US0031E,BARDSTOWN,,,,,38.238479157,-85.720935534,0.005,10/27/2021 12:00:00 AM,2210,2,1,0,1,CLEAR,DRY,False,COLLISION WITH PEDESTRIAN IN INTERSECTION,SINGLE VEHICLE,STRAIGHT & LEVEL,DARK-HWY LIGHTED/ON,,,10/28/2021 8:15:37 AM,False,5195,Accepted,
29127498,0568000,LOUISVILLE METRO POLICE DEPT,Accepted,JEFFERSON,KY1631,,CRITTENDEN,DR,,,,,,,,38.198466223,-85.750704918,0.727,10/27/2021 12:00:00 AM,2037,2,2,0,3,CLEAR,DRY,False,SIDESWIPE COLLISION - SAME DIRECTION,SIDESWIPE-SAME DIRECTION,STRAIGHT & LEVEL,DARK-HWY LIGHTED/ON,,,10/28/2021 8:15:45 AM,False,5302,Accepted,
29127504,0568000,LOUISVILLE METRO POLICE DEPT,Accepted,JEFFERSON,I 0265,,I265 W,,,,,,,,,38.133157390,-85.599945266,16.188,10/27/2021 12:00:00 AM,0620,1,1,0,0,CLEAR,DRY,False,COLLISION WITH ANIMAL NON INTERSECTION,SINGLE VEHICLE,STRAIGHT & LEVEL,DARK-HWY NOT LIGHTED,,,10/28/2021 8:16:05 AM,False,7072,Accepted,
29127454,0568000,LOUISVILLE METRO POLICE DEPT,Accepted,JEFFERSON,,,MUHAMMAD ALI,BLVD,W,,8TH,,,,,38.251815517,-85.764113986,0.633,10/27/2021 12:00:00 AM,0858,2,2,0,1,CLEAR,DRY,False,ANGLE COLLISION - OTHER,ANGLE,STRAIGHT & LEVEL,DAYLIGHT,,,10/28/2021 8:13:51 AM,False,5025,Accepted,
29127461,0568000,LOUISVILLE METRO POLICE DEPT,Accepted,JEFFERSON,US0031E,,BAXTER,AVE,,,PAYNE,,,,,38.246244559,-85.728934170,16.135,10/27/2021 12:00:00 AM,0816,2,2,0,0,CLEAR,DRY,False,ANGLE COLLISION - OTHER,ANGLE,STRAIGHT & LEVEL,DAYLIGHT,,,10/28/2021 8:14:14 AM,False,2228,Accepted,
29127462,0568000,LOUISVILLE METRO POLICE DEPT,Accepted,JEFFERSON,KY1065,,OUTER,LOOP,,,LONE OAK,,,,,38.137683499,-85.689666191,5.905,10/27/2021 12:00:00 AM,1523,2,1,0,1,CLEAR,DRY,False,COLLISION WITH PEDESTRIAN IN INTERSECTION,SINGLE VEHICLE,STRAIGHT & HILLCREST,DAYLIGHT,,,10/28/2021 8:14:17 AM,False,5026,Accepted,
29127463,0568000,LOUISVILLE METRO POLICE DEPT,Accepted,JEFFERSON,KY1065,175,OUTER,LOOP,,,,,,,,38.126581667,-85.779956386,0.817,10/27/2021 12:00:00 AM,1015,1,1,0,2,CLEAR,DRY,False,COLLISION WITH FIXED OBJECT NON - INTERSECTION - FIRST EVENT COLLISION 09 - 32 EXCLUDING 16,SINGLE VEHICLE,CURVE & LEVEL,DAYLIGHT,,,10/28/2021 8:14:22 AM,False,7356,Accepted,