IncidentID,AgencyORI,AgencyName,IncidentStatusDesc,County,RdwyNumber,Street,RoadwayName,StreetSfx,StreetDir,IntersectionRdwy,IntersectionRdwyName,BetweenStRdwy1,BetweenStRdwyName1,BetweenStRdwy2,BetweenStRdwyName2,Latitude,Longitude,Milepoint,CollisionDate,CollisionTime,UnitsInvolved,MotorVehiclesInvolved,NumberKilled,NumberInjured,Weather,RdwyConditionCode,HitandRun,DirAnalysisCode,MannerofCollision,RdwyCharacter,LightCondition,RampFromRdwyId,RampToRdwyId,AcceptedDate,IsSecondaryCollision,OwnerBadge,IncidentStatus,
28943288,0568000,LOUISVILLE METRO POLICE DEPT,Accepted,JEFFERSON,KY1865,,NEW CUT,RD,,,KENWOOD,,,,,38.161664115,-85.779197854,3.772,10/23/2021 12:00:00 AM,2105,3,1,0,2,RAINING,WET,False,COLLISION WITH PEDESTRIAN IN INTERSECTION,SINGLE VEHICLE,STRAIGHT & LEVEL,DARK-HWY LIGHTED/OFF,,,10/25/2021 8:57:04 AM,False,7362,Accepted,
28943296,0568000,LOUISVILLE METRO POLICE DEPT,Accepted,JEFFERSON,I 0264,,I264 E,,,,,,,,,38.190060363,-85.759203609,10.461,10/23/2021 12:00:00 AM,2214,2,2,0,0,CLOUDY,WET,False,REAR END IN TRAFFIC LANES BOTH VEHICLES MOVING,REAR END,STRAIGHT & LEVEL,DARK-HWY LIGHTED/ON,,,10/25/2021 8:58:07 AM,False,5337,Accepted,
28943297,0568000,LOUISVILLE METRO POLICE DEPT,Accepted,JEFFERSON,,214,24TH,ST,N,,,,COLUMBIA,,ROWAN,38.261931061,-85.789333328,0.114,10/23/2021 12:00:00 AM,0130,1,1,0,0,CLEAR,DRY,False,COLLISION WITH FIXED OBJECT NON - INTERSECTION - FIRST EVENT COLLISION 09 - 32 EXCLUDING 16,SINGLE VEHICLE,STRAIGHT & LEVEL,DARK-HWY NOT LIGHTED,,,10/25/2021 8:58:23 AM,False,5275,Accepted,
28943228,0568000,LOUISVILLE METRO POLICE DEPT,Accepted,JEFFERSON,US0031E,,BARDSTOWN,RD,,,,,,,,38.235244771,-85.715244542,15.039,10/23/2021 12:00:00 AM,0037,2,2,0,0,CLEAR,DRY,True,1 VEHICLE ENTERING/LEAVING ENTRANCE,ANGLE,STRAIGHT & LEVEL,DARK-HWY LIGHTED/ON,,,10/25/2021 8:49:49 AM,False,5405,Accepted,
28943464,0568000,LOUISVILLE METRO POLICE DEPT,Accepted,JEFFERSON,KY1931,,GREENWOOD,RD,,,MANGO,,,,,38.144167488,-85.854995346,2.307,10/23/2021 12:00:00 AM,2214,2,2,0,1,RAINING,WET,False,OPPOSING LEFT TURN,OPPOSING LEFT TURN,STRAIGHT & LEVEL,DARK-HWY LIGHTED/ON,,,10/25/2021 9:15:53 AM,False,7166,Accepted,
28943319,0568000,LOUISVILLE METRO POLICE DEPT,Accepted,JEFFERSON,,,7TH,ST,S,,INDUSTRY,,,,,38.221149361,-85.775738665,0.115,10/23/2021 12:00:00 AM,2026,2,2,0,0,RAINING,WET,False,SIDESWIPE-SAME DIRECTION,SIDESWIPE-SAME DIRECTION,STRAIGHT & LEVEL,DARK-HWY LIGHTED/ON,,,10/25/2021 9:01:48 AM,False,5131,Accepted,
29127491,0568000,LOUISVILLE METRO POLICE DEPT,Accepted,JEFFERSON,,,VORSTER,AVE,,US0031W,22ND,,,,,38.225143159,-85.794383393,0.137,10/23/2021 12:00:00 AM,2300,2,2,0,0,CLEAR,DRY,False,ANGLE COLLISION - OTHER,ANGLE,STRAIGHT & LEVEL,DARK-HWY LIGHTED/ON,,,10/28/2021 8:15:19 AM,False,5362,Accepted,
28984104,0561500,UNIV. OF LOUISVILLE POLICE,Accepted,JEFFERSON,,2800,FLOYD,ST,S,,,,,,,38.205089739,-85.758861031,3.392,10/23/2021 12:00:00 AM,1530,2,2,0,0,CLOUDY,DRY,False,COLLISION IN PARKING LOT,BACKING,STRAIGHT & LEVEL,DAYLIGHT,,,10/26/2021 10:29:58 AM,False,5690,Accepted,
29153177,0561500,UNIV. OF LOUISVILLE POLICE,Accepted,JEFFERSON,,2330,CRITTENDEN,DR,,,,,,,,38.213023879,-85.750961904,0.265,10/23/2021 12:00:00 AM,1805,1,1,0,0,CLEAR,DRY,False,COLLISION IN PARKING LOT,SINGLE VEHICLE,STRAIGHT & LEVEL,DAYLIGHT,,,11/1/2021 3:21:30 PM,False,5700,Accepted,
28943318,0568000,LOUISVILLE METRO POLICE DEPT,Accepted,JEFFERSON,I 0071,,I71 S,,,,,I 0071,I71 TURN AROUND8,I 0071,I71 TURN AROUND6,38.309398934,-85.593022163,8.375,10/23/2021 12:00:00 AM,2110,1,1,0,0,RAINING,WET,False,OTHER ROADWAY OR MID-BLOCK COLLISION,SINGLE VEHICLE,STRAIGHT & GRADE,DARK-HWY LIGHTED/ON,,,10/25/2021 9:01:15 AM,False,7159,Accepted,
28943325,0568000,LOUISVILLE METRO POLICE DEPT,Accepted,JEFFERSON,I 0065,,I65 S,,,I 0065,I65 S EXIT132 OFF RAMP TO  CRITTENDEN DR,,,,,38.207411483,-85.750683023,132.518,10/23/2021 12:00:00 AM,0821,3,3,0,1,CLEAR,DRY,True,SIDESWIPE-SAME DIRECTION,SIDESWIPE-SAME DIRECTION,STRAIGHT & LEVEL,DAYLIGHT,,,10/25/2021 9:04:41 AM,False,5186,Accepted,
28943293,0568000,LOUISVILLE METRO POLICE DEPT,Accepted,JEFFERSON,KY1020,,3RD,ST,S,,IOWA,,,,,38.207537893,-85.763455574,9.675,10/23/2021 12:00:00 AM,1943,2,2,0,1,RAINING,WET,False,ANGLE COLLISION - OTHER,ANGLE,STRAIGHT & LEVEL,DARK-HWY LIGHTED/ON,,,10/25/2021 8:57:44 AM,False,7435,Accepted,
28943350,0568000,LOUISVILLE METRO POLICE DEPT,Accepted,JEFFERSON,,706,DRUMMOND,WAY,,,,,,,,38.121499531,-85.752803352,0.123,10/23/2021 12:00:00 AM,1219,2,2,0,0,CLEAR,DRY,True,COLLISION IN PARKING LOT,,,DAYLIGHT,,,10/25/2021 9:07:36 AM,False,7252,Accepted,
28943300,0568000,LOUISVILLE METRO POLICE DEPT,Accepted,JEFFERSON,KY2054,,ALGONQUIN,PKWY,,,DIXIE,,,,,38.223158670,-85.792498765,1.640,10/23/2021 12:00:00 AM,2129,1,1,0,1,RAINING,WET,False,COLLISION WITH FIXED OBJECT IN INTERSECTION - FIRST EVENT COLLISION 09 - 32,SINGLE VEHICLE,STRAIGHT & LEVEL,DARK-HWY LIGHTED/ON,,,10/25/2021 8:59:02 AM,False,5309,Accepted,
28943256,0568000,LOUISVILLE METRO POLICE DEPT,Accepted,JEFFERSON,KY0841,,GENE SNYDER,FWY,,,,,,,,38.117763584,-85.786721316,5.500,10/23/2021 12:00:00 AM,0600,1,1,0,0,CLOUDY,DRY,False,OTHER COLLISIONS ON SHOULDER,SINGLE VEHICLE,STRAIGHT & LEVEL,DARK-HWY NOT LIGHTED,,,10/25/2021 8:52:57 AM,False,5259,Accepted,
28943233,0568000,LOUISVILLE METRO POLICE DEPT,Accepted,JEFFERSON,KY0907,,3RD ST,RD,,,LAKERIDGE,,,,,38.116456023,-85.812267644,3.366,10/23/2021 12:00:00 AM,0325,1,1,0,0,CLEAR,DRY,False,COLLISION WITH ANIMAL IN INTERSECTION,SINGLE VEHICLE,STRAIGHT & LEVEL,DARK-HWY LIGHTED/ON,,,10/25/2021 8:49:54 AM,False,7871,Accepted,
28943240,0568000,LOUISVILLE METRO POLICE DEPT,Accepted,JEFFERSON,,3644,KELLY,WAY,,,,,,,,38.215701001,-85.646300254,0.268,10/23/2021 12:00:00 AM,0354,2,2,0,0,CLEAR,DRY,False,1 VEHICLE PARKED POSITION (NOT PARKING LOT/DRIVEWAY),HEAD ON,STRAIGHT & LEVEL,DARK-HWY LIGHTED/ON,,,10/25/2021 8:50:47 AM,False,5328,Accepted,
28943251,0568000,LOUISVILLE METRO POLICE DEPT,Accepted,JEFFERSON,US0150,1000BLK,BROADWAY,,E,,BARRET,,,,,38.244271182,-85.733979819,3.721,10/23/2021 12:00:00 AM,0000,2,2,0,0,CLEAR,DRY,False,OPPOSING LEFT TURN,OPPOSING LEFT TURN,STRAIGHT & HILLCREST,DARK-HWY LIGHTED/ON,,,10/25/2021 8:52:21 AM,False,5330,Accepted,
28943268,0568000,LOUISVILLE METRO POLICE DEPT,Accepted,JEFFERSON,KY0907,,VALLEY STATION,RD,,,,US0031W,DIXIE,,DEERING,38.107364775,-85.865714312,0.058,10/23/2021 12:00:00 AM,0921,2,2,0,0,CLEAR,DRY,True,1 VEHICLE ENTERING/LEAVING ENTRANCE,ANGLE,STRAIGHT & LEVEL,DAYLIGHT,,,10/25/2021 8:54:12 AM,False,2021,Accepted,
28943274,0568000,LOUISVILLE METRO POLICE DEPT,Accepted,JEFFERSON,KY1065,,OUTER,LOOP,,KY6162,MINOR,,,,,38.136326003,-85.713374853,4.584,10/23/2021 12:00:00 AM,0925,2,2,0,5,CLEAR,DRY,False,ANGLE COLLISION - OTHER,ANGLE,STRAIGHT & LEVEL,DAYLIGHT,,,10/25/2021 8:55:14 AM,False,5026,Accepted,
28943283,0568000,LOUISVILLE METRO POLICE DEPT,Accepted,JEFFERSON,,,OXMOOR,LN,,,BULLITT,,,,,38.246820493,-85.613563231,0.175,10/23/2021 12:00:00 AM,1338,2,2,0,2,CLEAR,DRY,False,REAR END - ONE VEHICLE TURNING LEFT,REAR END,CURVE & LEVEL,DAYLIGHT,,,10/25/2021 8:56:15 AM,False,7441,Accepted,
28943285,0568000,LOUISVILLE METRO POLICE DEPT,Accepted,JEFFERSON,KY1934,,CANE RUN,RD,,KY2049,CRUMS,,,,,38.199543781,-85.837457426,9.201,10/23/2021 12:00:00 AM,1730,1,1,0,2,CLOUDY,DRY,False,COLLISION WITH FIXED OBJECT IN INTERSECTION - FIRST EVENT COLLISION 09 - 32,SINGLE VEHICLE,STRAIGHT & LEVEL,DAYLIGHT,,,10/25/2021 8:56:26 AM,False,5208,Accepted,
28943291,0568000,LOUISVILLE METRO POLICE DEPT,Accepted,JEFFERSON,,,ARCADE,AVE,,,UTAH,,,,,38.206008317,-85.784440368,0.312,10/23/2021 12:00:00 AM,2243,2,2,0,1,CLOUDY,WET,True,HEAD-ON COLLISION,HEAD ON,STRAIGHT & LEVEL,DARK-HWY LIGHTED/ON,,,10/25/2021 8:57:24 AM,False,5387,Accepted,
28943427,0568000,LOUISVILLE METRO POLICE DEPT,Accepted,JEFFERSON,,2213,GARLAND,AVE,,,,,,,,38.244168344,-85.789854866,1.215,10/23/2021 12:00:00 AM,1906,2,1,0,1,RAINING,WET,False,COLLISION WITH PEDESTRIAN NON - INTERSECTION,SINGLE VEHICLE,STRAIGHT & LEVEL,DARK (UNKNOWN ROADWAY LIGHTING),,,10/25/2021 9:10:10 AM,False,7381,Accepted,
28943440,0568000,LOUISVILLE METRO POLICE DEPT,Accepted,JEFFERSON,KY0061,,PRESTON,HWY,,,RACHEL,,,,,38.144026677,-85.689828167,4.370,10/23/2021 12:00:00 AM,1200,3,3,0,0,CLOUDY,DRY,False,ANGLE COLLISION - OTHER,ANGLE,STRAIGHT & LEVEL,DAYLIGHT,,,10/25/2021 9:12:34 AM,False,2583,Accepted,
28943432,0568000,LOUISVILLE METRO POLICE DEPT,Accepted,JEFFERSON,I 0264,,I264 W,,,,,,,,,38.190248697,-85.760263788,10.499,10/23/2021 12:00:00 AM,2006,2,2,0,0,CLOUDY,WET,True,REAR END IN TRAFFIC LANES BOTH VEHICLES MOVING,REAR END,STRAIGHT & LEVEL,DARK-HWY LIGHTED/OFF,,,10/25/2021 9:11:06 AM,False,5204,Accepted,
28943307,0568000,LOUISVILLE METRO POLICE DEPT,Accepted,JEFFERSON,I 0065,,65,,N,,,,,,,38.260572412,-85.735377261,0.257,10/23/2021 12:00:00 AM,2109,1,1,0,2,RAINING,WET,False,COLLISION WITH FIXED OBJECT NOT IN GORE ,SINGLE VEHICLE,CURVE & GRADE,DARK-HWY LIGHTED/ON,I 0065,I 0071,10/25/2021 8:59:54 AM,False,5311,Accepted,
28943551,0568000,LOUISVILLE METRO POLICE DEPT,Accepted,JEFFERSON,I 0264,,I264 W,,,,,,,,,38.190224286,-85.760459635,10.488,10/23/2021 12:00:00 AM,1924,2,2,0,0,RAINING,WET,False,REAR END IN TRAFFIC LANES BOTH VEHICLES MOVING,REAR END,STRAIGHT & LEVEL,DARK-HWY LIGHTED/OFF,,,10/25/2021 9:42:31 AM,False,5204,Accepted,
28944687,0568000,LOUISVILLE METRO POLICE DEPT,Accepted,JEFFERSON,US0031E,,BUECHEL,BYP,,,,,,,,38.191331854,-85.653185877,10.337,10/22/2021 12:00:00 AM,1821,2,1,0,0,CLEAR,DRY,False,REAR END IN TRAFFIC LANES BOTH VEHICLES MOVING,REAR END,STRAIGHT & HILLCREST,DUSK,,,10/25/2021 9:34:08 AM,False,7864,Accepted,
28943475,0568000,LOUISVILLE METRO POLICE DEPT,Accepted,JEFFERSON,,,GRADE,LN,,,FERN GRADE,,,,,38.158829789,-85.725138548,1.672,10/22/2021 12:00:00 AM,2117,2,2,0,0,CLEAR,DRY,False,OPPOSING LEFT TURN,OPPOSING LEFT TURN,STRAIGHT & LEVEL,DARK (UNKNOWN ROADWAY LIGHTING),,,10/25/2021 9:18:01 AM,False,5286,Accepted,
28943477,0568000,LOUISVILLE METRO POLICE DEPT,Accepted,JEFFERSON,KY0061,,PRESTON,HWY,,,TRIO,,,,,38.129955436,-85.682027366,3.320,10/22/2021 12:00:00 AM,1948,2,2,0,0,CLEAR,DRY,False,SIDESWIPE-SAME DIRECTION,SIDESWIPE-SAME DIRECTION,STRAIGHT & LEVEL,DARK-HWY LIGHTED/ON,,,10/25/2021 9:18:09 AM,False,5014,Accepted,
28943327,0568000,LOUISVILLE METRO POLICE DEPT,Accepted,JEFFERSON,,,CARDINAL,BLVD,W,,,KY1020,2ND,,1ST,38.220334189,-85.759626597,0.094,10/22/2021 12:00:00 AM,1646,2,2,0,0,CLEAR,DRY,False,1 VEHICLE ENTERING/LEAVING ENTRANCE,ANGLE,STRAIGHT & LEVEL,DAYLIGHT,,,10/25/2021 9:04:57 AM,False,5120,Accepted,
28943275,0568000,LOUISVILLE METRO POLICE DEPT,Accepted,JEFFERSON,,3101,SHERBROOKE,RD,,,,,,,,38.210541349,-85.676171174,0.225,10/22/2021 12:00:00 AM,1719,1,1,0,0,CLEAR,DRY,False,RAN OFF ROADWAY (1 VEHICLE WITH/EARTH EMBANKMENT/DITCH),SINGLE VEHICLE,STRAIGHT & LEVEL,DAYLIGHT,,,10/25/2021 8:55:21 AM,False,7740,Accepted,
28943258,0568000,LOUISVILLE METRO POLICE DEPT,Accepted,JEFFERSON,,1742,PATTON,CT,,,,,,,,38.222873071,-85.778755707,0.069,10/22/2021 12:00:00 AM,1800,2,2,0,0,CLEAR,DRY,False,COLLISION IN PARKING LOT,SIDESWIPE-SAME DIRECTION,STRAIGHT & LEVEL,DAYLIGHT,,,10/25/2021 8:53:02 AM,False,5343,Accepted,
28943249,0568000,LOUISVILLE METRO POLICE DEPT,Accepted,JEFFERSON,,1935,BLUEGRASS,AVE,,,,,,,,38.179001333,-85.798050841,0.042,10/22/2021 12:00:00 AM,2006,2,2,0,0,CLEAR,DRY,True,REAR END IN TRAFFIC LANES BOTH VEHICLES MOVING,REAR END,STRAIGHT & HILLCREST,DARK (UNKNOWN ROADWAY LIGHTING),,,10/25/2021 8:52:04 AM,False,5371,Accepted,
28943273,0568000,LOUISVILLE METRO POLICE DEPT,Accepted,JEFFERSON,I 0064,,I64 E,,,,,,,,,38.275270330,-85.817572909,0.522,10/22/2021 12:00:00 AM,1815,2,2,0,0,CLEAR,DRY,False,REAR END IN TRAFFIC LANES BOTH VEHICLES MOVING,REAR END,STRAIGHT & LEVEL,DAYLIGHT,,,10/25/2021 8:55:09 AM,False,5129,Accepted,
28943224,0568000,LOUISVILLE METRO POLICE DEPT,Accepted,JEFFERSON,US0031E,5412,BARDSTOWN,RD,,,,,,,,38.166640068,-85.601580863,6.953,10/22/2021 12:00:00 AM,1625,2,2,0,2,CLOUDY,DRY,False,OTHER ROADWAY OR MID-BLOCK COLLISION,OPPOSING LEFT TURN,STRAIGHT & LEVEL,DAYLIGHT,,,10/25/2021 8:49:27 AM,False,5141,Accepted,
28943226,0568000,LOUISVILLE METRO POLICE DEPT,Accepted,JEFFERSON,KY1703,,NEWBURG,RD,,,,,,,,38.210838526,-85.694687119,2.996,10/22/2021 12:00:00 AM,2210,2,2,0,0,CLEAR,DRY,False,OTHER ROADWAY OR MID-BLOCK COLLISION,OPPOSING LEFT TURN,STRAIGHT & LEVEL,DARK-HWY NOT LIGHTED,,,10/25/2021 8:49:44 AM,False,5104,Accepted,
28943215,0568000,LOUISVILLE METRO POLICE DEPT,Accepted,JEFFERSON,,,LINCOLN,AVE,,,MONTANA,,,,,38.210424891,-85.772827611,0.069,10/22/2021 12:00:00 AM,2119,2,2,0,1,CLEAR,DRY,True,ANGLE COLLISION - OTHER,ANGLE,STRAIGHT & LEVEL,DARK-HWY LIGHTED/ON,,,10/25/2021 8:48:57 AM,False,7435,Accepted,
28943323,0568000,LOUISVILLE METRO POLICE DEPT,Accepted,JEFFERSON,US0031E,,BARDSTOWN,RD,,KY1932,BRECKENRIDGE,,,,,38.181961452,-85.628019196,8.753,10/22/2021 12:00:00 AM,2029,2,2,0,0,CLEAR,DRY,False,OTHER INTERSECTION COLLISIONS,REAR END,STRAIGHT & LEVEL,DARK-HWY LIGHTED/ON,,,10/25/2021 9:03:01 AM,False,5171,Accepted,
28981439,0568000,LOUISVILLE METRO POLICE DEPT,Accepted,JEFFERSON,KY1020,,SOUTHERN,PKWY,,,ASHLAND,,,,,38.185209594,-85.767422544,8.076,10/22/2021 12:00:00 AM,1900,3,3,0,1,CLOUDY,DRY,False,OTHER INTERSECTION COLLISIONS,REAR END,STRAIGHT & LEVEL,DARK-HWY LIGHTED/ON,,,10/26/2021 8:44:14 AM,False,5139,Accepted,
28935123,0568000,LOUISVILLE METRO POLICE DEPT,Accepted,JEFFERSON,KY2845,,MANSLICK,RD,E,,COVENTRY,,,,,38.118388375,-85.661072720,1.075,10/22/2021 12:00:00 AM,0800,2,2,0,0,CLOUDY,DRY,False,OPPOSITE DIRECTION - BOTH VEHICLES GOING STRAIGHT AHEAD,SIDESWIPE-OPPOSITE DIRECTION,STRAIGHT & LEVEL,DAWN,,,10/22/2021 1:39:59 PM,False,2547,Accepted,
28935124,0568000,LOUISVILLE METRO POLICE DEPT,Accepted,JEFFERSON,KY0022,,BROWNSBORO,RD,,,,,,,,38.309070240,-85.572966452,4.066,10/22/2021 12:00:00 AM,0845,3,3,0,1,CLOUDY,DRY,False,1 VEHICLE ENTERING/LEAVING ENTRANCE,ANGLE,STRAIGHT & LEVEL,DAYLIGHT,,,10/22/2021 1:40:05 PM,False,2346,Accepted,
28935139,0568000,LOUISVILLE METRO POLICE DEPT,Accepted,JEFFERSON,I 0264,,I264 E,,,,,,,,,38.190129630,-85.754267883,10.729,10/22/2021 12:00:00 AM,1210,2,2,0,0,CLOUDY,DRY,False,SIDESWIPE COLLISION - SAME DIRECTION,SIDESWIPE-SAME DIRECTION,STRAIGHT & GRADE,DAYLIGHT,,,10/22/2021 1:41:51 PM,False,8278,Accepted,
28934019,0568000,LOUISVILLE METRO POLICE DEPT,Accepted,JEFFERSON,US0031E,,BARDSTOWN,RD,,,ICHABOD,,,,,38.131547547,-85.578192781,4.173,10/22/2021 12:00:00 AM,0003,2,2,0,1,CLEAR,DRY,False,ANGLE COLLISION - OTHER,ANGLE,STRAIGHT & LEVEL,DARK-HWY NOT LIGHTED,,,10/22/2021 8:28:45 AM,False,7827,Accepted,
29127452,0568000,LOUISVILLE METRO POLICE DEPT,Accepted,JEFFERSON,,,BARRET,AVE,,,,,WINTER,,KENTUCKY,38.235931483,-85.727692184,0.996,10/22/2021 12:00:00 AM,1111,2,2,0,0,CLEAR,DRY,False,1 VEHICLE PARKED POSITION (NOT PARKING LOT/DRIVEWAY),SIDESWIPE-SAME DIRECTION,STRAIGHT & LEVEL,DAYLIGHT,,,10/28/2021 8:13:47 AM,False,2228,Accepted,
28943146,0568000,LOUISVILLE METRO POLICE DEPT,Accepted,JEFFERSON,KY1934,,CANE RUN,RD,,,RICHMONT,,,,,38.197356500,-85.840328946,9.033,10/22/2021 12:00:00 AM,1510,3,3,0,1,CLEAR,DRY,True,OTHER INTERSECTION COLLISIONS,REAR END,,DAYLIGHT,,,10/25/2021 8:44:33 AM,False,7467,Accepted,
28943147,0568000,LOUISVILLE METRO POLICE DEPT,Accepted,JEFFERSON,,,INDIAN,TRL,E,,,,HELMWOOD,KY0061,PRESTON,38.168811117,-85.706297949,0.016,10/22/2021 12:00:00 AM,1446,2,2,0,0,CLOUDY,DRY,False,OTHER ROADWAY OR MID-BLOCK COLLISION,OPPOSING LEFT TURN,STRAIGHT & LEVEL,DAYLIGHT,,,10/25/2021 8:44:40 AM,False,7383,Accepted,
28943164,0568000,LOUISVILLE METRO POLICE DEPT,Accepted,JEFFERSON,I 0071,,I71 S,,,,,,,,,38.295255673,-85.629025278,6.121,10/22/2021 12:00:00 AM,1725,3,3,0,0,CLOUDY,DRY,False,HEAD-ON COLLISION,HEAD ON,STRAIGHT & GRADE,DAYLIGHT,,,10/25/2021 8:46:33 AM,False,2346,Accepted,
28943196,0568000,LOUISVILLE METRO POLICE DEPT,Accepted,JEFFERSON,,,FERN CREEK,RD,,US0031E,BARDSTOWN,,,,,38.157604921,-85.590953167,0.789,10/22/2021 12:00:00 AM,1435,3,3,0,0,CLEAR,DRY,False,VEHICLE BACKING IN INTERSECTION,BACKING,CURVE & LEVEL,DAYLIGHT,,,10/25/2021 8:48:06 AM,True,2321,Accepted,
28943205,0568000,LOUISVILLE METRO POLICE DEPT,Accepted,JEFFERSON,,,BLANTON,LN,,,MILLS,,,,,38.154661327,-85.826598122,0.499,10/22/2021 12:00:00 AM,1857,2,2,0,1,CLEAR,DRY,False,OPPOSING LEFT TURN,OPPOSING LEFT TURN,STRAIGHT & HILLCREST,DARK-HWY NOT LIGHTED,,,10/25/2021 8:48:47 AM,False,7365,Accepted,
28943219,0568000,LOUISVILLE METRO POLICE DEPT,Accepted,JEFFERSON,KY0022,,BROWNSBORO,RD,,,,,,,,38.310139734,-85.571242738,4.136,10/22/2021 12:00:00 AM,1806,2,2,0,0,CLEAR,DRY,False,REAR END IN TRAFFIC LANES BOTH VEHICLES MOVING,REAR END,STRAIGHT & LEVEL,DARK-HWY LIGHTED/ON,,,10/25/2021 8:49:16 AM,False,7408,Accepted,
28935157,0568000,LOUISVILLE METRO POLICE DEPT,Accepted,JEFFERSON,I 0065,,I65 N,,,,,,,,,38.173369360,-85.720048878,129.398,10/22/2021 12:00:00 AM,0748,2,2,0,1,CLOUDY,DRY,False,REAR END IN TRAFFIC LANES BOTH VEHICLES MOVING,REAR END,STRAIGHT & LEVEL,DAYLIGHT,,,10/22/2021 1:47:40 PM,False,4903,Accepted,
28943244,0568000,LOUISVILLE METRO POLICE DEPT,Accepted,JEFFERSON,,800,KENTUCKY,ST,E,,,,,,,38.236907397,-85.740578761,0.746,10/22/2021 12:00:00 AM,2032,2,2,0,0,CLEAR,DRY,False,COLLISION IN PARKING LOT,ANGLE,STRAIGHT & LEVEL,DARK-HWY LIGHTED/ON,,,10/25/2021 8:51:32 AM,False,5349,Accepted,
29127450,0568000,LOUISVILLE METRO POLICE DEPT,Accepted,JEFFERSON,I 0064,,I64 E,,,,,,,,,38.245206578,-85.698034680,8.262,10/22/2021 12:00:00 AM,1644,2,2,0,0,CLEAR,DRY,False,REAR END IN TRAFFIC LANES BOTH VEHICLES MOVING,REAR END,STRAIGHT & LEVEL,DAYLIGHT,,,10/28/2021 8:13:40 AM,False,8278,Accepted,
28943143,0568000,LOUISVILLE METRO POLICE DEPT,Accepted,JEFFERSON,,100,OXMOOR,CT,,,,,,,,38.247802624,-85.617086687,0.061,10/22/2021 12:00:00 AM,1250,1,1,0,1,CLOUDY,DRY,False,COLLISION WITH FIXED OBJECT NON - INTERSECTION - FIRST EVENT COLLISION 09 - 32 EXCLUDING 16,SINGLE VEHICLE,CURVE & LEVEL,DAYLIGHT,,,10/25/2021 8:43:58 AM,False,2013,Accepted,
28943158,0568000,LOUISVILLE METRO POLICE DEPT,Accepted,JEFFERSON,,,ST CATHERINE,ST,W,,1ST,,,,,38.236873967,-85.754927974,,10/22/2021 12:00:00 AM,1535,2,2,0,1,CLOUDY,DRY,False,ANGLE COLLISION - OTHER,ANGLE,STRAIGHT & LEVEL,DAYLIGHT,,,10/25/2021 8:46:04 AM,False,5186,Accepted,
28943190,0568000,LOUISVILLE METRO POLICE DEPT,Accepted,JEFFERSON,KY1931,,MANSLICK,RD,,,OLD MANSLICK,,,,,38.182419829,-85.799690248,7.455,10/22/2021 12:00:00 AM,1242,2,2,0,2,CLOUDY,DRY,False,OPPOSITE DIRECTION - BOTH VEHICLES GOING STRAIGHT AHEAD,SIDESWIPE-OPPOSITE DIRECTION,STRAIGHT & LEVEL,DAYLIGHT,,,10/25/2021 8:47:52 AM,False,5378,Accepted,
28935129,0568000,LOUISVILLE METRO POLICE DEPT,Accepted,JEFFERSON,I 0065,,I65 S,,,,,,,,,38.184287347,-85.723678900,130.209,10/22/2021 12:00:00 AM,1155,2,2,0,0,CLOUDY,DRY,False,SIDESWIPE COLLISION - SAME DIRECTION,SIDESWIPE-SAME DIRECTION,STRAIGHT & LEVEL,DAYLIGHT,,,10/22/2021 1:41:10 PM,False,4903,Accepted,
28943148,0568000,LOUISVILLE METRO POLICE DEPT,Accepted,JEFFERSON,US0060A,,GRINSTEAD,DR,,,ETLEY,,,,,38.244055419,-85.704239929,7.828,10/22/2021 12:00:00 AM,1626,2,2,0,0,CLOUDY,DRY,False,OPPOSING LEFT TURN,OPPOSING LEFT TURN,STRAIGHT & LEVEL,DAYLIGHT,,,10/25/2021 8:44:53 AM,False,2228,Accepted,
28935970,0566900,LOUISVILLE AIRPORT POLICE,Accepted,JEFFERSON,,600,LOWER TERMINAL,DR,,,,,,,,38.186147351,-85.742421634,0.194,10/22/2021 12:00:00 AM,0948,2,2,0,0,CLEAR,DRY,False,SIDESWIPE COLLISION - SAME DIRECTION,SIDESWIPE-SAME DIRECTION,CURVE & LEVEL,DAYLIGHT,,,10/22/2021 5:25:07 PM,False,5751,Accepted,
28943174,0568000,LOUISVILLE METRO POLICE DEPT,Accepted,JEFFERSON,I 0071,,I71 N,,,,,,,,,38.295293678,-85.628483201,6.180,10/22/2021 12:00:00 AM,1726,2,2,0,0,CLOUDY,DRY,False,REAR END IN TRAFFIC LANES BOTH VEHICLES MOVING,REAR END,STRAIGHT & GRADE,DAYLIGHT,,,10/25/2021 8:46:47 AM,False,2346,Accepted,
28943181,0568000,LOUISVILLE METRO POLICE DEPT,Accepted,JEFFERSON,,,OAK,ST,W,,12TH,,,,,38.236220508,-85.773616610,1.000,10/22/2021 12:00:00 AM,1018,2,2,0,1,CLEAR,DRY,False,ANGLE COLLISION - OTHER,ANGLE,STRAIGHT & LEVEL,DAYLIGHT,,,10/25/2021 8:46:51 AM,False,5032,Accepted,
28943183,0568000,LOUISVILLE METRO POLICE DEPT,Accepted,JEFFERSON,,,WATTERSON,TRL,S,,FERNDALE,,,,,38.156288427,-85.614653036,1.993,10/22/2021 12:00:00 AM,0812,3,3,0,0,CLOUDY,DRY,False,OTHER INTERSECTION COLLISIONS,REAR END,STRAIGHT & GRADE,DAYLIGHT,,,10/25/2021 8:46:59 AM,False,7812,Accepted,