IncidentID,AgencyORI,AgencyName,IncidentStatusDesc,County,RdwyNumber,Street,RoadwayName,StreetSfx,StreetDir,IntersectionRdwy,IntersectionRdwyName,BetweenStRdwy1,BetweenStRdwyName1,BetweenStRdwy2,BetweenStRdwyName2,Latitude,Longitude,Milepoint,CollisionDate,CollisionTime,UnitsInvolved,MotorVehiclesInvolved,NumberKilled,NumberInjured,Weather,RdwyConditionCode,HitandRun,DirAnalysisCode,MannerofCollision,RdwyCharacter,LightCondition,RampFromRdwyId,RampToRdwyId,AcceptedDate,IsSecondaryCollision,OwnerBadge,IncidentStatus,
28943199,0568000,LOUISVILLE METRO POLICE DEPT,Accepted,JEFFERSON,KY1931,,GREENWOOD,RD,,KY1727,TERRY,,,,,38.144771399,-85.872282101,1.357,10/22/2021 12:00:00 AM,2102,2,2,0,0,CLEAR,DRY,False,ANGLE COLLISION - OTHER,ANGLE,STRAIGHT & LEVEL,DARK-HWY NOT LIGHTED,,,10/25/2021 8:48:42 AM,False,5121,Accepted,
28935127,0568000,LOUISVILLE METRO POLICE DEPT,Accepted,JEFFERSON,US0060,,SHELBYVILLE,RD,,,,,,,,38.245745121,-85.569206976,8.226,10/22/2021 12:00:00 AM,1145,2,2,0,0,CLOUDY,DRY,False,1 VEHICLE ENTERING/LEAVING ENTRANCE,ANGLE,STRAIGHT & LEVEL,DAYLIGHT,,,10/22/2021 1:40:56 PM,False,7529,Accepted,
28934014,0568000,LOUISVILLE METRO POLICE DEPT,Accepted,JEFFERSON,US0031W,,DR W J HODGE,ST,,,,,,,,38.237325722,-85.788633363,18.828,10/21/2021 12:00:00 AM,1600,2,2,0,2,CLEAR,DRY,False,1 VEHICLE ENTERING/LEAVING ENTRANCE,ANGLE,STRAIGHT & LEVEL,DAYLIGHT,,,10/22/2021 8:27:03 AM,True,2469,Accepted,
28935544,0560300,ST. MATTHEWS POLICE DEPARTMENT,Accepted,JEFFERSON,US0060,,SHELBYVILLE,RD,,I 0264,I264 E EXIT20B OFF RAMP TO US60,,,,,38.249949086,-85.618770073,5.566,10/21/2021 12:00:00 AM,1944,2,2,0,2,CLEAR,DRY,False,OTHER INTERSECTION COLLISIONS,REAR END,STRAIGHT & LEVEL,DARK-HWY LIGHTED/ON,,,10/22/2021 3:36:56 PM,False,9151,Accepted,
28943150,0568000,LOUISVILLE METRO POLICE DEPT,Accepted,JEFFERSON,KY1934,4340,CANE RUN,RD,,,,,,,,38.198502172,-85.838583581,9.097,10/21/2021 12:00:00 AM,1744,2,2,0,1,CLOUDY,DRY,False,REAR END IN TRAFFIC LANES BOTH VEHICLES MOVING,REAR END,STRAIGHT & LEVEL,DAYLIGHT,,,10/25/2021 8:44:59 AM,False,7751,Accepted,
28935136,0568000,LOUISVILLE METRO POLICE DEPT,Accepted,JEFFERSON,I 0071,,I71 S,,,,,,,,,38.310285343,-85.591279334,8.490,10/21/2021 12:00:00 AM,1728,1,1,0,1,CLEAR,DRY,False,OTHER COLLISIONS ON SHOULDER,SINGLE VEHICLE,STRAIGHT & GRADE,DAYLIGHT,,,10/22/2021 1:41:38 PM,False,8278,Accepted,
28933974,0568000,LOUISVILLE METRO POLICE DEPT,Accepted,JEFFERSON,I 0264,,I264 W,,,,,,,,,38.203383849,-85.684732436,14.759,10/21/2021 12:00:00 AM,0739,3,3,0,0,CLOUDY,DRY,False,OTHER ROADWAY OR MID-BLOCK COLLISION,REAR END,STRAIGHT & LEVEL,DAYLIGHT,,,10/22/2021 8:22:15 AM,False,4903,Accepted,
28933982,0568000,LOUISVILLE METRO POLICE DEPT,Accepted,JEFFERSON,,,GREENWOOD,AVE,,,,,,,,38.242823784,-85.805850496,1.123,10/21/2021 12:00:00 AM,1020,1,1,0,0,CLOUDY,DRY,False,COLLISION WITH FIXED OBJECT NON - INTERSECTION - FIRST EVENT COLLISION 09 - 32 EXCLUDING 16,SINGLE VEHICLE,STRAIGHT & LEVEL,DAYLIGHT,,,10/22/2021 8:23:32 AM,False,5179,Accepted,
28933983,0568000,LOUISVILLE METRO POLICE DEPT,Accepted,JEFFERSON,I 0065,,I65 N,,,,,I 0065,I65 N EXIT136A OFF RAMP TO  S BROOK ST,I 0065,I65 N EXIT135 ON RAMP FROM  E SAINT CATHERINE ST,38.241614751,-85.752804813,134.974,10/21/2021 12:00:00 AM,1240,2,2,0,3,CLOUDY,DRY,False,REAR END IN TRAFFIC LANES BOTH VEHICLES MOVING,REAR END,STRAIGHT & LEVEL,DAYLIGHT,,,10/22/2021 8:23:47 AM,False,6360,Accepted,
28934000,0568000,LOUISVILLE METRO POLICE DEPT,Accepted,JEFFERSON,,6706,TERRY,RD,,,,,,,,38.178791036,-85.862869542,0.076,10/21/2021 12:00:00 AM,1622,3,3,0,0,CLEAR,DRY,False,REAR END IN TRAFFIC LANES BOTH VEHICLES MOVING,REAR END,STRAIGHT & LEVEL,DAYLIGHT,,,10/22/2021 8:26:11 AM,False,7234,Accepted,
28934001,0568000,LOUISVILLE METRO POLICE DEPT,Accepted,JEFFERSON,,300B,HILL,ST,W,,,,,,,38.225999809,-85.761911825,0.273,10/21/2021 12:00:00 AM,1730,3,3,0,0,CLEAR,DRY,True,1 VEHICLE PARKED POSITION (NOT PARKING LOT/DRIVEWAY),SIDESWIPE-SAME DIRECTION,STRAIGHT & LEVEL,DAYLIGHT,,,10/22/2021 8:26:14 AM,False,7132,Accepted,
28934007,0568000,LOUISVILLE METRO POLICE DEPT,Accepted,JEFFERSON,,,25TH,ST,S,,STANDARD,,,,,38.232610433,-85.795961172,1.113,10/21/2021 12:00:00 AM,1640,2,2,0,0,CLEAR,DRY,True,ANGLE COLLISION - OTHER,ANGLE,STRAIGHT & LEVEL,DAYLIGHT,,,10/22/2021 8:26:38 AM,False,5272,Accepted,
28929628,0568000,LOUISVILLE METRO POLICE DEPT,Accepted,JEFFERSON,US0031E,,MAIN,ST,E,,CLAY,,,,,38.254790962,-85.739810981,17.139,10/21/2021 12:00:00 AM,0659,2,2,0,0,CLEAR,DRY,False,ANGLE COLLISION - OTHER,ANGLE,STRAIGHT & LEVEL,DAWN,,,10/21/2021 8:21:54 AM,False,5341,Accepted,
28933973,0568000,LOUISVILLE METRO POLICE DEPT,Accepted,JEFFERSON,I 0064,,I64 W,,,,,,,,,38.275277574,-85.817038350,0.553,10/21/2021 12:00:00 AM,0836,2,2,0,0,CLEAR,DRY,True,SIDESWIPE COLLISION - SAME DIRECTION,SIDESWIPE-SAME DIRECTION,CURVE & LEVEL,DAYLIGHT,,,10/22/2021 8:21:53 AM,False,5388,Accepted,
28933981,0568000,LOUISVILLE METRO POLICE DEPT,Accepted,JEFFERSON,I 0064,,,,,,,,,,,38.257959261,-85.723668279,0.147,10/21/2021 12:00:00 AM,1009,2,2,0,0,RAINING,WET,False,OTHER RAMP RELATED COLLISIONS NOT LISTED ABOVE,REAR END,CURVE & LEVEL,DAYLIGHT,I 0064,STORY AVE,10/22/2021 8:23:24 AM,False,6360,Accepted,
29182768,0568000,LOUISVILLE METRO POLICE DEPT,Accepted,JEFFERSON,US0031W,13601,DIXIE,HWY,,,,,,,,38.065128262,-85.885440722,5.496,10/21/2021 12:00:00 AM,2016,2,2,0,0,CLEAR,DRY,False,REAR END IN TRAFFIC LANES BOTH VEHICLES MOVING,REAR END,STRAIGHT & LEVEL,DARK-HWY LIGHTED/ON,,,11/4/2021 8:26:10 AM,False,2905,Accepted,
29332114,0568000,LOUISVILLE METRO POLICE DEPT,Accepted,JEFFERSON,,418,BAUER,AVE,,,,US0060A,LEXINGTON,,WILMINGTON,38.251130872,-85.660469803,0.187,10/21/2021 12:00:00 AM,0242,5,5,0,0,CLEAR,DRY,False,1 VEHICLE PARKED POSITION (NOT PARKING LOT/DRIVEWAY),SIDESWIPE-SAME DIRECTION,STRAIGHT & LEVEL,DARK-HWY LIGHTED/ON,,,11/19/2021 3:41:54 PM,False,2034,Accepted,
28934021,0568000,LOUISVILLE METRO POLICE DEPT,Accepted,JEFFERSON,,1125,BERRY,BLVD,,,,,,,,38.196167598,-85.781859413,0.061,10/21/2021 12:00:00 AM,2145,1,1,0,1,CLEAR,DRY,False,COLLISION WITH FIXED OBJECT NON - INTERSECTION - FIRST EVENT COLLISION 09 - 32 EXCLUDING 16,SINGLE VEHICLE,STRAIGHT & LEVEL,DARK-HWY LIGHTED/ON,,,10/22/2021 8:28:58 AM,False,5205,Accepted,
28981443,0568000,LOUISVILLE METRO POLICE DEPT,Accepted,JEFFERSON,I 0265,,I265 S,,,,,I 0265,I265 S EXIT27 OFF RAMP TO US60,I 0265,I265 S EXIT29 ON RAMP FROM KY3084,38.265164830,-85.501675135,28.381,10/21/2021 12:00:00 AM,1936,2,2,0,0,CLEAR,DRY,False,REAR END IN TRAFFIC LANES BOTH VEHICLES MOVING,REAR END,STRAIGHT & LEVEL,DARK-HWY NOT LIGHTED,,,10/26/2021 8:44:26 AM,False,5289,Accepted,
28981449,0568000,LOUISVILLE METRO POLICE DEPT,Accepted,JEFFERSON,I 0064,,I64 W,,,,,,,,,38.233212520,-85.609220485,13.090,10/21/2021 12:00:00 AM,0745,3,3,0,0,CLEAR,DRY,False,REAR END IN TRAFFIC LANES BOTH VEHICLES MOVING,REAR END,STRAIGHT & LEVEL,DAYLIGHT,,,10/26/2021 8:44:45 AM,False,5173,Accepted,
28934020,0568000,LOUISVILLE METRO POLICE DEPT,Accepted,JEFFERSON,KY2052,,SHEPHERDSVILLE,RD,,,RANGELAND,,,,,38.164394812,-85.659850718,1.779,10/21/2021 12:00:00 AM,0705,2,2,0,0,CLEAR,DRY,False,OPPOSING LEFT TURN,OPPOSING LEFT TURN,STRAIGHT & LEVEL,DARK-HWY LIGHTED/ON,,,10/22/2021 8:28:52 AM,False,5027,Accepted,
28934012,0568000,LOUISVILLE METRO POLICE DEPT,Accepted,JEFFERSON,I 0264,,I264 E,,,,,,,,,38.207712980,-85.676569149,15.296,10/21/2021 12:00:00 AM,1732,2,2,0,0,CLEAR,DRY,False,REAR END IN TRAFFIC LANES BOTH VEHICLES MOVING,REAR END,STRAIGHT & LEVEL,DAYLIGHT,,,10/22/2021 8:26:52 AM,False,7960,Accepted,
28934013,0568000,LOUISVILLE METRO POLICE DEPT,Accepted,JEFFERSON,US0060A,300B,WINKLER,AVE,,,,,,,,38.210263169,-85.763712291,3.120,10/21/2021 12:00:00 AM,1443,2,2,0,0,CLEAR,DRY,False,1 VEHICLE ENTERING/LEAVING ENTRANCE,ANGLE,STRAIGHT & LEVEL,DAYLIGHT,,,10/22/2021 8:26:58 AM,False,7398,Accepted,
28935125,0568000,LOUISVILLE METRO POLICE DEPT,Accepted,JEFFERSON,KY1447,,WESTPORT,RD,,,,,SHELBURN PARK,,SPRINGHURST,38.294759604,-85.557190519,6.160,10/21/2021 12:00:00 AM,1700,2,2,0,1,CLEAR,DRY,False,1 VEHICLE ENTERING/LEAVING ENTRANCE,ANGLE,STRAIGHT & GRADE,DAYLIGHT,,,10/22/2021 1:40:32 PM,False,7316,Accepted,
28935132,0568000,LOUISVILLE METRO POLICE DEPT,Accepted,JEFFERSON,I 0264,,,,,,,,,,,38.210570493,-85.670868755,0.327,10/21/2021 12:00:00 AM,1514,2,1,0,0,CLEAR,DRY,False,OTHER RAMP RELATED COLLISIONS NOT LISTED ABOVE,SINGLE VEHICLE,CURVE & GRADE,DAYLIGHT,I 0264,US31E S,10/22/2021 1:41:19 PM,False,8278,Accepted,
28934002,0568000,LOUISVILLE METRO POLICE DEPT,Accepted,JEFFERSON,,,ROCKAWAY,DR,,,,,,,,38.178060416,-85.853013009,0.379,10/21/2021 12:00:00 AM,1617,3,1,0,2,CLEAR,DRY,False,COLLISION WITH PEDESTRIAN NON - INTERSECTION,SINGLE VEHICLE,STRAIGHT & GRADE,DAYLIGHT,,,10/22/2021 8:26:19 AM,False,7340,Accepted,
28934003,0568000,LOUISVILLE METRO POLICE DEPT,Accepted,JEFFERSON,US0042,,STORY,AVE,,,BUCHANAN,,,,,38.255045684,-85.730188900,0.144,10/21/2021 12:00:00 AM,1805,2,2,0,1,CLEAR,DRY,False,ANGLE COLLISION - OTHER,ANGLE,STRAIGHT & LEVEL,DUSK,,,10/22/2021 8:26:23 AM,False,7216,Accepted,
28934010,0568000,LOUISVILLE METRO POLICE DEPT,Accepted,JEFFERSON,,,RIVER PARK,DR,,,AMY,,,,,38.255191232,-85.813981461,0.711,10/21/2021 12:00:00 AM,1524,3,3,0,2,CLEAR,DRY,False,OTHER INTERSECTION COLLISIONS,REAR END,STRAIGHT & LEVEL,DAYLIGHT,,,10/22/2021 8:26:42 AM,False,5282,Accepted,
28929626,0568000,LOUISVILLE METRO POLICE DEPT,Accepted,JEFFERSON,KY1020,,NATIONAL,TPKE,,,,,TOLLS,,PATRICK HENRY,38.138578581,-85.753444520,4.489,10/21/2021 12:00:00 AM,0617,2,2,0,1,CLEAR,DRY,False,REAR END IN TRAFFIC LANES BOTH VEHICLES MOVING,REAR END,STRAIGHT & LEVEL,DARK-HWY LIGHTED/ON,,,10/21/2021 8:21:27 AM,False,5220,Accepted,
28933978,0568000,LOUISVILLE METRO POLICE DEPT,Accepted,JEFFERSON,,,ENGLISH STATION,RD,S,,LAKE FOREST,,,,,38.240407166,-85.493543769,0.009,10/21/2021 12:00:00 AM,0705,1,1,0,0,CLOUDY,DRY,False,COLLISION WITH FIXED OBJECT IN INTERSECTION - FIRST EVENT COLLISION 09 - 32,SINGLE VEHICLE,STRAIGHT & LEVEL,DARK-HWY NOT LIGHTED,,,10/22/2021 8:23:01 AM,False,2013,Accepted,
28933986,0568000,LOUISVILLE METRO POLICE DEPT,Accepted,JEFFERSON,I 0265,,I265 S,,,,,I 0265,I265 S EXIT29 OFF RAMP TO KY3084,I 0265,I265 S EXIT29 ON RAMP FROM KY3084,38.270807322,-85.501108673,28.771,10/21/2021 12:00:00 AM,0914,1,1,0,1,CLOUDY,DRY,False,COLLISION WITH FIXED OBJECT NON - INTERSECTION - FIRST EVENT COLLISION 09 - 32 EXCLUDING 16,SINGLE VEHICLE,STRAIGHT & LEVEL,DAYLIGHT,,,10/22/2021 8:24:42 AM,False,7876,Accepted,
28933994,0568000,LOUISVILLE METRO POLICE DEPT,Accepted,JEFFERSON,,,7TH,ST,S,,MAGNOLIA,,,,,38.229576794,-85.767590974,0.875,10/21/2021 12:00:00 AM,1449,2,2,0,2,CLEAR,DRY,False,OPPOSING LEFT TURN,OPPOSING LEFT TURN,STRAIGHT & GRADE,DAYLIGHT,,,10/22/2021 8:25:33 AM,False,7872,Accepted,
28933995,0568000,LOUISVILLE METRO POLICE DEPT,Accepted,JEFFERSON,,,7TH,ST,S,,ORMSBY,,,,,38.233401229,-85.765750517,1.111,10/21/2021 12:00:00 AM,1251,2,2,0,1,CLEAR,DRY,False,ANGLE COLLISION - OTHER,ANGLE,STRAIGHT & LEVEL,DAYLIGHT,,,10/22/2021 8:25:37 AM,False,2308,Accepted,
28933985,0568000,LOUISVILLE METRO POLICE DEPT,Accepted,JEFFERSON,,301,ENGLISH STATION,RD,S,,,US0060,SHELBYVILLE,,ENGLISH VILLA,38.239977991,-85.493952886,0.047,10/21/2021 12:00:00 AM,0702,2,1,0,1,CLOUDY,DRY,False,COLLISION WITH PEDESTRIAN NON - INTERSECTION,SINGLE VEHICLE,STRAIGHT & GRADE,DARK-HWY LIGHTED/ON,,,10/22/2021 8:24:30 AM,False,7876,Accepted,
28933804,0566900,LOUISVILLE AIRPORT POLICE,Accepted,JEFFERSON,,600,TERMINAL,DR,,,,,,,,38.186546729,-85.742300937,0.278,10/21/2021 12:00:00 AM,1045,2,2,0,0,CLEAR,DRY,False,COLLISION IN PARKING LOT,SIDESWIPE-SAME DIRECTION,STRAIGHT & LEVEL,DAYLIGHT,,,10/22/2021 7:31:37 AM,False,5871,Accepted,
28933988,0568000,LOUISVILLE METRO POLICE DEPT,Accepted,JEFFERSON,KY0864,,POPLAR LEVEL,RD,,,,,,,,38.171572740,-85.685027220,9.217,10/21/2021 12:00:00 AM,1120,2,2,0,0,CLOUDY,WET,False,REAR END IN TRAFFIC LANES BOTH VEHICLES MOVING,REAR END,STRAIGHT & LEVEL,DAYLIGHT,,,10/22/2021 8:24:52 AM,False,4693,Accepted,
28933996,0568000,LOUISVILLE METRO POLICE DEPT,Accepted,JEFFERSON,,700,OAK,ST,W,,,,,,,38.235452890,-85.765080874,0.534,10/21/2021 12:00:00 AM,0855,2,2,0,1,CLEAR,DRY,False,SIDESWIPE COLLISION - SAME DIRECTION,SIDESWIPE-SAME DIRECTION,STRAIGHT & LEVEL,DAYLIGHT,,,10/22/2021 8:25:52 AM,False,7132,Accepted,
28934005,0568000,LOUISVILLE METRO POLICE DEPT,Accepted,JEFFERSON,,,FEGENBUSH,LN,,US0031E,BARDSTOWN,,,,,38.186563162,-85.638092849,0.021,10/21/2021 12:00:00 AM,1715,3,3,0,0,CLEAR,DRY,False,OPPOSING LEFT TURN,OPPOSING LEFT TURN,STRAIGHT & LEVEL,DAYLIGHT,,,10/22/2021 8:26:32 AM,False,5288,Accepted,
28933997,0568000,LOUISVILLE METRO POLICE DEPT,Accepted,JEFFERSON,,,EXHIBITION,CT,,,PAVILION,,,,,38.169090619,-85.594316103,0.098,10/21/2021 12:00:00 AM,1538,1,1,0,0,CLEAR,DRY,False,COLLISION WITH FIXED OBJECT IN INTERSECTION - FIRST EVENT COLLISION 09 - 32,SINGLE VEHICLE,STRAIGHT & LEVEL,DAYLIGHT,,,10/22/2021 8:25:59 AM,False,7465,Accepted,
29179992,0568000,LOUISVILLE METRO POLICE DEPT,Accepted,JEFFERSON,US0060,,SHELBYVILLE,RD,,,WHITTINGTON,,,,,38.246757455,-85.581145356,7.629,10/21/2021 12:00:00 AM,0045,2,2,0,0,RAINING,WET,False,OTHER INTERSECTION COLLISIONS,REAR END,STRAIGHT & LEVEL,DARK-HWY LIGHTED/ON,,,11/3/2021 2:46:34 PM,False,7676,Accepted,
28981614,0568000,LOUISVILLE METRO POLICE DEPT,Accepted,JEFFERSON,I 0064,,I64 E,,,,,I 0064,I64 E EXIT12 RAMP TO I264,I 0064,I64 E EXIT10 ON RAMP FROM KY2048,38.235998819,-85.645137700,11.263,10/21/2021 12:00:00 AM,1705,2,2,0,0,CLEAR,DRY,False,OTHER ROADWAY OR MID-BLOCK COLLISION,REAR END,CURVE & LEVEL,DAYLIGHT,,,10/26/2021 8:55:52 AM,False,6149,Accepted,
28981448,0568000,LOUISVILLE METRO POLICE DEPT,Accepted,JEFFERSON,US0031W,,2ND,ST,S,US0031E,MARKET,,,,,38.254852682,-85.753486311,22.038,10/21/2021 12:00:00 AM,1100,2,1,0,1,CLEAR,DRY,False,COLLISION WITH PEDESTRIAN IN INTERSECTION,SINGLE VEHICLE,STRAIGHT & LEVEL,DAYLIGHT,,,10/26/2021 8:44:42 AM,False,5173,Accepted,
28943484,0568000,LOUISVILLE METRO POLICE DEPT,Accepted,JEFFERSON,I 0065,,I65 S,,,,,,,,,38.087074190,-85.701226140,123.231,10/21/2021 12:00:00 AM,1759,1,1,0,1,CLEAR,DRY,False,OTHER ROADWAY OR MID-BLOCK COLLISION,SINGLE VEHICLE,STRAIGHT & LEVEL,DAYLIGHT,,,10/25/2021 9:20:03 AM,False,7474,Accepted,
28943282,0568000,LOUISVILLE METRO POLICE DEPT,Accepted,JEFFERSON,,,BRECKINRIDGE,ST,W,KY1020,3RD,,,,,38.241741115,-85.757472338,0.180,10/21/2021 12:00:00 AM,1806,3,3,0,2,CLEAR,DRY,False,ANGLE COLLISION - OTHER,ANGLE,STRAIGHT & LEVEL,DAYLIGHT,,,10/25/2021 8:56:04 AM,False,7441,Accepted,
28943458,0568000,LOUISVILLE METRO POLICE DEPT,Accepted,JEFFERSON,KY0061,,PRESTON,HWY,,,ANTLE,,,,,38.087536983,-85.667625580,0.267,10/21/2021 12:00:00 AM,1127,2,2,0,0,CLEAR,DRY,False,OTHER INTERSECTION COLLISIONS,REAR END,STRAIGHT & LEVEL,DAYLIGHT,,,10/25/2021 9:15:17 AM,False,5008,Accepted,
28943265,0568000,LOUISVILLE METRO POLICE DEPT,Accepted,JEFFERSON,,9251,STONESTREET,RD,,,,,,,,38.120248072,-85.848366946,0.409,10/20/2021 12:00:00 AM,0011,1,1,1,0,CLOUDY,DRY,False,RAN OFF ROADWAY (1 VEHICLE WITH/EARTH EMBANKMENT/DITCH),SINGLE VEHICLE,CURVE & GRADE,DARK-HWY LIGHTED/OFF,,,10/25/2021 8:54:05 AM,False,7720,Accepted,
29150677,0568000,LOUISVILLE METRO POLICE DEPT,Accepted,JEFFERSON,KY1020,,2ND,ST,S,,LIBERTY,,,,,38.252809841,-85.753935506,12.581,10/20/2021 12:00:00 AM,1700,3,3,0,1,CLEAR,DRY,False,OTHER INTERSECTION COLLISIONS,REAR END,STRAIGHT & GRADE,DAYLIGHT,,,11/1/2021 8:24:51 AM,False,2661,Accepted,
28934004,0568000,LOUISVILLE METRO POLICE DEPT,Accepted,JEFFERSON,KY1931,,7TH ST,RD,,,,,BERNHEIM,,EUCLID,38.219502810,-85.778016053,10.411,10/20/2021 12:00:00 AM,1245,2,2,0,0,CLEAR,DRY,False,1 VEHICLE ENTERING/LEAVING ENTRANCE,ANGLE,STRAIGHT & LEVEL,DAYLIGHT,,,10/22/2021 8:26:27 AM,False,2469,Accepted,
28933987,0568000,LOUISVILLE METRO POLICE DEPT,Accepted,JEFFERSON,,,7TH,ST,S,,,,,,,38.251390907,-85.762511431,2.366,10/20/2021 12:00:00 AM,1351,2,2,0,0,CLEAR,DRY,False,SIDESWIPE COLLISION - SAME DIRECTION,SIDESWIPE-SAME DIRECTION,STRAIGHT & LEVEL,DAYLIGHT,,,10/22/2021 8:24:47 AM,False,5168,Accepted,
28929618,0568000,LOUISVILLE METRO POLICE DEPT,Accepted,JEFFERSON,KY1747,,FERN VALLEY,RD,,,JEFFERSON,,,,,38.156689044,-85.671676348,3.314,10/20/2021 12:00:00 AM,1721,2,2,0,0,CLEAR,DRY,True,VEHICLE BACKING IN INTERSECTION,BACKING,STRAIGHT & LEVEL,DAYLIGHT,,,10/21/2021 8:19:42 AM,False,5314,Accepted,
28929625,0568000,LOUISVILLE METRO POLICE DEPT,Accepted,JEFFERSON,I 0071,,I71 N,,,,,I 0071,I71 N EXIT2 ON RAMP FROM  ZORN AVE,I 0264,I264 W,38.287948628,-85.676215363,3.327,10/20/2021 12:00:00 AM,1930,2,2,0,1,CLEAR,DRY,False,COLLISION WITH FIXED OBJECT NON - INTERSECTION - FIRST EVENT COLLISION 09 - 32 EXCLUDING 16,SIDESWIPE-SAME DIRECTION,STRAIGHT & LEVEL,DARK-HWY NOT LIGHTED,,,10/21/2021 8:21:09 AM,False,7049,Accepted,
28929560,0568000,LOUISVILLE METRO POLICE DEPT,Accepted,JEFFERSON,,1017,SALE,AVE,,,,,,,,38.197856701,-85.778340542,0.073,10/20/2021 12:00:00 AM,0604,2,2,0,0,CLEAR,DRY,False,1 VEHICLE PARKED POSITION (NOT PARKING LOT/DRIVEWAY),ANGLE,STRAIGHT & LEVEL,DARK-HWY LIGHTED/ON,,,10/21/2021 8:13:42 AM,False,7426,Accepted,
28929610,0568000,LOUISVILLE METRO POLICE DEPT,Accepted,JEFFERSON,,,PAGES,LN,E,,PINNACLE PLACE,,,,,38.126037455,-85.843449189,0.392,10/20/2021 12:00:00 AM,1419,1,1,0,0,CLEAR,DRY,False,COLLISION WITH FIXED OBJECT IN INTERSECTION - FIRST EVENT COLLISION 09 - 32,SINGLE VEHICLE,STRAIGHT & LEVEL,DAYLIGHT,,,10/21/2021 8:17:22 AM,False,7232,Accepted,
28929623,0568000,LOUISVILLE METRO POLICE DEPT,Accepted,JEFFERSON,KY1230,9501,CANE RUN,RD,,,,,,,,38.116460932,-85.895073282,2.626,10/20/2021 12:00:00 AM,1753,1,1,0,0,CLEAR,DRY,False,COLLISION IN PARKING LOT,SINGLE VEHICLE,STRAIGHT & LEVEL,DAYLIGHT,,,10/21/2021 8:20:43 AM,False,7234,Accepted,
28925005,0568000,LOUISVILLE METRO POLICE DEPT,Accepted,JEFFERSON,I 0064,,I64 W,,,,,,,,,38.277474665,-85.820907513,0.250,10/20/2021 12:00:00 AM,0122,2,2,0,0,CLEAR,DRY,False,1 VEHICLE PARKED POSITION (NOT PARKING LOT/DRIVEWAY),REAR END,CURVE & HILLCREST,DARK-HWY LIGHTED/ON,,,10/20/2021 8:14:12 AM,False,5181,Accepted,
28925011,0568000,LOUISVILLE METRO POLICE DEPT,Accepted,JEFFERSON,US0060,,SHELBYVILLE,RD,,I 0264,I264 E EXIT20A OFF RAMP TO US60 E,,,,,38.249660891,-85.617460403,5.646,10/20/2021 12:00:00 AM,0312,1,1,0,0,CLEAR,DRY,False,COLLISION WITH FIXED OBJECT IN INTERSECTION - FIRST EVENT COLLISION 09 - 32,SINGLE VEHICLE,CURVE & GRADE,DARK-HWY LIGHTED/ON,,,10/20/2021 8:14:41 AM,False,5189,Accepted,
28929600,0568000,LOUISVILLE METRO POLICE DEPT,Accepted,JEFFERSON,US0031E,,BARDSTOWN,RD,,,,,,,,38.135287980,-85.580176471,4.458,10/20/2021 12:00:00 AM,0708,3,3,0,0,CLEAR,DRY,False,REAR END IN TRAFFIC LANES BOTH VEHICLES MOVING,REAR END,STRAIGHT & LEVEL,DARK (UNKNOWN ROADWAY LIGHTING),,,10/21/2021 8:16:13 AM,False,4693,Accepted,
28929608,0568000,LOUISVILLE METRO POLICE DEPT,Accepted,JEFFERSON,I 0264,,I264 E,,,,,,,,,38.224347360,-85.644380768,17.395,10/20/2021 12:00:00 AM,0751,3,3,0,0,CLEAR,DRY,False,OTHER ROADWAY OR MID-BLOCK COLLISION,REAR END,STRAIGHT & LEVEL,DAYLIGHT,,,10/21/2021 8:16:49 AM,False,4903,Accepted,
28929615,0568000,LOUISVILLE METRO POLICE DEPT,Accepted,JEFFERSON,,505,17TH,ST,N,,,,,,,38.262298372,-85.777558450,0.202,10/20/2021 12:00:00 AM,1628,2,2,0,0,CLEAR,DRY,False,1 VEHICLE PARKED POSITION (NOT PARKING LOT/DRIVEWAY),HEAD ON,STRAIGHT & LEVEL,DAYLIGHT,,,10/21/2021 8:19:00 AM,False,5148,Accepted,
28929616,0568000,LOUISVILLE METRO POLICE DEPT,Accepted,JEFFERSON,I 0065,,I65 N,,,,,,,,,38.222087872,-85.751169895,133.597,10/20/2021 12:00:00 AM,1643,3,3,0,0,CLEAR,DRY,False,REAR END IN TRAFFIC LANES BOTH VEHICLES MOVING,REAR END,STRAIGHT & GRADE,DAYLIGHT,,,10/21/2021 8:19:06 AM,False,5175,Accepted,
28981508,0568000,LOUISVILLE METRO POLICE DEPT,Accepted,JEFFERSON,,,CHESTNUT,ST,W,US0031W,DR W J HODGE,,,,,38.252070293,-85.786023532,0.818,10/20/2021 12:00:00 AM,2006,2,2,0,1,CLEAR,DRY,False,SIDESWIPE-SAME DIRECTION,SIDESWIPE-SAME DIRECTION,STRAIGHT & LEVEL,DARK-HWY LIGHTED/ON,,,10/26/2021 8:47:59 AM,False,5365,Accepted,