IncidentID,AgencyORI,AgencyName,IncidentStatusDesc,County,RdwyNumber,Street,RoadwayName,StreetSfx,StreetDir,IntersectionRdwy,IntersectionRdwyName,BetweenStRdwy1,BetweenStRdwyName1,BetweenStRdwy2,BetweenStRdwyName2,Latitude,Longitude,Milepoint,CollisionDate,CollisionTime,UnitsInvolved,MotorVehiclesInvolved,NumberKilled,NumberInjured,Weather,RdwyConditionCode,HitandRun,DirAnalysisCode,MannerofCollision,RdwyCharacter,LightCondition,RampFromRdwyId,RampToRdwyId,AcceptedDate,IsSecondaryCollision,OwnerBadge,IncidentStatus,
29312603,0568000,LOUISVILLE METRO POLICE DEPT,Accepted,JEFFERSON,,,15TH,ST,S,,CHESTNUT,,,,,38.250925057,-85.776105415,1.772,10/20/2021 12:00:00 AM,1752,2,2,0,3,CLEAR,DRY,False,ANGLE COLLISION - OTHER,ANGLE,STRAIGHT & LEVEL,DAYLIGHT,,,11/15/2021 8:17:27 AM,False,5108,Accepted,
29125313,0568000,LOUISVILLE METRO POLICE DEPT,Accepted,JEFFERSON,KY1020,,NATIONAL,TPKE,,,,,,,,38.116093929,-85.747873155,2.946,10/20/2021 12:00:00 AM,1519,2,1,0,0,CLEAR,DRY,True,SIDESWIPE COLLISION - SAME DIRECTION,SIDESWIPE-SAME DIRECTION,STRAIGHT & LEVEL,DAYLIGHT,,,10/27/2021 9:53:03 AM,False,7221,Accepted,
28933998,0568000,LOUISVILLE METRO POLICE DEPT,Accepted,JEFFERSON,,,FEGENBUSH,LN,,,NORFOLK,,,,,38.185393807,-85.638182664,0.128,10/20/2021 12:00:00 AM,1733,4,4,0,0,CLEAR,DRY,False,ANGLE COLLISION - OTHER,ANGLE,STRAIGHT & LEVEL,DAWN,,,10/22/2021 8:26:02 AM,False,5247,Accepted,
28933999,0568000,LOUISVILLE METRO POLICE DEPT,Accepted,JEFFERSON,KY2056,,BELLS,LN,,,40TH,,,,,38.222941296,-85.822659769,1.024,10/20/2021 12:00:00 AM,0920,2,2,0,0,CLEAR,DRY,False,ANGLE COLLISION - OTHER,ANGLE,STRAIGHT & LEVEL,DAYLIGHT,,,10/22/2021 8:26:06 AM,False,7656,Accepted,
28929614,0568000,LOUISVILLE METRO POLICE DEPT,Accepted,JEFFERSON,I 0265,,,,,,,,,,,38.267875929,-85.502294434,0.096,10/20/2021 12:00:00 AM,1710,2,2,0,0,CLEAR,DRY,False,OTHER RAMP RELATED COLLISIONS NOT LISTED ABOVE,SIDESWIPE-SAME DIRECTION,STRAIGHT & LEVEL,DAYLIGHT,KY3084,I 0265,10/21/2021 8:18:43 AM,False,7316,Accepted,
28929619,0568000,LOUISVILLE METRO POLICE DEPT,Accepted,JEFFERSON,US0060A,,EASTERN,PKWY,,,VALLEY,,,,,38.227703461,-85.718152300,6.263,10/20/2021 12:00:00 AM,1704,2,2,0,1,CLEAR,DRY,False,ANGLE COLLISION - OTHER,ANGLE,CURVE & HILLCREST,DAYLIGHT,,,10/21/2021 8:19:50 AM,False,7960,Accepted,
28929627,0568000,LOUISVILLE METRO POLICE DEPT,Accepted,JEFFERSON,,303,LANSING,AVE,W,,,,,,,38.192554347,-85.765765465,0.139,10/20/2021 12:00:00 AM,2137,2,2,0,0,CLEAR,DRY,False,1 VEHICLE PARKED POSITION (NOT PARKING LOT/DRIVEWAY),ANGLE,STRAIGHT & LEVEL,DARK-HWY NOT LIGHTED,,,10/21/2021 8:21:43 AM,False,5316,Accepted,
28933976,0568000,LOUISVILLE METRO POLICE DEPT,Accepted,JEFFERSON,,,PARKRIDGE,PKWY,,,,,,,,38.145682801,-85.794915412,0.518,10/20/2021 12:00:00 AM,0850,1,1,0,1,CLEAR,DRY,False,OTHER ROADWAY OR MID-BLOCK COLLISION,SINGLE VEHICLE,STRAIGHT & HILLCREST,DAYLIGHT,,,10/22/2021 8:22:45 AM,True,5400,Accepted,
28929622,0568000,LOUISVILLE METRO POLICE DEPT,Accepted,JEFFERSON,KY1020,,NATIONAL,TPKE,,,,,,,,38.093520852,-85.726872516,0.719,10/20/2021 12:00:00 AM,1537,1,1,0,0,CLEAR,DRY,False,RAN OFF ROADWAY (1 VEHICLE WITH/EARTH EMBANKMENT/DITCH),SINGLE VEHICLE,STRAIGHT & LEVEL,DAYLIGHT,,,10/21/2021 8:20:06 AM,False,7234,Accepted,
28929629,0568000,LOUISVILLE METRO POLICE DEPT,Accepted,JEFFERSON,US0031E,,MARKET,ST,E,,,,SHELBY,,CLAY,38.253287796,-85.739133063,16.996,10/20/2021 12:00:00 AM,1902,2,2,0,0,CLEAR,DRY,False,SIDESWIPE COLLISION - SAME DIRECTION,SIDESWIPE-SAME DIRECTION,STRAIGHT & LEVEL,DARK-HWY LIGHTED/ON,,,10/21/2021 8:22:11 AM,False,7216,Accepted,
28934015,0568000,LOUISVILLE METRO POLICE DEPT,Accepted,JEFFERSON,KY0155,,TAYLORSVILLE,RD,,,,,OLD TAYLORSVILLE,,POPE LICK,38.190481711,-85.492776223,5.126,10/20/2021 12:00:00 AM,1800,2,2,0,0,CLEAR,DRY,False,OTHER ROADWAY OR MID-BLOCK COLLISION,REAR END,STRAIGHT & GRADE,DAYLIGHT,,,10/22/2021 8:27:42 AM,False,2506,Accepted,
28925006,0568000,LOUISVILLE METRO POLICE DEPT,Accepted,JEFFERSON,,,GRADE,LN,,,FERN GRADE,,,,,38.158852314,-85.725146626,1.671,10/20/2021 12:00:00 AM,0505,2,2,0,0,CLEAR,DRY,False,ANGLE COLLISION - OTHER,ANGLE,STRAIGHT & LEVEL,DARK-HWY LIGHTED/ON,,,10/20/2021 8:14:16 AM,False,5269,Accepted,
28925007,0568000,LOUISVILLE METRO POLICE DEPT,Accepted,JEFFERSON,,,ARLINGTON,AVE,,,POPE,,,,,38.255562925,-85.717294714,0.221,10/20/2021 12:00:00 AM,0535,1,1,0,0,CLEAR,DRY,False,OTHER INTERSECTION COLLISIONS,SINGLE VEHICLE,STRAIGHT & HILLCREST,DARK-HWY LIGHTED/ON,,,10/20/2021 8:14:22 AM,False,5330,Accepted,
28925008,0568000,LOUISVILLE METRO POLICE DEPT,Accepted,JEFFERSON,,8100,WATTERSON,TRL,,,,,,,,38.181273915,-85.615738535,0.540,10/20/2021 12:00:00 AM,0149,1,1,0,0,CLEAR,DRY,False,COLLISION WITH FIXED OBJECT NON - INTERSECTION - FIRST EVENT COLLISION 09 - 32 EXCLUDING 16,SINGLE VEHICLE,STRAIGHT & LEVEL,DARK-HWY LIGHTED/ON,,,10/20/2021 8:14:27 AM,False,5299,Accepted,
28929596,0568000,LOUISVILLE METRO POLICE DEPT,Accepted,JEFFERSON,I 0264,,I264 W,,,,,,,,,38.190227334,-85.751419799,10.946,10/20/2021 12:00:00 AM,0813,2,2,0,0,CLEAR,DRY,False,SIDESWIPE COLLISION - SAME DIRECTION,SIDESWIPE-SAME DIRECTION,STRAIGHT & HILLCREST,DAYLIGHT,,,10/21/2021 8:14:49 AM,False,7872,Accepted,
28929613,0568000,LOUISVILLE METRO POLICE DEPT,Accepted,JEFFERSON,US0060,,SHELBYVILLE,RD,,,WHIPPS MILL,,,,,38.248542993,-85.602900992,6.435,10/20/2021 12:00:00 AM,1506,2,2,0,0,CLEAR,DRY,False,OPPOSING LEFT TURN,OPPOSING LEFT TURN,STRAIGHT & LEVEL,DAYLIGHT,,,10/21/2021 8:18:13 AM,False,7316,Accepted,
28925010,0568000,LOUISVILLE METRO POLICE DEPT,Accepted,JEFFERSON,,2315,MADISON,ST,W,,,,,,,38.253738561,-85.790675126,0.993,10/20/2021 12:00:00 AM,0458,2,2,0,0,CLEAR,DRY,False,1 VEHICLE PARKED POSITION (NOT PARKING LOT/DRIVEWAY),SIDESWIPE-SAME DIRECTION,STRAIGHT & LEVEL,DARK-HWY LIGHTED/ON,,,10/20/2021 8:14:38 AM,False,5306,Accepted,
28929597,0568000,LOUISVILLE METRO POLICE DEPT,Accepted,JEFFERSON,US0031E,400,MAIN,ST,E,,PRESTON,,,,,38.255447690,-85.745855492,17.456,10/20/2021 12:00:00 AM,0738,2,1,0,1,CLEAR,DRY,False,COLLISION WITH PEDESTRIAN IN INTERSECTION,SINGLE VEHICLE,STRAIGHT & LEVEL,DUSK,,,10/21/2021 8:15:09 AM,False,7862,Accepted,
28924968,0568000,LOUISVILLE METRO POLICE DEPT,Accepted,JEFFERSON,,,OAK,ST,W,,,,15TH,,PAL,38.236592230,-85.777592615,1.219,10/19/2021 12:00:00 AM,1207,1,1,0,0,CLEAR,DRY,False,OTHER ROADWAY OR MID-BLOCK COLLISION,SINGLE VEHICLE,STRAIGHT & GRADE,DAYLIGHT,,,10/20/2021 8:11:15 AM,False,7381,Accepted,
28929604,0568000,LOUISVILLE METRO POLICE DEPT,Accepted,JEFFERSON,,,FURMAN,BLVD,,,STANTON,,,,,38.214822261,-85.642218733,0.504,10/19/2021 12:00:00 AM,0720,3,3,0,0,CLEAR,DRY,False,ANGLE COLLISION - OTHER,ANGLE,STRAIGHT & LEVEL,DARK (UNKNOWN ROADWAY LIGHTING),,,10/21/2021 8:16:25 AM,False,4693,Accepted,
28924967,0568000,LOUISVILLE METRO POLICE DEPT,Accepted,JEFFERSON,I 0264,,I264 W,,,,,,,,,38.216451503,-85.661541695,16.312,10/19/2021 12:00:00 AM,1052,2,2,0,0,CLEAR,DRY,False,REAR END IN TRAFFIC LANES BOTH VEHICLES MOVING,REAR END,STRAIGHT & LEVEL,DAYLIGHT,,,10/20/2021 8:11:09 AM,False,7072,Accepted,
28924973,0568000,LOUISVILLE METRO POLICE DEPT,Accepted,JEFFERSON,,,AIKEN,RD,,,ARNOLD PALMER,,,,,38.270342524,-85.481158132,2.890,10/19/2021 12:00:00 AM,1356,2,2,0,0,CLEAR,DRY,False,ANGLE COLLISION - OTHER,ANGLE,STRAIGHT & LEVEL,DAYLIGHT,,,10/20/2021 8:11:41 AM,False,7876,Accepted,
28924974,0568000,LOUISVILLE METRO POLICE DEPT,Accepted,JEFFERSON,,,28TH,ST,N,,,,,,,38.268308744,-85.794867517,0.335,10/19/2021 12:00:00 AM,1435,2,2,0,0,CLEAR,DRY,False,SIDESWIPE COLLISION - OPPOSITE DIRECTION,SIDESWIPE-OPPOSITE DIRECTION,STRAIGHT & LEVEL,DAYLIGHT,,,10/20/2021 8:11:48 AM,False,7305,Accepted,
28924976,0568000,LOUISVILLE METRO POLICE DEPT,Accepted,JEFFERSON,I 0264,,I264 E,,,,,,,,,38.233434980,-85.626701888,18.545,10/19/2021 12:00:00 AM,1500,3,3,0,0,CLEAR,DRY,False,REAR END IN TRAFFIC LANES BOTH VEHICLES MOVING,REAR END,STRAIGHT & LEVEL,DAYLIGHT,,,10/20/2021 8:11:57 AM,False,2013,Accepted,
28924982,0568000,LOUISVILLE METRO POLICE DEPT,Accepted,JEFFERSON,KY1447,,WESTPORT,RD,,,CHAMBERLAIN,,,,,38.299266270,-85.541652506,7.040,10/19/2021 12:00:00 AM,1400,2,2,0,0,CLEAR,DRY,False,OTHER INTERSECTION COLLISIONS,REAR END,STRAIGHT & LEVEL,DAYLIGHT,,,10/20/2021 8:12:27 AM,False,7359,Accepted,
28924984,0568000,LOUISVILLE METRO POLICE DEPT,Accepted,JEFFERSON,US0031W,,DIXIE,HWY,,,,,,,,38.145964237,-85.838487114,11.838,10/19/2021 12:00:00 AM,1613,2,2,0,0,CLEAR,DRY,False,OTHER ROADWAY OR MID-BLOCK COLLISION,OPPOSING LEFT TURN,STRAIGHT & LEVEL,DAYLIGHT,,,10/20/2021 8:12:37 AM,False,7244,Accepted,
28924990,0568000,LOUISVILLE METRO POLICE DEPT,Accepted,JEFFERSON,,,PHILLIPS,LN,,KY0061,PRESTON,,,,,38.197517411,-85.732098340,1.188,10/19/2021 12:00:00 AM,1726,2,2,0,0,CLEAR,DRY,True,ANGLE COLLISION - OTHER,ANGLE,STRAIGHT & LEVEL,DAYLIGHT,,,10/20/2021 8:13:01 AM,False,5351,Accepted,
28925000,0568000,LOUISVILLE METRO POLICE DEPT,Accepted,JEFFERSON,,,GILMORE,LN,,,BLUEBIRD,,,,,38.177363023,-85.708622590,0.270,10/19/2021 12:00:00 AM,2041,1,1,0,1,CLEAR,DRY,False,COLLISION WITH FIXED OBJECT IN INTERSECTION - FIRST EVENT COLLISION 09 - 32,SINGLE VEHICLE,STRAIGHT & LEVEL,DARK (UNKNOWN ROADWAY LIGHTING),,,10/20/2021 8:13:47 AM,False,5326,Accepted,
28925001,0568000,LOUISVILLE METRO POLICE DEPT,Accepted,JEFFERSON,,,1ST,ST,S,,,,,,,38.238401183,-85.754642652,1.230,10/19/2021 12:00:00 AM,0203,2,2,0,0,CLEAR,DRY,True,1 VEHICLE ENTERING/LEAVING ENTRANCE,ANGLE,STRAIGHT & LEVEL,DARK (UNKNOWN ROADWAY LIGHTING),,,10/20/2021 8:13:52 AM,False,5213,Accepted,
28920529,0568000,LOUISVILLE METRO POLICE DEPT,Accepted,JEFFERSON,,269,HALDEMAN,AVE,,,,,,,,38.259185390,-85.710594187,0.023,10/19/2021 12:00:00 AM,0340,1,1,0,0,CLEAR,DRY,True,COLLISION WITH FIXED OBJECT NON - INTERSECTION - FIRST EVENT COLLISION 09 - 32 EXCLUDING 16,SINGLE VEHICLE,STRAIGHT & GRADE,DARK-HWY LIGHTED/ON,,,10/19/2021 8:10:34 AM,False,5029,Accepted,
28924957,0568000,LOUISVILLE METRO POLICE DEPT,Accepted,JEFFERSON,US0031W,,MAIN,ST,W,US0150,22ND,,,,,38.259814234,-85.785283902,20.356,10/19/2021 12:00:00 AM,0912,2,2,0,0,CLEAR,DRY,False,SIDESWIPE-SAME DIRECTION,SIDESWIPE-SAME DIRECTION,STRAIGHT & LEVEL,DAYLIGHT,,,10/20/2021 8:09:54 AM,False,7305,Accepted,
28934016,0568000,LOUISVILLE METRO POLICE DEPT,Accepted,JEFFERSON,KY0864,,BEULAH CHURCH,RD,,,,KY1065,BEULAH CHURCH,,DELCOUR,38.136408861,-85.613539041,4.167,10/19/2021 12:00:00 AM,0730,2,2,0,0,CLEAR,DRY,False,OTHER ROADWAY OR MID-BLOCK COLLISION,REAR END,STRAIGHT & GRADE,DAWN,,,10/22/2021 8:27:50 AM,False,2506,Accepted,
28935120,0568000,LOUISVILLE METRO POLICE DEPT,Accepted,JEFFERSON,,,GALAXIE,DR,,,,,,,,38.156998611,-85.854365884,0.309,10/19/2021 12:00:00 AM,0909,2,2,0,0,CLEAR,DRY,False,OTHER ROADWAY OR MID-BLOCK COLLISION,OPPOSING LEFT TURN,STRAIGHT & LEVEL,DAYLIGHT,,,10/22/2021 1:39:44 PM,False,7244,Accepted,
28924993,0568000,LOUISVILLE METRO POLICE DEPT,Accepted,JEFFERSON,US0060A,,WINKLER,AVE,,KY1020,3RD,,,,,38.210168653,-85.762994634,3.155,10/19/2021 12:00:00 AM,1305,2,2,0,0,CLEAR,DRY,False,SIDESWIPE-SAME DIRECTION,SIDESWIPE-SAME DIRECTION,STRAIGHT & LEVEL,DAYLIGHT,,,10/20/2021 8:13:22 AM,False,5346,Accepted,
28943144,0568000,LOUISVILLE METRO POLICE DEPT,Accepted,JEFFERSON,KY1819,,BILLTOWN,RD,,KY6328,KENDRICK,,,,,38.143751710,-85.543186833,4.947,10/19/2021 12:00:00 AM,0741,2,2,0,1,CLEAR,DRY,False,ANGLE COLLISION - OTHER,ANGLE,STRAIGHT & LEVEL,DAYLIGHT,,,10/25/2021 8:44:21 AM,False,2321,Accepted,
28943314,0568000,LOUISVILLE METRO POLICE DEPT,Accepted,JEFFERSON,US0150,,BROADWAY,,W,,1ST,,,,,38.245714050,-85.753378529,2.656,10/19/2021 12:00:00 AM,0400,2,1,0,0,CLEAR,DRY,True,COLLISION WITH PEDESTRIAN IN INTERSECTION,SINGLE VEHICLE,CURVE & LEVEL,DARK-HWY LIGHTED/ON,,,10/25/2021 9:00:25 AM,False,5318,Accepted,
28943511,0568000,LOUISVILLE METRO POLICE DEPT,Accepted,JEFFERSON,KY1934,,GREENBELT,HWY,,,LIONS ARMS,,,,,38.177774499,-85.864065129,7.041,10/19/2021 12:00:00 AM,1235,2,2,0,0,CLEAR,DRY,False,SIDESWIPE-SAME DIRECTION,SIDESWIPE-SAME DIRECTION,CURVE & LEVEL,DAYLIGHT,,,10/25/2021 9:30:37 AM,False,2457,Accepted,
29127493,0568000,LOUISVILLE METRO POLICE DEPT,Accepted,JEFFERSON,KY0864,,LOGAN,ST,,,DANDRIDGE,,,,,38.230861220,-85.740365483,14.456,10/19/2021 12:00:00 AM,2359,1,1,0,0,CLEAR,DRY,False,COLLISION WITH FIXED OBJECT IN INTERSECTION - FIRST EVENT COLLISION 09 - 32,SINGLE VEHICLE,CURVE & LEVEL,DARK-HWY LIGHTED/ON,,,10/28/2021 8:15:29 AM,False,5349,Accepted,
28925012,0568000,LOUISVILLE METRO POLICE DEPT,Accepted,JEFFERSON,,,VIRGINIA,AVE,,,32ND,,,,,38.238697168,-85.806939391,0.587,10/19/2021 12:00:00 AM,1130,2,2,0,0,CLEAR,DRY,False,ANGLE COLLISION - OTHER,ANGLE,STRAIGHT & LEVEL,DAYLIGHT,,,10/20/2021 8:14:48 AM,False,5362,Accepted,
28924996,0568000,LOUISVILLE METRO POLICE DEPT,Accepted,JEFFERSON,,,REDDING,RD,,KY1932,BRECKENRIDGE,,,,,38.189874757,-85.625812901,,10/19/2021 12:00:00 AM,1814,2,2,0,1,CLEAR,DRY,False,ANGLE COLLISION - OTHER,ANGLE,STRAIGHT & LEVEL,DAYLIGHT,,,10/20/2021 8:13:36 AM,False,7864,Accepted,
28925002,0568000,LOUISVILLE METRO POLICE DEPT,Accepted,JEFFERSON,KY1447,,WESTPORT,RD,,,FREYS HILL,,,,,38.294558095,-85.557626668,6.132,10/19/2021 12:00:00 AM,1951,2,2,0,0,CLEAR,DRY,False,OTHER INTERSECTION COLLISIONS,REAR END,STRAIGHT & HILLCREST,DARK (UNKNOWN ROADWAY LIGHTING),,,10/20/2021 8:13:58 AM,False,5228,Accepted,
28925003,0568000,LOUISVILLE METRO POLICE DEPT,Accepted,JEFFERSON,,9300,OLD BARDSTOWN,RD,,,,,,,,38.103835326,-85.567848398,1.925,10/19/2021 12:00:00 AM,0702,1,1,0,0,CLEAR,DRY,False,COLLISION WITH ANIMAL NON INTERSECTION,SINGLE VEHICLE,STRAIGHT & LEVEL,DARK-HWY NOT LIGHTED,,,10/20/2021 8:14:04 AM,False,7871,Accepted,
28925004,0568000,LOUISVILLE METRO POLICE DEPT,Accepted,JEFFERSON,KY1065,8915,BEULAH CHURCH,RD,,,,,,,,38.144838053,-85.596641443,11.070,10/19/2021 12:00:00 AM,2307,1,1,0,1,CLEAR,DRY,False,COLLISION WITH FIXED OBJECT NON - INTERSECTION - FIRST EVENT COLLISION 09 - 32 EXCLUDING 16,SINGLE VEHICLE,STRAIGHT & GRADE,DARK (UNKNOWN ROADWAY LIGHTING),,,10/20/2021 8:14:08 AM,False,5342,Accepted,
28924988,0568000,LOUISVILLE METRO POLICE DEPT,Accepted,JEFFERSON,US0060,,SHELBYVILLE,RD,,,ENGLISH STATION,,,,,38.240525044,-85.493518271,12.579,10/19/2021 12:00:00 AM,1604,2,2,0,0,CLEAR,DRY,False,SIDESWIPE-SAME DIRECTION,SIDESWIPE-SAME DIRECTION,STRAIGHT & LEVEL,DAYLIGHT,,,10/20/2021 8:12:53 AM,False,2109,Accepted,
28924995,0568000,LOUISVILLE METRO POLICE DEPT,Accepted,JEFFERSON,,,GALLAGHER,ST,,,,,,,,38.238645049,-85.780659121,0.293,10/19/2021 12:00:00 AM,0952,2,2,0,0,CLEAR,DRY,False,1 VEHICLE PARKED POSITION (NOT PARKING LOT/DRIVEWAY),SIDESWIPE-SAME DIRECTION,STRAIGHT & GRADE,DAYLIGHT,,,10/20/2021 8:13:32 AM,False,5386,Accepted,
28924972,0568000,LOUISVILLE METRO POLICE DEPT,Accepted,JEFFERSON,,,ULRICH,AVE,,,,,,,,38.158331001,-85.707486820,0.546,10/19/2021 12:00:00 AM,1309,1,1,0,0,CLEAR,DRY,False,COLLISION WITH FIXED OBJECT NON - INTERSECTION - FIRST EVENT COLLISION 09 - 32 EXCLUDING 16,SINGLE VEHICLE,STRAIGHT & LEVEL,DAYLIGHT,,,10/20/2021 8:11:38 AM,False,4693,Accepted,
28924989,0568000,LOUISVILLE METRO POLICE DEPT,Accepted,JEFFERSON,US0060A,,EASTERN,PKWY,,,,,,,,38.217166983,-85.738548275,4.851,10/19/2021 12:00:00 AM,1435,2,2,0,0,CLEAR,DRY,False,SIDESWIPE COLLISION - OPPOSITE DIRECTION,SIDESWIPE-OPPOSITE DIRECTION,STRAIGHT & LEVEL,DAYLIGHT,,,10/20/2021 8:12:57 AM,False,7462,Accepted,
28924986,0568000,LOUISVILLE METRO POLICE DEPT,Accepted,JEFFERSON,,,ST CATHERINE,ST,E,,FLOYD,,,,,38.236494819,-85.751283595,1.083,10/19/2021 12:00:00 AM,1155,2,2,0,0,CLEAR,DRY,True,ANGLE COLLISION - ONE VEHICLE TURNING LEFT,ANGLE,STRAIGHT & LEVEL,DAYLIGHT,,,10/20/2021 8:12:45 AM,False,5186,Accepted,
28924969,0568000,LOUISVILLE METRO POLICE DEPT,Accepted,JEFFERSON,,,WENZEL,ST,S,US0031E,MARKET,,,,,38.252794364,-85.734040360,0.100,10/19/2021 12:00:00 AM,1210,2,2,0,0,CLEAR,DRY,False,SIDESWIPE-SAME DIRECTION,SIDESWIPE-SAME DIRECTION,STRAIGHT & LEVEL,DAYLIGHT,,,10/20/2021 8:11:19 AM,False,7862,Accepted,
28924970,0568000,LOUISVILLE METRO POLICE DEPT,Accepted,JEFFERSON,US0150,,N 22ND ST CONN,,,,ROWAN,,,,,38.261082973,-85.784419953,0.668,10/19/2021 12:00:00 AM,1405,2,2,0,0,CLEAR,DRY,False,ANGLE COLLISION - OTHER,ANGLE,STRAIGHT & LEVEL,DAYLIGHT,,,10/20/2021 8:11:26 AM,False,7463,Accepted,
28924977,0568000,LOUISVILLE METRO POLICE DEPT,Accepted,JEFFERSON,KY1020,,3RD,ST,S,US0150,BROADWAY,,,,,38.245958030,-85.756728314,12.099,10/19/2021 12:00:00 AM,1311,2,2,0,0,CLEAR,DRY,False,OTHER INTERSECTION COLLISIONS,REAR END,STRAIGHT & LEVEL,DAYLIGHT,,,10/20/2021 8:12:01 AM,False,5187,Accepted,
28920534,0568000,LOUISVILLE METRO POLICE DEPT,Accepted,JEFFERSON,US0031E,,BUECHEL,BYP,,,BUECHEL BANK,,,,,38.190729523,-85.647681335,10.043,10/19/2021 12:00:00 AM,0603,2,2,0,3,CLEAR,DRY,False,ANGLE COLLISION - OTHER,ANGLE,STRAIGHT & LEVEL,DARK-HWY LIGHTED/ON,,,10/19/2021 8:11:14 AM,False,5239,Accepted,
28924978,0568000,LOUISVILLE METRO POLICE DEPT,Accepted,JEFFERSON,US0060A,,EASTERN,PKWY,,,,KY1703,BAXTER,,HILL,38.228968156,-85.715038595,6.432,10/19/2021 12:00:00 AM,1508,2,2,0,1,CLEAR,DRY,False,OTHER ROADWAY OR MID-BLOCK COLLISION,REAR END,STRAIGHT & GRADE,DAYLIGHT,,,10/20/2021 8:12:05 AM,False,2228,Accepted,
28924979,0568000,LOUISVILLE METRO POLICE DEPT,Accepted,JEFFERSON,,,SMYRNA,PKWY,,KY2845,MANSLICK,,,,,38.122800965,-85.643055358,1.050,10/19/2021 12:00:00 AM,1506,2,2,0,4,CLEAR,DRY,False,ANGLE COLLISION - OTHER,ANGLE,STRAIGHT & LEVEL,DAYLIGHT,,,10/20/2021 8:12:10 AM,False,2324,Accepted,
29127445,0568000,LOUISVILLE METRO POLICE DEPT,Accepted,JEFFERSON,,,BROADWAY,,W,,,,28TH,,29TH,38.249558027,-85.799677567,0.625,10/19/2021 12:00:00 AM,1617,2,1,0,1,CLOUDY,DRY,False,COLLISION WITH PEDESTRIAN NON - INTERSECTION,SINGLE VEHICLE,STRAIGHT & LEVEL,DAYLIGHT,,,10/28/2021 8:13:24 AM,False,5251,Accepted,
29127446,0568000,LOUISVILLE METRO POLICE DEPT,Accepted,JEFFERSON,,111,KENTON,ST,W,,,,,,,38.198200342,-85.762696898,0.314,10/19/2021 12:00:00 AM,1000,1,1,0,0,CLEAR,DRY,True,OTHER ROADWAY OR MID-BLOCK COLLISION,SINGLE VEHICLE,STRAIGHT & LEVEL,DAYLIGHT,,,10/28/2021 8:13:27 AM,False,7251,Accepted,
28943299,0568000,LOUISVILLE METRO POLICE DEPT,Accepted,JEFFERSON,,,WATTERSON,TRL,S,,,,,,,38.167061433,-85.622796669,0.815,10/18/2021 12:00:00 AM,2200,1,1,0,0,CLEAR,DRY,False,COLLISION WITH FIXED OBJECT NON - INTERSECTION - FIRST EVENT COLLISION 09 - 32 EXCLUDING 16,SINGLE VEHICLE,CURVE & LEVEL,DARK-HWY LIGHTED/OFF,,,10/25/2021 8:58:53 AM,False,5178,Accepted,
28943324,0568000,LOUISVILLE METRO POLICE DEPT,Accepted,JEFFERSON,KY1934,,CANE RUN,RD,,,BRIDWELL,,,,,38.179757375,-85.859401190,7.362,10/18/2021 12:00:00 AM,1649,2,2,0,0,CLEAR,DRY,False,SIDESWIPE-SAME DIRECTION,SIDESWIPE-SAME DIRECTION,STRAIGHT & LEVEL,DAYLIGHT,,,10/25/2021 9:03:27 AM,False,2457,Accepted,
28945463,0563800,NORTHFIELD POLICE DEPARTMENT,Accepted,JEFFERSON,I 0071,,I71 S,,,,,I 0071,I71 S EXIT5 RAMP TO I264 W,I 0071,I71 TURN AROUND6,38.297827257,-85.623894990,6.458,10/18/2021 12:00:00 AM,1700,2,2,0,0,CLEAR,DRY,False,REAR END IN TRAFFIC LANES BOTH VEHICLES MOVING,REAR END,STRAIGHT & LEVEL,DAWN,,,10/25/2021 12:38:56 PM,False,1375,Accepted,
29132252,0568000,LOUISVILLE METRO POLICE DEPT,Accepted,JEFFERSON,KY0155,2802,TAYLORSVILLE,RD,,,,,,,,38.222837089,-85.668109595,15.633,10/18/2021 12:00:00 AM,1228,1,1,0,0,CLEAR,DRY,False,COLLISION IN PARKING LOT,SINGLE VEHICLE,STRAIGHT & LEVEL,DARK-HWY LIGHTED/ON,,,10/28/2021 3:01:47 PM,False,2034,Accepted,
28924980,0568000,LOUISVILLE METRO POLICE DEPT,Accepted,JEFFERSON,US0031E,,BUECHEL,BYP,,,PLAZA,,,,,38.190960994,-85.651894326,10.262,10/18/2021 12:00:00 AM,1437,2,2,0,0,CLEAR,DRY,False,OTHER INTERSECTION COLLISIONS,REAR END,STRAIGHT & LEVEL,DAYLIGHT,,,10/20/2021 8:12:17 AM,False,5383,Accepted,
28924964,0568000,LOUISVILLE METRO POLICE DEPT,Accepted,JEFFERSON,KY0155,,TAYLORSVILLE,RD,,,,,,,,38.219904686,-85.627998056,13.443,10/18/2021 12:00:00 AM,1525,2,2,0,0,CLEAR,DRY,False,OTHER ROADWAY OR MID-BLOCK COLLISION,OPPOSING LEFT TURN,STRAIGHT & LEVEL,DAYLIGHT,,,10/20/2021 8:10:45 AM,False,8278,Accepted,
28920523,0568000,LOUISVILLE METRO POLICE DEPT,Accepted,JEFFERSON,US0031W,,DIXIE,HWY,,,,,,,,38.161222276,-85.832101081,12.816,10/18/2021 12:00:00 AM,1537,2,2,0,0,CLEAR,DRY,False,REAR END IN TRAFFIC LANES BOTH VEHICLES MOVING,REAR END,STRAIGHT & LEVEL,DAYLIGHT,,,10/19/2021 8:10:01 AM,False,7234,Accepted,