IncidentID,AgencyORI,AgencyName,IncidentStatusDesc,County,RdwyNumber,Street,RoadwayName,StreetSfx,StreetDir,IntersectionRdwy,IntersectionRdwyName,BetweenStRdwy1,BetweenStRdwyName1,BetweenStRdwy2,BetweenStRdwyName2,Latitude,Longitude,Milepoint,CollisionDate,CollisionTime,UnitsInvolved,MotorVehiclesInvolved,NumberKilled,NumberInjured,Weather,RdwyConditionCode,HitandRun,DirAnalysisCode,MannerofCollision,RdwyCharacter,LightCondition,RampFromRdwyId,RampToRdwyId,AcceptedDate,IsSecondaryCollision,OwnerBadge,IncidentStatus,
28920526,0568000,LOUISVILLE METRO POLICE DEPT,Accepted,JEFFERSON,KY0061,,PRESTON,HWY,,,MILES,,,,,38.123840397,-85.678979845,2.869,10/18/2021 12:00:00 AM,1827,2,2,0,0,CLEAR,DRY,False,ANGLE COLLISION - OTHER,ANGLE,STRAIGHT & LEVEL,DAYLIGHT,,,10/19/2021 8:10:20 AM,False,7106,Accepted,
28920510,0568000,LOUISVILLE METRO POLICE DEPT,Accepted,JEFFERSON,,,CHEROKEE,RD,,KY2860,GRINSTEAD,,,,,38.239138642,-85.719625484,0.512,10/18/2021 12:00:00 AM,0928,2,2,0,0,CLEAR,DRY,False,OPPOSING LEFT TURN,OPPOSING LEFT TURN,STRAIGHT & LEVEL,DAYLIGHT,,,10/19/2021 8:07:38 AM,False,2228,Accepted,
28920515,0568000,LOUISVILLE METRO POLICE DEPT,Accepted,JEFFERSON,KY1747,3400,FERN VALLEY,RD,,,,,,,,38.156975661,-85.700958307,1.714,10/18/2021 12:00:00 AM,0921,2,2,0,0,CLEAR,DRY,False,SIDESWIPE COLLISION - SAME DIRECTION,SIDESWIPE-SAME DIRECTION,STRAIGHT & LEVEL,DAYLIGHT,,,10/19/2021 8:08:25 AM,False,5026,Accepted,
28920524,0568000,LOUISVILLE METRO POLICE DEPT,Accepted,JEFFERSON,,,CHAMBERLAIN,LN,,,OLD LA GRANGE,,,,,38.289720647,-85.512750318,0.035,10/18/2021 12:00:00 AM,1712,2,2,0,0,CLEAR,DRY,False,ANGLE COLLISION - OTHER,ANGLE,STRAIGHT & LEVEL,DAYLIGHT,,,10/19/2021 8:10:05 AM,False,7483,Accepted,
28920525,0568000,LOUISVILLE METRO POLICE DEPT,Accepted,JEFFERSON,US0031E,,BARDSTOWN,RD,,,,,BONNYCASTLE,,DUKER,38.230405849,-85.704105015,14.330,10/18/2021 12:00:00 AM,2021,2,2,0,0,CLEAR,DRY,False,OTHER ROADWAY OR MID-BLOCK COLLISION,REAR END,STRAIGHT & LEVEL,DARK-HWY LIGHTED/ON,,,10/19/2021 8:10:16 AM,False,2816,Accepted,
28920532,0568000,LOUISVILLE METRO POLICE DEPT,Accepted,JEFFERSON,I 0264,,I264 W,,,,,,,,,38.189886700,-85.735256546,11.781,10/18/2021 12:00:00 AM,0952,1,1,1,0,CLEAR,DRY,False,COLLISION WITH FIXED OBJECT NON - INTERSECTION - FIRST EVENT COLLISION 09 - 32 EXCLUDING 16,SINGLE VEHICLE,STRAIGHT & LEVEL,DAYLIGHT,,,10/19/2021 8:10:52 AM,False,7628,Accepted,
28916056,0568000,LOUISVILLE METRO POLICE DEPT,Accepted,JEFFERSON,,,OLD MILLERS,LN,,,MILLERS,,,,,38.216186450,-85.812892800,0.339,10/18/2021 12:00:00 AM,0058,2,2,0,0,CLEAR,DRY,False,OPPOSITE DIRECTION - BOTH VEHICLES GOING STRAIGHT AHEAD,SIDESWIPE-OPPOSITE DIRECTION,CURVE & LEVEL,DARK-HWY LIGHTED/ON,,,10/18/2021 8:40:23 AM,False,5285,Accepted,
28916054,0568000,LOUISVILLE METRO POLICE DEPT,Accepted,JEFFERSON,,,SUNFLOWER,AVE,,KY2049,CRUMS,,,,,38.197347899,-85.832953560,0.002,10/18/2021 12:00:00 AM,0700,2,2,0,0,CLEAR,DRY,False,SIDESWIPE-SAME DIRECTION,SIDESWIPE-SAME DIRECTION,STRAIGHT & LEVEL,DARK-HWY LIGHTED/OFF,,,10/18/2021 8:40:12 AM,False,5256,Accepted,
28924997,0568000,LOUISVILLE METRO POLICE DEPT,Accepted,JEFFERSON,KY1447,,WESTPORT,RD,,,,,,,,38.297847509,-85.547017891,6.749,10/18/2021 12:00:00 AM,2115,2,2,0,2,CLEAR,DRY,False,SIDESWIPE COLLISION - SAME DIRECTION,SIDESWIPE-SAME DIRECTION,STRAIGHT & LEVEL,DARK-HWY LIGHTED/ON,,,10/20/2021 8:13:40 AM,False,5056,Accepted,
28933980,0568000,LOUISVILLE METRO POLICE DEPT,Accepted,JEFFERSON,,539,35TH,ST,N,,,KY3064,NORTHWESTERN,,PFLANZ,38.273712038,-85.804424385,0.039,10/18/2021 12:00:00 AM,1850,3,3,0,0,CLEAR,DRY,False,1 VEHICLE PARKED POSITION (NOT PARKING LOT/DRIVEWAY),HEAD ON,STRAIGHT & LEVEL,DAYLIGHT,,,10/22/2021 8:23:17 AM,False,7058,Accepted,
29127442,0568000,LOUISVILLE METRO POLICE DEPT,Accepted,JEFFERSON,,,PHILLIPS,LN,,,,,,,,38.195809193,-85.735637549,1.019,10/18/2021 12:00:00 AM,1553,2,2,0,0,CLEAR,DRY,False,SIDESWIPE COLLISION - SAME DIRECTION,SIDESWIPE-SAME DIRECTION,STRAIGHT & LEVEL,DAYLIGHT,,,10/28/2021 8:13:05 AM,False,7251,Accepted,
29141473,0568000,LOUISVILLE METRO POLICE DEPT,Accepted,JEFFERSON,,5620,BARRETT,LN,,,,,,,,38.101747965,-85.866154692,0.208,10/18/2021 12:00:00 AM,1944,2,2,0,0,,DRY,True,COLLISION IN PARKING LOT,BACKING,STRAIGHT & LEVEL,DARK-HWY LIGHTED/ON,,,10/29/2021 7:44:52 AM,False,7166,Accepted,
28920513,0568000,LOUISVILLE METRO POLICE DEPT,Accepted,JEFFERSON,I 0264,,,,,,,,,,,38.186642719,-85.783813302,0.001,10/18/2021 12:00:00 AM,0844,2,2,0,0,CLEAR,DRY,False,OTHER RAMP RELATED COLLISIONS NOT LISTED ABOVE,SIDESWIPE-SAME DIRECTION,STRAIGHT & LEVEL,DAWN,KY1865,I 0264,10/19/2021 8:08:01 AM,False,5180,Accepted,
28920522,0568000,LOUISVILLE METRO POLICE DEPT,Accepted,JEFFERSON,I 0265,,I265 S,,,,,I 0265,I265 S EXIT29 ON RAMP FROM KY3084,I 0265,I265 S EXIT27 OFF RAMP TO US60,38.258276721,-85.502025450,27.906,10/18/2021 12:00:00 AM,1541,4,4,0,1,CLEAR,DRY,False,REAR END IN TRAFFIC LANES BOTH VEHICLES MOVING,REAR END,STRAIGHT & LEVEL,DAYLIGHT,,,10/19/2021 8:09:55 AM,False,7529,Accepted,
28920530,0568000,LOUISVILLE METRO POLICE DEPT,Accepted,JEFFERSON,,,4TH,ST,S,US0031W,MAIN,,,,,38.256618583,-85.756635601,0.004,10/18/2021 12:00:00 AM,2153,2,2,0,0,CLEAR,DRY,False,ANGLE COLLISION - ONE VEHICLE TURNING LEFT,ANGLE,STRAIGHT & LEVEL,DARK-HWY LIGHTED/ON,,,10/19/2021 8:10:39 AM,False,5295,Accepted,
28920528,0568000,LOUISVILLE METRO POLICE DEPT,Accepted,JEFFERSON,KY1447,,WESTPORT,RD,,,INDIAN LAKE,,,,,38.296212666,-85.553065195,6.398,10/18/2021 12:00:00 AM,1842,4,4,0,0,CLEAR,DRY,False,OTHER INTERSECTION COLLISIONS,REAR END,STRAIGHT & LEVEL,DUSK,,,10/19/2021 8:10:30 AM,False,7408,Accepted,
28920388,0566900,LOUISVILLE AIRPORT POLICE,Accepted,JEFFERSON,,600,TERMINAL,DR,,,,,,,,38.185980692,-85.745820529,0.072,10/18/2021 12:00:00 AM,1538,2,2,0,0,CLEAR,DRY,False,SIDESWIPE COLLISION - SAME DIRECTION,SIDESWIPE-SAME DIRECTION,CURVE & GRADE,DAYLIGHT,,,10/19/2021 7:15:58 AM,False,5856,Accepted,
28920520,0568000,LOUISVILLE METRO POLICE DEPT,Accepted,JEFFERSON,US0031E,,BARDSTOWN,RD,,,DEL MARIA,,,,,38.170160673,-85.607003833,7.378,10/18/2021 12:00:00 AM,1632,2,2,0,1,CLEAR,DRY,False,ANGLE COLLISION - OTHER,ANGLE,STRAIGHT & LEVEL,DAYLIGHT,,,10/19/2021 8:09:35 AM,False,7864,Accepted,
28920521,0568000,LOUISVILLE METRO POLICE DEPT,Accepted,JEFFERSON,KY2052,,SHEPHERDSVILLE,RD,,,MILE OF SUNSHINE,,,,,38.150070093,-85.659833756,0.789,10/18/2021 12:00:00 AM,0810,3,3,0,8,CLEAR,DRY,False,OTHER INTERSECTION COLLISIONS,REAR END,STRAIGHT & LEVEL,DAYLIGHT,,,10/19/2021 8:09:46 AM,False,7812,Accepted,
28924998,0568000,LOUISVILLE METRO POLICE DEPT,Accepted,JEFFERSON,I 0264,,I264 W,,,,,,,,,38.266381553,-85.806904656,0.768,10/18/2021 12:00:00 AM,1219,2,2,0,2,CLEAR,DRY,False,SIDESWIPE COLLISION - SAME DIRECTION,SIDESWIPE-SAME DIRECTION,STRAIGHT & LEVEL,DAYLIGHT,,,10/20/2021 8:13:43 AM,False,7469,Accepted,
28924983,0568000,LOUISVILLE METRO POLICE DEPT,Accepted,JEFFERSON,,,LOWER HUNTERS,TRCE,,,,,,,,38.158650541,-85.849391131,0.830,10/18/2021 12:00:00 AM,1235,2,2,0,1,CLEAR,DRY,False,1 VEHICLE ENTERING/LEAVING ENTRANCE,ANGLE,STRAIGHT & LEVEL,DAYLIGHT,,,10/20/2021 8:12:32 AM,False,7244,Accepted,
28924981,0568000,LOUISVILLE METRO POLICE DEPT,Accepted,JEFFERSON,KY1747,2010,HURSTBOURNE,PKWY,S,,,,,,,38.216842579,-85.588994031,11.159,10/18/2021 12:00:00 AM,1648,2,2,0,1,CLEAR,DRY,False,OTHER ROADWAY OR MID-BLOCK COLLISION,OPPOSING LEFT TURN,STRAIGHT & LEVEL,DAYLIGHT,,,10/20/2021 8:12:21 AM,False,5383,Accepted,
28924965,0568000,LOUISVILLE METRO POLICE DEPT,Accepted,JEFFERSON,I 0264,,I264 W,,,,,,,,,38.201216630,-85.693785369,14.242,10/18/2021 12:00:00 AM,1703,2,2,0,1,CLEAR,DRY,False,REAR END IN TRAFFIC LANES BOTH VEHICLES MOVING,REAR END,STRAIGHT & GRADE,DAYLIGHT,,,10/20/2021 8:10:52 AM,False,8278,Accepted,
28925009,0568000,LOUISVILLE METRO POLICE DEPT,Accepted,JEFFERSON,KY1747,,FERN VALLEY,RD,,,ULRICH,,,,,38.157015672,-85.708048162,1.325,10/18/2021 12:00:00 AM,2132,2,2,0,1,CLEAR,DRY,False,OTHER INTERSECTION COLLISIONS,REAR END,STRAIGHT & LEVEL,DARK-HWY LIGHTED/ON,,,10/20/2021 8:14:34 AM,False,5264,Accepted,
28924985,0568000,LOUISVILLE METRO POLICE DEPT,Accepted,JEFFERSON,,,MARKET,ST,W,,34TH,,,,,38.260924135,-85.806897927,1.120,10/18/2021 12:00:00 AM,1800,1,1,0,0,CLEAR,DRY,False,COLLISION WITH FIXED OBJECT IN INTERSECTION - FIRST EVENT COLLISION 09 - 32,SINGLE VEHICLE,STRAIGHT & LEVEL,DAYLIGHT,,,10/20/2021 8:12:41 AM,False,5129,Accepted,
28916043,0568000,LOUISVILLE METRO POLICE DEPT,Accepted,JEFFERSON,KY2860,2320,GRINSTEAD,DR,,,,,WILLOW,,GRINSTEAD,38.240730918,-85.714398485,0.412,10/18/2021 12:00:00 AM,0257,1,1,0,1,CLEAR,DRY,False,COLLISION WITH FIXED OBJECT NON - INTERSECTION - FIRST EVENT COLLISION 09 - 32 EXCLUDING 16,SINGLE VEHICLE,CURVE & LEVEL,DARK-HWY LIGHTED/ON,,,10/18/2021 8:39:41 AM,False,5197,Accepted,
28916051,0568000,LOUISVILLE METRO POLICE DEPT,Accepted,JEFFERSON,,,BUECHEL BANK,RD,,,,,,,,38.177968766,-85.648972874,0.933,10/18/2021 12:00:00 AM,0501,2,2,0,1,CLEAR,DRY,False,OTHER ROADWAY OR MID-BLOCK COLLISION,OPPOSING LEFT TURN,STRAIGHT & LEVEL,DARK (UNKNOWN ROADWAY LIGHTING),,,10/18/2021 8:40:04 AM,False,5182,Accepted,
28917377,0561000,JEFFERSONTOWN POLICE DEPT,Accepted,JEFFERSON,KY1747,,HURSTBOURNE,PKWY,S,I 0064,I64 E EXIT15 ON RAMP FROM KY1747 N,,,,,38.221681911,-85.579523365,11.778,10/18/2021 12:00:00 AM,0754,2,2,0,0,CLEAR,DRY,True,SIDESWIPE COLLISION - SAME DIRECTION,SIDESWIPE-SAME DIRECTION,CURVE & LEVEL,DAYLIGHT,,,10/18/2021 12:37:55 PM,False,8297,Accepted,
28916026,0568000,LOUISVILLE METRO POLICE DEPT,Accepted,JEFFERSON,,,6TH,ST,S,,PARK,,,,,38.231792565,-85.764261976,1.754,10/17/2021 12:00:00 AM,1600,2,1,0,1,CLEAR,DRY,False,COLLISION WITH BICYCLE IN INTERSECTION,SINGLE VEHICLE,STRAIGHT & LEVEL,DAYLIGHT,,,10/18/2021 8:38:38 AM,False,7132,Accepted,
28916027,0568000,LOUISVILLE METRO POLICE DEPT,Accepted,JEFFERSON,,,CHESTNUT,ST,W,US0031W,22ND,,,,,38.252240944,-85.787668718,0.728,10/17/2021 12:00:00 AM,0926,2,2,0,0,CLEAR,DRY,False,ANGLE COLLISION - OTHER,ANGLE,STRAIGHT & LEVEL,DAYLIGHT,,,10/18/2021 8:38:41 AM,False,5124,Accepted,
28916034,0568000,LOUISVILLE METRO POLICE DEPT,Accepted,JEFFERSON,KY0907,,3RD ST,RD,,,SHOREWOOD,,,,,38.144884187,-85.776450990,6.218,10/17/2021 12:00:00 AM,1826,2,2,0,0,CLEAR,DRY,False,ANGLE COLLISION - OTHER,ANGLE,STRAIGHT & LEVEL,DAYLIGHT,,,10/18/2021 8:39:09 AM,False,7483,Accepted,
28916035,0568000,LOUISVILLE METRO POLICE DEPT,Accepted,JEFFERSON,KY0061,,PRESTON,HWY,,I 0265,I265 W EXIT12 OFF RAMP TO KY61 S,,,,,38.111706864,-85.675331162,1.989,10/17/2021 12:00:00 AM,1833,2,2,0,0,CLEAR,DRY,False,ANGLE COLLISION - ONE VEHICLE TURNING LEFT,ANGLE,STRAIGHT & GRADE,DAYLIGHT,,,10/18/2021 8:39:14 AM,False,7311,Accepted,
28916042,0568000,LOUISVILLE METRO POLICE DEPT,Accepted,JEFFERSON,,,15TH,ST,S,,KENTUCKY,,,,,38.241369444,-85.777613784,1.105,10/17/2021 12:00:00 AM,2039,2,2,0,1,CLEAR,DRY,False,ANGLE COLLISION - OTHER,ANGLE,STRAIGHT & LEVEL,DARK-HWY LIGHTED/ON,,,10/18/2021 8:39:37 AM,False,5303,Accepted,
28916024,0568000,LOUISVILLE METRO POLICE DEPT,Accepted,JEFFERSON,I 0064,,,,,,,,,,,38.256655348,-85.720800221,0.174,10/17/2021 12:00:00 AM,0141,2,2,0,0,CLEAR,DRY,False,OTHER RAMP RELATED COLLISIONS NOT LISTED ABOVE,REAR END,CURVE & LEVEL,DAYLIGHT,I 0064,MELLWOOD AVE,10/18/2021 8:38:31 AM,False,7785,Accepted,
28916033,0568000,LOUISVILLE METRO POLICE DEPT,Accepted,JEFFERSON,KY1142,,PALATKA,RD,,,SANDERS GATE,,,,,38.152821850,-85.791120438,0.632,10/17/2021 12:00:00 AM,1532,2,2,0,0,CLEAR,DRY,False,HEAD-ON COLLISION,HEAD ON,STRAIGHT & HILLCREST,DAYLIGHT,,,10/18/2021 8:39:04 AM,False,7483,Accepted,
28916041,0568000,LOUISVILLE METRO POLICE DEPT,Accepted,JEFFERSON,KY1450,,BLUE LICK,RD,,,BONAVENTURE,,,,,38.122309080,-85.689487671,2.584,10/17/2021 12:00:00 AM,0601,1,1,0,0,CLEAR,DRY,False,COLLISION WITH FIXED OBJECT IN INTERSECTION - FIRST EVENT COLLISION 09 - 32,SINGLE VEHICLE,STRAIGHT & LEVEL,DARK-HWY LIGHTED/OFF,,,10/18/2021 8:39:30 AM,False,7100,Accepted,
28917278,0561500,UNIV. OF LOUISVILLE POLICE,Accepted,JEFFERSON,,,CARDINAL,BLVD,W,,RILEY,,,,,38.220879197,-85.763775307,0.324,10/17/2021 12:00:00 AM,2123,2,2,0,0,CLEAR,DRY,False,SIDESWIPE-SAME DIRECTION,SIDESWIPE-SAME DIRECTION,STRAIGHT & LEVEL,DARK-HWY LIGHTED/ON,,,10/18/2021 12:19:26 PM,False,5698,Accepted,
28916002,0568000,LOUISVILLE METRO POLICE DEPT,Accepted,JEFFERSON,I 0064,,I64 E,,,,,I 0064,I64 E EXIT17 ON RAMP FROM KY913,I 0064,I64 E EXIT19A RAMP TO I265 S,38.222826804,-85.512600639,18.595,10/17/2021 12:00:00 AM,0036,2,2,0,0,CLEAR,DRY,False,SIDESWIPE COLLISION - SAME DIRECTION,SIDESWIPE-SAME DIRECTION,STRAIGHT & HILLCREST,DARK-HWY LIGHTED/OFF,,,10/18/2021 8:37:35 AM,False,7440,Accepted,
28916018,0568000,LOUISVILLE METRO POLICE DEPT,Accepted,JEFFERSON,,,BROADWAY,,W,,,,26TH,,27TH,38.249466482,-85.795422514,0.393,10/17/2021 12:00:00 AM,0121,2,2,0,1,CLEAR,DRY,False,1 VEHICLE ENTERING/LEAVING ENTRANCE,ANGLE,STRAIGHT & LEVEL,DARK-HWY LIGHTED/ON,,,10/18/2021 8:38:07 AM,False,5271,Accepted,
28915858,0561800,HERITAGE CREEK POLICE DEPT,Accepted,JEFFERSON,,9703,CEDAR CREEK,RD,,,,,,,,38.103731856,-85.607738793,0.344,10/17/2021 12:00:00 AM,1720,1,1,0,0,CLEAR,DRY,False,COLLISION WITH FIXED OBJECT NON - INTERSECTION - FIRST EVENT COLLISION 09 - 32 EXCLUDING 16,SINGLE VEHICLE,STRAIGHT & LEVEL,DAYLIGHT,,,10/18/2021 8:17:01 AM,False,1262,Accepted,
28933990,0568000,LOUISVILLE METRO POLICE DEPT,Accepted,JEFFERSON,KY1020,,SOUTHSIDE,DR,,,SOUTHLAND,,,,,38.171181085,-85.764724663,6.972,10/17/2021 12:00:00 AM,1318,2,2,0,1,CLEAR,DRY,False,ANGLE COLLISION - OTHER,ANGLE,STRAIGHT & LEVEL,DAYLIGHT,,,10/22/2021 8:25:09 AM,False,5123,Accepted,
28933977,0568000,LOUISVILLE METRO POLICE DEPT,Accepted,JEFFERSON,KY1865,,NEW CUT,RD,,,,,,,,38.150706711,-85.776367831,3.004,10/17/2021 12:00:00 AM,0559,2,2,0,0,CLEAR,DRY,True,COLLISION IN PARKING LOT,BACKING,STRAIGHT & LEVEL,DARK (UNKNOWN ROADWAY LIGHTING),,,10/22/2021 8:22:55 AM,False,5400,Accepted,
28916036,0568000,LOUISVILLE METRO POLICE DEPT,Accepted,JEFFERSON,KY1703,,NEWBURG,RD,,,TREVILIAN,,,,,38.213569880,-85.700998511,3.399,10/17/2021 12:00:00 AM,2018,2,2,0,0,CLEAR,DRY,True,OTHER INTERSECTION COLLISIONS,REAR END,STRAIGHT & LEVEL,DARK-HWY LIGHTED/ON,,,10/18/2021 8:39:19 AM,False,7049,Accepted,
28916028,0568000,LOUISVILLE METRO POLICE DEPT,Accepted,JEFFERSON,,,JEFFERSON,ST,W,,15TH,,,,,38.255845950,-85.775231810,1.271,10/17/2021 12:00:00 AM,1608,2,2,0,0,CLEAR,DRY,False,ANGLE COLLISION - OTHER,ANGLE,STRAIGHT & LEVEL,DAYLIGHT,,,10/18/2021 8:38:45 AM,False,5124,Accepted,
28916029,0568000,LOUISVILLE METRO POLICE DEPT,Accepted,JEFFERSON,I 0264,,I264 W,,,,,,,,,38.235625691,-85.818065218,3.089,10/17/2021 12:00:00 AM,1446,3,3,0,0,CLEAR,DRY,False,REAR END IN TRAFFIC LANES BOTH VEHICLES MOVING,REAR END,STRAIGHT & LEVEL,DAYLIGHT,,,10/18/2021 8:38:49 AM,False,5257,Accepted,
28916006,0568000,LOUISVILLE METRO POLICE DEPT,Accepted,JEFFERSON,KY1447,12205,WESTPORT,RD,,,,,,,,38.304356463,-85.523946209,8.048,10/17/2021 12:00:00 AM,0253,1,1,0,0,CLEAR,DRY,False,COLLISION WITH FIXED OBJECT NON - INTERSECTION - FIRST EVENT COLLISION 09 - 32 EXCLUDING 16,SINGLE VEHICLE,STRAIGHT & LEVEL,DARK-HWY LIGHTED/OFF,,,10/18/2021 8:37:44 AM,False,7369,Accepted,
28916031,0568000,LOUISVILLE METRO POLICE DEPT,Accepted,JEFFERSON,I 0264,,I264 W,,,,,,,,,38.190310610,-85.758331525,10.604,10/17/2021 12:00:00 AM,1611,2,2,0,2,CLEAR,DRY,False,REAR END IN TRAFFIC LANES BOTH VEHICLES MOVING,REAR END,STRAIGHT & GRADE,DAYLIGHT,,,10/18/2021 8:38:56 AM,False,7398,Accepted,
28916039,0568000,LOUISVILLE METRO POLICE DEPT,Accepted,JEFFERSON,KY1020,,NATIONAL,TPKE,,KY0841,KY841 RAMP TO KY1020,,,,,38.119212608,-85.748507097,3.156,10/17/2021 12:00:00 AM,2044,2,2,0,0,CLEAR,DRY,False,COLLISION WITH PARKED VEHICLE,SIDESWIPE-SAME DIRECTION,STRAIGHT & LEVEL,DARK-HWY LIGHTED/ON,,,10/18/2021 8:39:25 AM,False,5209,Accepted,
28916046,0568000,LOUISVILLE METRO POLICE DEPT,Accepted,JEFFERSON,,,28TH,ST,S,,JEFFERSON,,,,,38.258186058,-85.796783556,0.190,10/17/2021 12:00:00 AM,2302,2,2,0,0,CLEAR,DRY,True,COLLISION WITH PARKED VEHICLE,REAR END,STRAIGHT & LEVEL,DARK-HWY LIGHTED/ON,,,10/18/2021 8:39:52 AM,False,5271,Accepted,
28920533,0568000,LOUISVILLE METRO POLICE DEPT,Accepted,JEFFERSON,,,DIXIE,HWY,,,KENTUCKY,,,,,38.241752921,-85.784991215,0.522,10/17/2021 12:00:00 AM,1854,2,2,0,5,CLEAR,DRY,False,ANGLE COLLISION - OTHER,ANGLE,STRAIGHT & LEVEL,DARK-HWY LIGHTED/ON,,,10/19/2021 8:11:02 AM,False,7628,Accepted,
28916021,0568000,LOUISVILLE METRO POLICE DEPT,Accepted,JEFFERSON,,1503,15TH,ST,S,,,,,,,38.226833379,-85.780970524,0.072,10/17/2021 12:00:00 AM,0411,2,2,0,1,CLEAR,DRY,True,REAR END IN TRAFFIC LANES BOTH VEHICLES MOVING,REAR END,CURVE & LEVEL,DARK-HWY LIGHTED/ON,,,10/18/2021 8:38:19 AM,False,5039,Accepted,
28916022,0568000,LOUISVILLE METRO POLICE DEPT,Accepted,JEFFERSON,,,PENWAY,AVE,,,,,35TH,KY1934,CANE RUN,38.223624491,-85.812017516,0.303,10/17/2021 12:00:00 AM,1055,2,2,0,0,CLEAR,DRY,False,SIDESWIPE COLLISION - OPPOSITE DIRECTION,SIDESWIPE-OPPOSITE DIRECTION,STRAIGHT & LEVEL,DAYLIGHT,,,10/18/2021 8:38:24 AM,False,6860,Accepted,
28916023,0568000,LOUISVILLE METRO POLICE DEPT,Accepted,JEFFERSON,KY1020,10820,NATIONAL,TPKE,,,,,,,,38.094695311,-85.733105868,1.075,10/17/2021 12:00:00 AM,0815,1,1,0,0,CLEAR,DRY,False,COLLISION WITH FIXED OBJECT NON - INTERSECTION - FIRST EVENT COLLISION 09 - 32 EXCLUDING 16,SINGLE VEHICLE,CURVE & LEVEL,DAYLIGHT,,,10/18/2021 8:38:29 AM,False,7080,Accepted,
28916030,0568000,LOUISVILLE METRO POLICE DEPT,Accepted,JEFFERSON,,,NOLTEMEYER WYNDE,,,,BATES,,,,,38.140574189,-85.680319547,0.167,10/17/2021 12:00:00 AM,0707,2,1,0,1,CLEAR,DRY,False,COLLISION WITH PEDESTRIAN IN INTERSECTION,SINGLE VEHICLE,STRAIGHT & LEVEL,DARK-HWY LIGHTED/ON,,,10/18/2021 8:38:53 AM,False,5314,Accepted,
28920509,0568000,LOUISVILLE METRO POLICE DEPT,Accepted,JEFFERSON,,,JEFFERSON,ST,W,,15TH,,,,,38.255837121,-85.775214922,1.272,10/17/2021 12:00:00 AM,1608,2,2,0,0,CLEAR,DRY,True,ANGLE COLLISION - OTHER,ANGLE,STRAIGHT & LEVEL,DAYLIGHT,,,10/19/2021 8:07:32 AM,False,5124,Accepted,
29125199,0568000,LOUISVILLE METRO POLICE DEPT,Accepted,JEFFERSON,,,GRINSTEAD,DR,,,,,,US0031E,BARDSTOWN,38.238759033,-85.720351085,0.022,10/17/2021 12:00:00 AM,0055,2,1,0,0,CLEAR,DRY,False,OTHER ROADWAY OR MID-BLOCK COLLISION,REAR END,STRAIGHT & LEVEL,DARK-HWY LIGHTED/ON,,,10/27/2021 9:53:33 AM,False,7984,Accepted,
28981471,0568000,LOUISVILLE METRO POLICE DEPT,Accepted,JEFFERSON,US0042,,BROWNSBORO,RD,,,HILLCREST,,,,,38.260639065,-85.685736949,2.744,10/17/2021 12:00:00 AM,1901,3,3,0,0,CLEAR,DRY,False,OPPOSITE DIRECTION - BOTH VEHICLES GOING STRAIGHT AHEAD,SIDESWIPE-OPPOSITE DIRECTION,STRAIGHT & LEVEL,DAYLIGHT,,,10/26/2021 8:46:29 AM,False,7091,Accepted,
28915969,0568000,LOUISVILLE METRO POLICE DEPT,Accepted,JEFFERSON,KY1447,,WESTPORT,RD,,,,,,,,38.296908799,-85.550550314,6.546,10/16/2021 12:00:00 AM,1400,2,2,0,1,CLEAR,DRY,False,SIDESWIPE COLLISION - SAME DIRECTION,SIDESWIPE-SAME DIRECTION,STRAIGHT & LEVEL,DAYLIGHT,,,10/18/2021 8:35:55 AM,False,7615,Accepted,
28915970,0568000,LOUISVILLE METRO POLICE DEPT,Accepted,JEFFERSON,US0031E,2300,BARDSTOWN,RD,,,,,,,,38.223933778,-85.689825322,13.420,10/16/2021 12:00:00 AM,1447,1,1,0,0,CLOUDY,DRY,False,COLLISION WITH FIXED OBJECT NON - INTERSECTION - FIRST EVENT COLLISION 09 - 32 EXCLUDING 16,SINGLE VEHICLE,STRAIGHT & LEVEL,DAYLIGHT,,,10/18/2021 8:35:58 AM,False,7570,Accepted,
28915986,0568000,LOUISVILLE METRO POLICE DEPT,Accepted,JEFFERSON,,8304,GLASER,LN,,,,,,,,38.144145341,-85.608144121,0.927,10/16/2021 12:00:00 AM,1435,1,1,0,1,CLEAR,DRY,False,COLLISION WITH FIXED OBJECT NON - INTERSECTION - FIRST EVENT COLLISION 09 - 32 EXCLUDING 16,SINGLE VEHICLE,STRAIGHT & LEVEL,DAYLIGHT,,,10/18/2021 8:36:43 AM,False,5040,Accepted,
28915987,0568000,LOUISVILLE METRO POLICE DEPT,Accepted,JEFFERSON,KY1747,,HURSTBOURNE,PKWY,S,,STONY BROOK,,,,,38.171828712,-85.604820071,7.691,10/16/2021 12:00:00 AM,1657,1,1,0,0,CLEAR,DRY,False,COLLISION WITH FIXED OBJECT IN INTERSECTION - FIRST EVENT COLLISION 09 - 32,SINGLE VEHICLE,CURVE & LEVEL,DAYLIGHT,,,10/18/2021 8:36:46 AM,False,5040,Accepted,
28916013,0568000,LOUISVILLE METRO POLICE DEPT,Accepted,JEFFERSON,KY0061,4717,PRESTON,HWY,,,,,,,,38.179458361,-85.717789011,7.281,10/16/2021 12:00:00 AM,2125,2,2,0,1,CLEAR,DRY,False,1 VEHICLE ENTERING/LEAVING ENTRANCE,ANGLE,STRAIGHT & LEVEL,DARK-HWY LIGHTED/ON,,,10/18/2021 8:37:55 AM,False,5189,Accepted,