IncidentID,AgencyORI,AgencyName,IncidentStatusDesc,County,RdwyNumber,Street,RoadwayName,StreetSfx,StreetDir,IntersectionRdwy,IntersectionRdwyName,BetweenStRdwy1,BetweenStRdwyName1,BetweenStRdwy2,BetweenStRdwyName2,Latitude,Longitude,Milepoint,CollisionDate,CollisionTime,UnitsInvolved,MotorVehiclesInvolved,NumberKilled,NumberInjured,Weather,RdwyConditionCode,HitandRun,DirAnalysisCode,MannerofCollision,RdwyCharacter,LightCondition,RampFromRdwyId,RampToRdwyId,AcceptedDate,IsSecondaryCollision,OwnerBadge,IncidentStatus,
28916047,0568000,LOUISVILLE METRO POLICE DEPT,Accepted,JEFFERSON,KY1020,,2ND,ST,S,,MAGNOLIA,,,,,38.228860265,-85.758042079,10.907,10/16/2021 12:00:00 AM,2225,2,2,0,0,CLEAR,DRY,False,ANGLE COLLISION - OTHER,ANGLE,STRAIGHT & LEVEL,DARK-HWY LIGHTED/ON,,,10/18/2021 8:39:56 AM,False,5152,Accepted,
28915978,0568000,LOUISVILLE METRO POLICE DEPT,Accepted,JEFFERSON,,,BARRET,AVE,,,CASTLEWOOD,,,,,38.231107815,-85.724066454,1.384,10/16/2021 12:00:00 AM,1135,2,2,0,0,CLEAR,DRY,False,OTHER INTERSECTION COLLISIONS,REAR END,STRAIGHT & LEVEL,DAYLIGHT,,,10/18/2021 8:36:27 AM,False,7129,Accepted,
28915971,0568000,LOUISVILLE METRO POLICE DEPT,Accepted,JEFFERSON,,,JEFFERSON,ST,E,,SHELBY,,,,,38.251798153,-85.738281570,0.294,10/16/2021 12:00:00 AM,1437,2,2,0,1,CLEAR,DRY,False,SIDESWIPE-SAME DIRECTION,SIDESWIPE-SAME DIRECTION,STRAIGHT & LEVEL,DAYLIGHT,,,10/18/2021 8:36:02 AM,False,7823,Accepted,
28915954,0568000,LOUISVILLE METRO POLICE DEPT,Accepted,JEFFERSON,,4500,3RD,ST,S,,,,,,,38.189124829,-85.765074993,0.779,10/16/2021 12:00:00 AM,0026,2,2,0,1,RAINING,WET,True,COLLISION IN PARKING LOT,HEAD ON,STRAIGHT & LEVEL,DARK-HWY LIGHTED/ON,,,10/18/2021 8:34:18 AM,False,5342,Accepted,
28916044,0568000,LOUISVILLE METRO POLICE DEPT,Accepted,JEFFERSON,,,GAULBERT,AVE,E,,FLOYD,,,,,38.223763123,-85.753488847,0.122,10/16/2021 12:00:00 AM,0003,2,2,0,0,RAINING,WET,True,OPPOSITE DIRECTION - BOTH VEHICLES GOING STRAIGHT AHEAD,SIDESWIPE-OPPOSITE DIRECTION,STRAIGHT & LEVEL,DARK-HWY LIGHTED/ON,,,10/18/2021 8:39:44 AM,False,7101,Accepted,
28916045,0568000,LOUISVILLE METRO POLICE DEPT,Accepted,JEFFERSON,KY1703,,NEWBURG,RD,,I 0264,I264 W EXIT15A OFF RAMP TO KY1703 N,,,,,38.202511727,-85.689868593,2.320,10/16/2021 12:00:00 AM,2320,2,2,0,0,CLEAR,DRY,True,OTHER INTERSECTION COLLISIONS,REAR END,STRAIGHT & LEVEL,DARK-HWY LIGHTED/ON,,,10/18/2021 8:39:49 AM,False,5250,Accepted,
28933979,0568000,LOUISVILLE METRO POLICE DEPT,Accepted,JEFFERSON,I 0065,,I65 N,,,,,,,,,38.246067529,-85.752125638,135.284,10/16/2021 12:00:00 AM,2224,2,1,1,0,CLEAR,DRY,False,COLLISION WITH PEDESTRIAN NON - INTERSECTION,SINGLE VEHICLE,STRAIGHT & LEVEL,DARK-HWY NOT LIGHTED,,,10/22/2021 8:23:07 AM,False,6886,Accepted,
28929609,0568000,LOUISVILLE METRO POLICE DEPT,Accepted,JEFFERSON,,2722,KENTUCKY,ST,W,,,,,,,38.243485707,-85.797861085,1.444,10/16/2021 12:00:00 AM,0300,3,3,0,0,CLEAR,DRY,False,1 VEHICLE PARKED POSITION (NOT PARKING LOT/DRIVEWAY),SIDESWIPE-OPPOSITE DIRECTION,STRAIGHT & LEVEL,DAYLIGHT,,,10/21/2021 8:17:05 AM,False,5114,Accepted,
29195932,0568000,LOUISVILLE METRO POLICE DEPT,Accepted,JEFFERSON,,,JEFFERSON,ST,W,KY1020,2ND,,,,,38.253481428,-85.753699900,0.090,10/16/2021 12:00:00 AM,1941,2,1,0,1,CLEAR,DRY,False,COLLISION WITH PEDESTRIAN IN INTERSECTION,SINGLE VEHICLE,STRAIGHT & LEVEL,DAYLIGHT,,,11/8/2021 7:28:27 AM,False,5021,Accepted,
28929624,0568000,LOUISVILLE METRO POLICE DEPT,Accepted,JEFFERSON,KY1865,,TAYLOR,BLVD,,I 0264,I264 W EXIT9 ON RAMP FROM KY1865,,,,,38.190322340,-85.783408559,5.762,10/16/2021 12:00:00 AM,2105,2,2,0,0,CLEAR,DRY,True,COLLISION WITH FIXED OBJECT IN INTERSECTION - FIRST EVENT COLLISION 09 - 32,ANGLE,STRAIGHT & LEVEL,DARK-HWY LIGHTED/ON,,,10/21/2021 8:20:54 AM,False,5205,Accepted,
29051485,0568000,LOUISVILLE METRO POLICE DEPT,Accepted,JEFFERSON,I 0064,,I64 E,,,I 0064,I64 E EXIT15 OFF RAMP TO KY1747,,,,,38.230666438,-85.602027008,13.706,10/16/2021 12:00:00 AM,2145,2,2,0,0,CLEAR,DRY,False,SIDESWIPE-SAME DIRECTION,SIDESWIPE-SAME DIRECTION,STRAIGHT & LEVEL,DARK-HWY LIGHTED/ON,,,10/27/2021 8:08:21 AM,False,7984,Accepted,
28981459,0568000,LOUISVILLE METRO POLICE DEPT,Accepted,JEFFERSON,,,BASHFORD MANOR,LN,,,GLADDEN,,,,,38.197253858,-85.675459633,0.714,10/16/2021 12:00:00 AM,1409,2,2,0,0,CLEAR,DRY,False,SIDESWIPE-SAME DIRECTION,SIDESWIPE-SAME DIRECTION,STRAIGHT & LEVEL,DAYLIGHT,,,10/26/2021 8:45:35 AM,False,5395,Accepted,
29317317,0568000,LOUISVILLE METRO POLICE DEPT,Accepted,JEFFERSON,I 0065,,I65 S,,,,,,,,,38.222428398,-85.751249199,133.617,10/16/2021 12:00:00 AM,0402,3,3,1,3,CLOUDY,DRY,False,HEAD-ON COLLISION,HEAD ON,STRAIGHT & LEVEL,DARK-HWY LIGHTED/OFF,,,11/16/2021 8:08:25 AM,False,7772,Accepted,
29330750,0568000,LOUISVILLE METRO POLICE DEPT,Accepted,JEFFERSON,,,BEECHER,ST,,,,,,,,38.192043518,-85.775453002,0.425,10/16/2021 12:00:00 AM,1448,2,2,0,0,CLEAR,DRY,False,1 VEHICLE PARKED POSITION (NOT PARKING LOT/DRIVEWAY),REAR END,STRAIGHT & LEVEL,DAYLIGHT,,,11/19/2021 8:34:22 AM,False,5287,Accepted,
28915982,0568000,LOUISVILLE METRO POLICE DEPT,Accepted,JEFFERSON,KY1932,,BRECKENRIDGE,LN,,,HIKES,,,,,38.218271936,-85.628680579,2.685,10/16/2021 12:00:00 AM,0953,3,3,0,1,CLEAR,DRY,False,OTHER INTERSECTION COLLISIONS,REAR END,STRAIGHT & LEVEL,DAYLIGHT,,,10/18/2021 8:36:31 AM,False,5146,Accepted,
28915960,0568000,LOUISVILLE METRO POLICE DEPT,Accepted,JEFFERSON,KY1865,,NEW CUT,RD,,,WOODMORE,,,,,38.151589679,-85.776560821,3.068,10/16/2021 12:00:00 AM,0444,2,2,0,0,CLOUDY,DRY,False,ANGLE COLLISION - ONE VEHICLE TURNING LEFT,ANGLE,STRAIGHT & LEVEL,DARK-HWY LIGHTED/ON,,,10/18/2021 8:35:17 AM,False,5312,Accepted,
28915967,0568000,LOUISVILLE METRO POLICE DEPT,Accepted,JEFFERSON,,181,ROCHESTER,DR,,,,,,,,38.169536163,-85.766766597,0.085,10/16/2021 12:00:00 AM,0832,2,2,0,0,CLEAR,DRY,True,COLLISION IN PARKING LOT,SIDESWIPE-SAME DIRECTION,STRAIGHT & LEVEL,DAYLIGHT,,,10/18/2021 8:35:47 AM,False,7689,Accepted,
28915968,0568000,LOUISVILLE METRO POLICE DEPT,Accepted,JEFFERSON,KY0061,,PRESTON,HWY,,,MORGAN,,,,,38.193042609,-85.728576518,8.410,10/16/2021 12:00:00 AM,1143,2,2,0,1,CLEAR,DRY,False,ANGLE COLLISION - OTHER,ANGLE,STRAIGHT & LEVEL,DAYLIGHT,,,10/18/2021 8:35:52 AM,False,7448,Accepted,
28915993,0568000,LOUISVILLE METRO POLICE DEPT,Accepted,JEFFERSON,KY1447,,WESTPORT,RD,,,,,,,,38.296334704,-85.553387217,6.397,10/16/2021 12:00:00 AM,2125,2,2,0,0,CLEAR,DRY,False,OTHER ROADWAY OR MID-BLOCK COLLISION,OPPOSING LEFT TURN,STRAIGHT & LEVEL,DARK-HWY LIGHTED/OFF,,,10/18/2021 8:37:07 AM,False,6777,Accepted,
28916001,0568000,LOUISVILLE METRO POLICE DEPT,Accepted,JEFFERSON,I 0065,,I65 N,,,,,,,,,38.112984457,-85.700802118,125.010,10/16/2021 12:00:00 AM,2205,2,2,0,0,CLEAR,DRY,True,SIDESWIPE COLLISION - SAME DIRECTION,SIDESWIPE-SAME DIRECTION,CURVE & GRADE,DARK-HWY LIGHTED/ON,,,10/18/2021 8:37:29 AM,False,5336,Accepted,
28915990,0568000,LOUISVILLE METRO POLICE DEPT,Accepted,JEFFERSON,KY1934,,CANE RUN,RD,,,,,SHANKS,,RICHMONT,38.195875805,-85.842076472,8.827,10/16/2021 12:00:00 AM,1717,3,3,0,0,CLEAR,DRY,False,OTHER ROADWAY OR MID-BLOCK COLLISION,REAR END,STRAIGHT & LEVEL,DAYLIGHT,,,10/18/2021 8:36:57 AM,False,5229,Accepted,
28915991,0568000,LOUISVILLE METRO POLICE DEPT,Accepted,JEFFERSON,KY0148,,TAYLORSVILLE,RD,,,ENGLISH STATION,,,,,38.191451681,-85.471828965,0.271,10/16/2021 12:00:00 AM,1714,2,2,0,1,CLEAR,DRY,False,ANGLE COLLISION - OTHER,ANGLE,STRAIGHT & LEVEL,DAYLIGHT,,,10/18/2021 8:37:02 AM,False,7698,Accepted,
28915999,0568000,LOUISVILLE METRO POLICE DEPT,Accepted,JEFFERSON,,1116,BROOKLINE,AVE,,,,,,,,38.175131787,-85.780831153,0.095,10/16/2021 12:00:00 AM,2016,2,2,0,0,CLEAR,DRY,False,1 VEHICLE ENTERING/LEAVING ENTRANCE,ANGLE,STRAIGHT & LEVEL,DUSK,,,10/18/2021 8:37:23 AM,False,5342,Accepted,
28916025,0568000,LOUISVILLE METRO POLICE DEPT,Accepted,JEFFERSON,,615,BLUEGRASS,AVE,,,,,,,,38.179230556,-85.773980231,1.356,10/16/2021 12:00:00 AM,1411,2,2,0,0,CLEAR,DRY,False,SIDESWIPE COLLISION - SAME DIRECTION,SIDESWIPE-SAME DIRECTION,STRAIGHT & LEVEL,DAYLIGHT,,,10/18/2021 8:38:35 AM,False,7472,Accepted,
28916032,0568000,LOUISVILLE METRO POLICE DEPT,Accepted,JEFFERSON,I 0065,,I65 S,,,,,,,,,38.261440148,-85.742055794,136.653,10/16/2021 12:00:00 AM,2133,1,1,0,1,CLEAR,DRY,False,OTHER ROADWAY OR MID-BLOCK COLLISION,SINGLE VEHICLE,CURVE & LEVEL,DARK-HWY LIGHTED/ON,,,10/18/2021 8:39:00 AM,False,5356,Accepted,
28916008,0568000,LOUISVILLE METRO POLICE DEPT,Accepted,JEFFERSON,KY1703,,NEWBURG,RD,,,,,,,,38.201001942,-85.685946156,2.139,10/15/2021 12:00:00 AM,1950,2,2,0,0,CLEAR,WET,False,OTHER ROADWAY OR MID-BLOCK COLLISION,OPPOSING LEFT TURN,STRAIGHT & LEVEL,DARK-HWY LIGHTED/ON,,,10/18/2021 8:37:48 AM,False,5165,Accepted,
28915985,0568000,LOUISVILLE METRO POLICE DEPT,Accepted,JEFFERSON,KY0061,,JACKSON,ST,S,,KENTUCKY,,,,,38.237561058,-85.746901852,11.761,10/15/2021 12:00:00 AM,1750,3,3,0,0,RAINING,WET,True,ANGLE COLLISION - OTHER,ANGLE,STRAIGHT & LEVEL,DUSK,,,10/18/2021 8:36:36 AM,False,5175,Accepted,
28915948,0568000,LOUISVILLE METRO POLICE DEPT,Accepted,JEFFERSON,,,TUCKER STATION,RD,,,,,,,,38.196715262,-85.524883881,3.857,10/15/2021 12:00:00 AM,1730,1,1,0,2,RAINING,WET,False,COLLISION WITH FIXED OBJECT NON - INTERSECTION - FIRST EVENT COLLISION 09 - 32 EXCLUDING 16,SINGLE VEHICLE,CURVE & LEVEL,DAYLIGHT,,,10/18/2021 8:33:52 AM,False,7698,Accepted,
28915949,0568000,LOUISVILLE METRO POLICE DEPT,Accepted,JEFFERSON,KY0061,,PRESTON,HWY,,KY1065,OUTER,,,,,38.138605231,-85.686946477,3.971,10/15/2021 12:00:00 AM,1059,2,2,0,0,RAINING,WET,False,SIDESWIPE-SAME DIRECTION,SIDESWIPE-SAME DIRECTION,STRAIGHT & LEVEL,DAYLIGHT,,,10/18/2021 8:33:56 AM,False,5314,Accepted,
28915951,0568000,LOUISVILLE METRO POLICE DEPT,Accepted,JEFFERSON,,,ROBBS,LN,,,GAYEWAY,,,,,38.135488366,-85.662184050,0.241,10/15/2021 12:00:00 AM,1758,2,2,0,2,CLEAR,DRY,False,ANGLE COLLISION - OTHER,ANGLE,STRAIGHT & LEVEL,DAYLIGHT,,,10/18/2021 8:33:59 AM,False,5314,Accepted,
28915958,0568000,LOUISVILLE METRO POLICE DEPT,Accepted,JEFFERSON,,,BROADWAY,,W,,28TH,,,,,38.249558785,-85.798282609,0.548,10/15/2021 12:00:00 AM,1922,2,2,0,0,CLOUDY,WET,False,ANGLE COLLISION - OTHER,ANGLE,STRAIGHT & LEVEL,DARK-HWY LIGHTED/ON,,,10/18/2021 8:34:58 AM,False,5021,Accepted,
28915959,0568000,LOUISVILLE METRO POLICE DEPT,Accepted,JEFFERSON,KY3064,3318,NORTHWESTERN,PKWY,,,,,34TH,,33RD,38.274856976,-85.802047977,1.162,10/15/2021 12:00:00 AM,2134,2,2,0,1,CLOUDY,WET,False,1 VEHICLE PARKED POSITION (NOT PARKING LOT/DRIVEWAY),REAR TO REAR,STRAIGHT & LEVEL,DARK-HWY LIGHTED/ON,,,10/18/2021 8:35:04 AM,False,5021,Accepted,
28915965,0568000,LOUISVILLE METRO POLICE DEPT,Accepted,JEFFERSON,,,JAMAICA,DR,,,,,,,,38.151673510,-85.808217213,0.138,10/15/2021 12:00:00 AM,1559,2,2,0,0,CLOUDY,DRY,False,1 VEHICLE PARKED POSITION (NOT PARKING LOT/DRIVEWAY),BACKING,STRAIGHT & LEVEL,DAYLIGHT,,,10/18/2021 8:35:39 AM,False,5400,Accepted,
28915966,0568000,LOUISVILLE METRO POLICE DEPT,Accepted,JEFFERSON,KY1931,,MANSLICK,RD,,,VISTA JOHN,,,,,38.156075219,-85.801274883,5.544,10/15/2021 12:00:00 AM,1730,2,2,0,0,CLOUDY,DRY,False,OPPOSING LEFT TURN,OPPOSING LEFT TURN,STRAIGHT & GRADE,DAYLIGHT,,,10/18/2021 8:35:43 AM,False,7144,Accepted,
28915942,0568000,LOUISVILLE METRO POLICE DEPT,Accepted,JEFFERSON,,2728,LAMONT,RD,,,,,,,,38.208996992,-85.690258835,0.183,10/15/2021 12:00:00 AM,1352,2,2,0,0,RAINING,WET,False,1 VEHICLE PARKED POSITION (NOT PARKING LOT/DRIVEWAY),BACKING,STRAIGHT & LEVEL,DAYLIGHT,,,10/18/2021 8:33:11 AM,False,7306,Accepted,
28915932,0568000,LOUISVILLE METRO POLICE DEPT,Accepted,JEFFERSON,,,ST ANDREWS CHURCH,RD,,,RENWOOD,,,,,38.154317687,-85.814186457,,10/15/2021 12:00:00 AM,1110,2,2,0,0,RAINING,WET,False,ANGLE COLLISION - OTHER,ANGLE,CURVE & LEVEL,DAYLIGHT,,,10/18/2021 8:31:58 AM,False,7817,Accepted,
28915934,0568000,LOUISVILLE METRO POLICE DEPT,Accepted,JEFFERSON,I 0264,,I264 E,,,,,,,,,38.185885158,-85.802821219,8.040,10/15/2021 12:00:00 AM,0702,2,2,0,2,CLOUDY,DRY,False,SIDESWIPE COLLISION - SAME DIRECTION,SIDESWIPE-SAME DIRECTION,STRAIGHT & LEVEL,DARK-HWY LIGHTED/ON,,,10/18/2021 8:32:27 AM,False,7772,Accepted,
28915935,0568000,LOUISVILLE METRO POLICE DEPT,Accepted,JEFFERSON,I 0065,,I65 S,,,,,I 0065,I65 S EXIT135 OFF RAMP TO  E SAINT CATHERINE ST,I 0065,I65 S EXIT135 ON RAMP FROM  E OAK ST,38.234546364,-85.751061261,134.459,10/15/2021 12:00:00 AM,0728,5,5,0,0,CLEAR,DRY,False,REAR END IN TRAFFIC LANES BOTH VEHICLES MOVING,REAR END,CURVE & LEVEL,DAYLIGHT,,,10/18/2021 8:32:32 AM,True,7058,Accepted,
28909397,0561000,JEFFERSONTOWN POLICE DEPT,Accepted,JEFFERSON,KY1747,,HURSTBOURNE,PKWY,S,,,KY6159,BLUEGRASS PKWY ACCESS,I 0064,I64 E EXIT15 ON RAMP FROM KY1747 N,38.221390028,-85.579744108,11.756,10/15/2021 12:00:00 AM,1448,2,2,0,0,RAINING,WET,False,SIDESWIPE COLLISION - SAME DIRECTION,SIDESWIPE-SAME DIRECTION,STRAIGHT & LEVEL,DAYLIGHT,,,10/15/2021 8:58:58 PM,False,8300,Accepted,
28934018,0568000,LOUISVILLE METRO POLICE DEPT,Accepted,JEFFERSON,KY0061,1620,ARTHUR,ST,,,,,,,,38.223306601,-85.751385312,11.328,10/15/2021 12:00:00 AM,2231,2,2,0,0,CLEAR,WET,True,COLLISION IN PARKING LOT,ANGLE,STRAIGHT & LEVEL,DARK (UNKNOWN ROADWAY LIGHTING),,,10/22/2021 8:28:38 AM,False,5152,Accepted,
28933993,0568000,LOUISVILLE METRO POLICE DEPT,Accepted,JEFFERSON,I 0265,,I265 S,,,,,,,,,38.257521789,-85.502424936,27.852,10/15/2021 12:00:00 AM,1948,2,2,0,0,RAINING,WET,False,SIDESWIPE COLLISION - SAME DIRECTION,SIDESWIPE-SAME DIRECTION,STRAIGHT & LEVEL,DARK-HWY LIGHTED/ON,,,10/22/2021 8:25:27 AM,False,5000,Accepted,
28929636,0568000,LOUISVILLE METRO POLICE DEPT,Accepted,JEFFERSON,,,HANCOCK,ST,S,,,,,,,38.240315947,-85.744381232,1.023,10/15/2021 12:00:00 AM,0749,2,2,0,0,CLEAR,DRY,False,1 VEHICLE ENTERING/LEAVING ENTRANCE,ANGLE,STRAIGHT & LEVEL,DAYLIGHT,,,10/21/2021 8:23:29 AM,False,5258,Accepted,
28929611,0568000,LOUISVILLE METRO POLICE DEPT,Accepted,JEFFERSON,,1272,GILMORE,LN,,,,,,,,38.178976372,-85.705637237,0.493,10/15/2021 12:00:00 AM,1638,2,2,0,2,CLOUDY,DRY,False,1 VEHICLE ENTERING/LEAVING ENTRANCE,ANGLE,STRAIGHT & LEVEL,DAYLIGHT,,,10/21/2021 8:17:55 AM,False,5392,Accepted,
28920531,0568000,LOUISVILLE METRO POLICE DEPT,Accepted,JEFFERSON,I 0065,,,,,,,,,,,38.113018263,-85.700360523,0.549,10/15/2021 12:00:00 AM,0630,2,2,0,0,CLEAR,DRY,False,OTHER RAMP RELATED COLLISIONS NOT LISTED ABOVE,SIDESWIPE-SAME DIRECTION,CURVE & GRADE,DARK-HWY LIGHTED/ON,I 0065,I 0065,10/19/2021 8:10:47 AM,False,7628,Accepted,
28981442,0568000,LOUISVILLE METRO POLICE DEPT,Accepted,JEFFERSON,I 0064,,,,,,,,,,,38.221838128,-85.508177313,0.161,10/15/2021 12:00:00 AM,2105,2,2,0,0,RAINING,WET,True,OTHER RAMP RELATED COLLISIONS NOT LISTED ABOVE,REAR END,CURVE & GRADE,DARK-HWY LIGHTED/ON,I 0064,I 0265,10/26/2021 8:44:22 AM,False,5289,Accepted,
29077071,0568000,LOUISVILLE METRO POLICE DEPT,Accepted,JEFFERSON,I 0264,,I264 W,,,,,I 0065,I65 W EXIT11 OFF RAMP,I 0065,I264 W EXIT12 OFF RAMP TO,38.191088449,-85.718503827,12.695,10/15/2021 12:00:00 AM,1024,2,2,0,0,CLEAR,WET,False,REAR END IN TRAFFIC LANES BOTH VEHICLES MOVING,REAR END,STRAIGHT & LEVEL,DAYLIGHT,,,10/27/2021 9:53:00 AM,False,7938,Accepted,
29124175,0568000,LOUISVILLE METRO POLICE DEPT,Accepted,JEFFERSON,KY1142,,PALATKA,RD,,,,,,,,38.153553471,-85.792207753,0.518,10/15/2021 12:00:00 AM,1818,1,1,0,0,RAINING,WET,False,COLLISION WITH FIXED OBJECT NON - INTERSECTION - FIRST EVENT COLLISION 09 - 32 EXCLUDING 16,SINGLE VEHICLE,CURVE & GRADE,DUSK,,,10/27/2021 9:53:40 AM,False,7221,Accepted,
29125238,0568000,LOUISVILLE METRO POLICE DEPT,Accepted,JEFFERSON,,,6TH,ST,S,US0150,BROADWAY,,,,,38.246364687,-85.761715582,0.739,10/15/2021 12:00:00 AM,2323,2,1,0,1,RAINING,WET,False,COLLISION WITH BICYCLE IN INTERSECTION,SINGLE VEHICLE,STRAIGHT & LEVEL,DARK-HWY LIGHTED/ON,,,10/27/2021 9:53:47 AM,False,5335,Accepted,
29283581,0568000,LOUISVILLE METRO POLICE DEPT,Accepted,JEFFERSON,KY2048,,DUTCHMANS,LN,,,,,GAST,,CANNONS,38.224803840,-85.653444277,0.308,10/15/2021 12:00:00 AM,2159,2,2,0,1,CLEAR,DRY,False,REAR END IN TRAFFIC LANES BOTH VEHICLES MOVING,REAR END,STRAIGHT & LEVEL,DARK-HWY NOT LIGHTED,,,11/10/2021 2:47:50 PM,False,2034,Accepted,
28917266,0561500,UNIV. OF LOUISVILLE POLICE,Accepted,JEFFERSON,,,4TH,ST,S,,BLOOM,,,,,38.222099516,-85.762621196,2.404,10/15/2021 12:00:00 AM,2100,2,2,0,0,CLOUDY,WET,True,ANGLE COLLISION - OTHER,ANGLE,STRAIGHT & LEVEL,DARK-HWY LIGHTED/ON,,,10/18/2021 12:18:31 PM,False,5714,Accepted,
28916019,0568000,LOUISVILLE METRO POLICE DEPT,Accepted,JEFFERSON,KY0061,,PRESTON,HWY,,,,,,,,38.191934029,-85.727835792,8.324,10/15/2021 12:00:00 AM,1749,2,2,0,1,CLOUDY,WET,False,1 VEHICLE ENTERING/LEAVING ENTRANCE,ANGLE,STRAIGHT & LEVEL,DARK-HWY LIGHTED/ON,,,10/18/2021 8:38:12 AM,False,5317,Accepted,
28915955,0568000,LOUISVILLE METRO POLICE DEPT,Accepted,JEFFERSON,US0031W,,DR W J HODGE,ST,,,CHESTNUT,,,,,38.252051667,-85.786013062,19.850,10/15/2021 12:00:00 AM,2108,2,2,0,0,RAINING,WET,False,ANGLE COLLISION - OTHER,ANGLE,STRAIGHT & LEVEL,DARK (UNKNOWN ROADWAY LIGHTING),,,10/18/2021 8:34:27 AM,False,5391,Accepted,
28915962,0568000,LOUISVILLE METRO POLICE DEPT,Accepted,JEFFERSON,I 0065,,I65 S,,,,,,,,,38.170598938,-85.720783809,129.204,10/15/2021 12:00:00 AM,1940,3,3,0,0,RAINING,WET,True,SIDESWIPE COLLISION - SAME DIRECTION,SIDESWIPE-SAME DIRECTION,STRAIGHT & LEVEL,DARK-HWY NOT LIGHTED,,,10/18/2021 8:35:30 AM,False,7472,Accepted,
28915963,0568000,LOUISVILLE METRO POLICE DEPT,Accepted,JEFFERSON,,421,KENWOOD,DR,W,,,,,,,38.161364504,-85.772556668,0.362,10/15/2021 12:00:00 AM,1028,1,1,0,0,RAINING,WET,False,OTHER ROADWAY OR MID-BLOCK COLLISION,SINGLE VEHICLE,CURVE & LEVEL,DAYLIGHT,,,10/18/2021 8:35:34 AM,False,5400,Accepted,
28915972,0568000,LOUISVILLE METRO POLICE DEPT,Accepted,JEFFERSON,I 0064,,I64 W,,,,,,,,,38.277216816,-85.798246226,1.562,10/15/2021 12:00:00 AM,0938,2,2,0,1,RAINING,WET,False,1 VEHICLE ENTERING/LEAVING ENTRANCE,ANGLE,STRAIGHT & GRADE,DAYLIGHT,,,10/18/2021 8:36:05 AM,False,5173,Accepted,
28915988,0568000,LOUISVILLE METRO POLICE DEPT,Accepted,JEFFERSON,,,KENTUCKY,ST,W,,9TH,,,,,38.240375024,-85.767835330,3.076,10/15/2021 12:00:00 AM,1830,3,3,0,2,RAINING,WET,False,OPPOSING LEFT TURN,OPPOSING LEFT TURN,STRAIGHT & LEVEL,DAYLIGHT,,,10/18/2021 8:36:49 AM,False,7132,Accepted,
28915989,0568000,LOUISVILLE METRO POLICE DEPT,Accepted,JEFFERSON,KY0061,6300,PRESTON,HWY,,,,,,,,38.160661941,-85.699144994,5.647,10/15/2021 12:00:00 AM,1142,2,2,0,1,CLOUDY,WET,False,OTHER ROADWAY OR MID-BLOCK COLLISION,OPPOSING LEFT TURN,STRAIGHT & LEVEL,DAYLIGHT,,,10/18/2021 8:36:53 AM,False,5027,Accepted,
28915945,0568000,LOUISVILLE METRO POLICE DEPT,Accepted,JEFFERSON,KY0864,,FEGENBUSH,LN,,,,,,,,38.138674276,-85.615829854,4.380,10/15/2021 12:00:00 AM,1024,2,2,0,0,RAINING,WET,False,SIDESWIPE COLLISION - SAME DIRECTION,SIDESWIPE-SAME DIRECTION,STRAIGHT & LEVEL,DAYLIGHT,,,10/18/2021 8:33:42 AM,False,7698,Accepted,
28915946,0568000,LOUISVILLE METRO POLICE DEPT,Accepted,JEFFERSON,,,HIKES,LN,,,CHANEL,,,,,38.207448854,-85.647426493,1.762,10/15/2021 12:00:00 AM,1530,2,2,0,0,CLOUDY,WET,False,ANGLE COLLISION - OTHER,ANGLE,STRAIGHT & LEVEL,DAYLIGHT,,,10/18/2021 8:33:45 AM,False,7448,Accepted,
28915947,0568000,LOUISVILLE METRO POLICE DEPT,Accepted,JEFFERSON,KY0864,,BEULAH CHURCH,RD,,,,KY0864,FEGENBUSH,,DELCOUR,38.137176346,-85.613477948,4.218,10/15/2021 12:00:00 AM,1602,2,2,0,0,RAINING,WET,False,OTHER ROADWAY OR MID-BLOCK COLLISION,REAR END,STRAIGHT & GRADE,DAYLIGHT,,,10/18/2021 8:33:49 AM,False,2324,Accepted,
28915952,0568000,LOUISVILLE METRO POLICE DEPT,Accepted,JEFFERSON,I 0064,,I64 E,,,,,,,,,38.260564788,-85.737189464,5.722,10/15/2021 12:00:00 AM,1053,1,1,0,0,RAINING,WET,False,OTHER COLLISIONS ON SHOULDER,SINGLE VEHICLE,CURVE & GRADE,DAYLIGHT,,,10/18/2021 8:34:03 AM,False,7239,Accepted,
28915953,0568000,LOUISVILLE METRO POLICE DEPT,Accepted,JEFFERSON,,,NORTON HEALTHCARE,BLVD,,KY0022,BROWNSBORO,,,,,38.311039716,-85.570243201,0.011,10/15/2021 12:00:00 AM,2039,2,2,0,1,RAINING,WET,False,ANGLE COLLISION - OTHER,ANGLE,CURVE & HILLCREST,DUSK,,,10/18/2021 8:34:10 AM,False,5030,Accepted,
28915961,0568000,LOUISVILLE METRO POLICE DEPT,Accepted,JEFFERSON,,,ST CATHERINE,ST,E,,,,,,,38.235457522,-85.748303386,0.922,10/15/2021 12:00:00 AM,1124,2,2,0,0,RAINING,WET,False,1 VEHICLE ENTERING/LEAVING ENTRANCE,ANGLE,STRAIGHT & LEVEL,DAYLIGHT,,,10/18/2021 8:35:24 AM,False,5258,Accepted,