IncidentID,AgencyORI,AgencyName,IncidentStatusDesc,County,RdwyNumber,Street,RoadwayName,StreetSfx,StreetDir,IntersectionRdwy,IntersectionRdwyName,BetweenStRdwy1,BetweenStRdwyName1,BetweenStRdwy2,BetweenStRdwyName2,Latitude,Longitude,Milepoint,CollisionDate,CollisionTime,UnitsInvolved,MotorVehiclesInvolved,NumberKilled,NumberInjured,Weather,RdwyConditionCode,HitandRun,DirAnalysisCode,MannerofCollision,RdwyCharacter,LightCondition,RampFromRdwyId,RampToRdwyId,AcceptedDate,IsSecondaryCollision,OwnerBadge,IncidentStatus,
28915936,0568000,LOUISVILLE METRO POLICE DEPT,Accepted,JEFFERSON,US0031E,,MAIN,ST,E,,1ST,,,,,38.256093660,-85.751411101,17.781,10/15/2021 12:00:00 AM,1218,1,1,0,1,CLOUDY,WET,False,OTHER INTERSECTION COLLISIONS,SINGLE VEHICLE,STRAIGHT & LEVEL,DAYLIGHT,,,10/18/2021 8:32:36 AM,False,7216,Accepted,
28915937,0568000,LOUISVILLE METRO POLICE DEPT,Accepted,JEFFERSON,I 0065,,,,,,,,,,,38.188635980,-85.727576911,0.403,10/15/2021 12:00:00 AM,0936,1,1,0,0,RAINING,WET,False,COLLISION WITH FIXED OBJECT NOT IN GORE ,SINGLE VEHICLE,CURVE & GRADE,DAYLIGHT,I 0065,I 0264,10/18/2021 8:32:40 AM,False,4903,Accepted,
28915939,0568000,LOUISVILLE METRO POLICE DEPT,Accepted,JEFFERSON,KY0061,1811,PRESTON,ST,S,,,,,,,38.221009483,-85.749014942,10.755,10/15/2021 12:00:00 AM,1205,2,2,0,0,RAINING,WET,True,1 VEHICLE PARKED POSITION (NOT PARKING LOT/DRIVEWAY),SIDESWIPE-SAME DIRECTION,STRAIGHT & LEVEL,DAYLIGHT,,,10/18/2021 8:32:51 AM,False,7037,Accepted,
28915944,0568000,LOUISVILLE METRO POLICE DEPT,Accepted,JEFFERSON,KY0907,,VALLEY STATION,RD,,KY0907,3RD ST,,,,,38.107293264,-85.841498510,1.443,10/15/2021 12:00:00 AM,1533,2,2,0,0,CLEAR,WET,False,ANGLE COLLISION - OTHER,ANGLE,STRAIGHT & LEVEL,DAYLIGHT,,,10/18/2021 8:33:38 AM,False,6318,Accepted,
28915922,0568000,LOUISVILLE METRO POLICE DEPT,Accepted,JEFFERSON,I 0065,,,,,,,,,,,38.191169571,-85.721383060,0.159,10/15/2021 12:00:00 AM,0739,2,2,0,0,CLOUDY,DRY,True,OTHER RAMP RELATED COLLISIONS NOT LISTED ABOVE,REAR END,STRAIGHT & LEVEL,DAYLIGHT,I 0065,I65 N W,10/18/2021 8:30:35 AM,False,4903,Accepted,
28911014,0560300,ST. MATTHEWS POLICE DEPARTMENT,Accepted,JEFFERSON,US0060,5000,SHELBYVILLE,RD,,,,,,,,38.249213660,-85.623162524,5.381,10/15/2021 12:00:00 AM,1316,2,2,0,0,CLOUDY,DRY,False,COLLISION IN PARKING LOT,BACKING,STRAIGHT & LEVEL,DAYLIGHT,,,10/16/2021 3:25:02 PM,False,9131,Accepted,
28915920,0568000,LOUISVILLE METRO POLICE DEPT,Accepted,JEFFERSON,KY1934,,CANE RUN,RD,,,ROCKFORD,,,,,38.183745371,-85.855294362,7.728,10/15/2021 12:00:00 AM,0610,2,2,0,0,CLEAR,DRY,True,OTHER INTERSECTION COLLISIONS,REAR END,STRAIGHT & LEVEL,DARK-HWY LIGHTED/ON,,,10/18/2021 8:30:29 AM,False,5325,Accepted,
28915930,0568000,LOUISVILLE METRO POLICE DEPT,Accepted,JEFFERSON,,,COOPER CHAPEL,RD,,,LEISURE,,,,,38.103061987,-85.650894761,1.184,10/15/2021 12:00:00 AM,0713,2,2,0,0,CLOUDY,DRY,False,ANGLE COLLISION - OTHER,ANGLE,STRAIGHT & GRADE,DAWN,,,10/18/2021 8:31:33 AM,False,7669,Accepted,
28906844,0568000,LOUISVILLE METRO POLICE DEPT,Accepted,JEFFERSON,,,28TH,ST,S,,CEDAR,,,,,38.256892877,-85.796980130,0.288,10/14/2021 12:00:00 AM,1043,2,2,0,1,CLEAR,DRY,False,ANGLE COLLISION - OTHER,ANGLE,STRAIGHT & LEVEL,DAYLIGHT,,,10/15/2021 7:15:30 AM,False,5105,Accepted,
29141419,0568000,LOUISVILLE METRO POLICE DEPT,Accepted,JEFFERSON,US0060,,FRANKFORT,AVE,,KY2048,CANNONS,,,,,38.254063134,-85.670472476,2.735,10/14/2021 12:00:00 AM,0745,2,2,0,0,CLEAR,DRY,False,ANGLE COLLISION - OTHER,ANGLE,STRAIGHT & LEVEL,DAYLIGHT,,,10/29/2021 7:39:09 AM,False,2673,Accepted,
28915931,0568000,LOUISVILLE METRO POLICE DEPT,Accepted,JEFFERSON,KY1747,,HURSTBOURNE,PKWY,,,HAMES,,,,,38.166652696,-85.606446964,7.316,10/14/2021 12:00:00 AM,1751,2,2,0,2,CLEAR,DRY,False,ANGLE COLLISION - OTHER,ANGLE,STRAIGHT & LEVEL,DAYLIGHT,,,10/18/2021 8:31:54 AM,False,7812,Accepted,
28906839,0568000,LOUISVILLE METRO POLICE DEPT,Accepted,JEFFERSON,I 0265,,I265 E,,,,,I 0265,I265 E EXIT23 OFF RAMP TO KY155,I 0265,I265 E EXIT19 ON RAMP FROM KY1819,38.172246326,-85.517087688,21.832,10/14/2021 12:00:00 AM,0809,2,2,0,0,CLEAR,DRY,False,REAR END IN TRAFFIC LANES BOTH VEHICLES MOVING,REAR END,STRAIGHT & LEVEL,DAYLIGHT,,,10/15/2021 7:15:10 AM,False,6878,Accepted,
28906855,0568000,LOUISVILLE METRO POLICE DEPT,Accepted,JEFFERSON,KY0155,,TAYLORSVILLE LAKE,RD,,,,KY1531,ROUTT,,CEDAR OAK,38.176515414,-85.463253071,2.985,10/14/2021 12:00:00 AM,0904,2,2,0,1,CLEAR,DRY,False,REAR END IN TRAFFIC LANES BOTH VEHICLES MOVING,REAR END,STRAIGHT & GRADE,DAYLIGHT,,,10/15/2021 7:16:10 AM,False,2321,Accepted,
28906861,0568000,LOUISVILLE METRO POLICE DEPT,Accepted,JEFFERSON,,,JOHNSONTOWN,RD,,,JOHNSONTOWN,,,,,38.116261462,-85.890404797,2.152,10/14/2021 12:00:00 AM,0937,2,2,0,0,CLEAR,DRY,False,OPPOSITE DIRECTION - BOTH VEHICLES GOING STRAIGHT AHEAD,SIDESWIPE-OPPOSITE DIRECTION,STRAIGHT & LEVEL,DAYLIGHT,,,10/15/2021 7:16:35 AM,False,5394,Accepted,
28906862,0568000,LOUISVILLE METRO POLICE DEPT,Accepted,JEFFERSON,,,7TH,ST,S,,HILL,,,,,38.226795998,-85.768915535,0.654,10/14/2021 12:00:00 AM,1135,2,2,0,0,CLEAR,DRY,False,ANGLE COLLISION - OTHER,ANGLE,STRAIGHT & LEVEL,DAYLIGHT,,,10/15/2021 7:16:39 AM,False,7468,Accepted,
28906863,0568000,LOUISVILLE METRO POLICE DEPT,Accepted,JEFFERSON,KY1931,,7TH ST,RD,,,BERNHEIM,,,,,38.219749438,-85.777763728,10.459,10/14/2021 12:00:00 AM,1715,2,2,0,0,CLEAR,DRY,False,SIDESWIPE-SAME DIRECTION,SIDESWIPE-SAME DIRECTION,STRAIGHT & LEVEL,DAYLIGHT,,,10/15/2021 7:16:44 AM,False,5355,Accepted,
28906864,0568000,LOUISVILLE METRO POLICE DEPT,Accepted,JEFFERSON,US0060,,SHELBYVILLE,RD,,,,,,,,38.241458422,-85.497091671,12.369,10/14/2021 12:00:00 AM,1829,3,3,0,0,CLEAR,DRY,False,OTHER ROADWAY OR MID-BLOCK COLLISION,REAR END,STRAIGHT & LEVEL,DAYLIGHT,,,10/15/2021 7:16:49 AM,True,2346,Accepted,
28906870,0568000,LOUISVILLE METRO POLICE DEPT,Accepted,JEFFERSON,,,PRODUCE,RD,,KY0864,POPLAR LEVEL,,,,,38.179165660,-85.691944779,0.004,10/14/2021 12:00:00 AM,1947,2,2,0,0,CLEAR,DRY,False,ANGLE COLLISION - OTHER,ANGLE,STRAIGHT & LEVEL,DARK (UNKNOWN ROADWAY LIGHTING),,,10/15/2021 7:17:32 AM,False,5326,Accepted,
28906872,0568000,LOUISVILLE METRO POLICE DEPT,Accepted,JEFFERSON,,,BROADWAY,,W,,,,31ST,,HAZEL,38.249752363,-85.804109526,0.866,10/14/2021 12:00:00 AM,2246,2,2,0,0,CLEAR,DRY,True,1 VEHICLE PARKED POSITION (NOT PARKING LOT/DRIVEWAY),SIDESWIPE-SAME DIRECTION,STRAIGHT & LEVEL,DARK-HWY LIGHTED/ON,,,10/15/2021 7:17:53 AM,True,5318,Accepted,
29127488,0568000,LOUISVILLE METRO POLICE DEPT,Accepted,JEFFERSON,,,LEE,ST,W,,,,,,,38.227110219,-85.793535667,0.238,10/14/2021 12:00:00 AM,1214,2,2,0,0,CLEAR,DRY,False,SIDESWIPE COLLISION - SAME DIRECTION,SIDESWIPE-SAME DIRECTION,STRAIGHT & GRADE,DAYLIGHT,,,10/28/2021 8:15:05 AM,False,5386,Accepted,
28943298,0568000,LOUISVILLE METRO POLICE DEPT,Accepted,JEFFERSON,KY2052,,SHEPHERDSVILLE,RD,,,,,,,,38.178790859,-85.659516037,2.780,10/14/2021 12:00:00 AM,2000,2,2,0,1,CLEAR,DRY,False,1 VEHICLE ENTERING/LEAVING ENTRANCE,ANGLE,STRAIGHT & LEVEL,DARK-HWY LIGHTED/ON,,,10/25/2021 8:58:43 AM,False,5178,Accepted,
28915995,0568000,LOUISVILLE METRO POLICE DEPT,Accepted,JEFFERSON,I 0071,,,,,,,,,,,38.276115369,-85.696132159,0.143,10/14/2021 12:00:00 AM,0744,2,2,0,0,CLEAR,DRY,False,OTHER RAMP RELATED COLLISIONS NOT LISTED ABOVE,REAR END,CURVE & GRADE,DAYLIGHT,I 0071,ZORN AVE,10/18/2021 8:37:13 AM,False,7720,Accepted,
28916053,0568000,LOUISVILLE METRO POLICE DEPT,Accepted,JEFFERSON,I 0264,,I264 E,,,,,,,,,38.274588345,-85.630916287,21.635,10/14/2021 12:00:00 AM,1630,2,2,0,1,CLEAR,DRY,False,REAR END IN TRAFFIC LANES BOTH VEHICLES MOVING,REAR END,STRAIGHT & LEVEL,DAYLIGHT,,,10/18/2021 8:40:07 AM,False,7316,Accepted,
28920517,0568000,LOUISVILLE METRO POLICE DEPT,Accepted,JEFFERSON,KY1020,,2ND,ST,S,,KENTUCKY,,,,,38.238503440,-85.756311062,11.591,10/14/2021 12:00:00 AM,1233,2,2,0,1,CLEAR,DRY,False,ANGLE COLLISION - OTHER,ANGLE,STRAIGHT & LEVEL,DAYLIGHT,,,10/19/2021 8:08:54 AM,False,7495,Accepted,
28924962,0568000,LOUISVILLE METRO POLICE DEPT,Accepted,JEFFERSON,I 0264,,I264 E,,,,,,,,,38.208164854,-85.675971768,15.341,10/14/2021 12:00:00 AM,1545,3,3,0,1,CLEAR,DRY,False,REAR END IN TRAFFIC LANES BOTH VEHICLES MOVING,REAR END,STRAIGHT & LEVEL,DAYLIGHT,,,10/20/2021 8:10:28 AM,False,8278,Accepted,
29330748,0568000,LOUISVILLE METRO POLICE DEPT,Accepted,JEFFERSON,KY1065,4537,OUTER,LOOP,,,NOLTEMEYER WYNDE,,,,,38.138216745,-85.679793947,6.441,10/14/2021 12:00:00 AM,0853,2,2,0,1,CLEAR,DRY,False,OTHER INTERSECTION COLLISIONS,REAR END,STRAIGHT & LEVEL,DAYLIGHT,,,11/19/2021 8:34:16 AM,False,7269,Accepted,
28924959,0568000,LOUISVILLE METRO POLICE DEPT,Accepted,JEFFERSON,I 0264,,I264 E,,,,,,,,,38.188671104,-85.783597172,9.118,10/14/2021 12:00:00 AM,1311,2,2,0,0,CLEAR,DRY,False,REAR END IN TRAFFIC LANES BOTH VEHICLES MOVING,REAR END,STRAIGHT & GRADE,DAYLIGHT,,,10/20/2021 8:10:05 AM,False,8278,Accepted,
28920511,0568000,LOUISVILLE METRO POLICE DEPT,Accepted,JEFFERSON,US0031W,,DIXIE,HWY,,,MARYMAN,,,,,38.133024935,-85.846115475,10.716,10/14/2021 12:00:00 AM,1729,3,3,0,0,CLEAR,DRY,False,SIDESWIPE-SAME DIRECTION,SIDESWIPE-SAME DIRECTION,STRAIGHT & LEVEL,DAYLIGHT,,,10/19/2021 8:07:43 AM,False,6877,Accepted,
28924992,0568000,LOUISVILLE METRO POLICE DEPT,Accepted,JEFFERSON,,,MAGNOLIA,AVE,W,,7TH,,,,,38.229641747,-85.767525147,0.611,10/14/2021 12:00:00 AM,2025,2,2,0,1,CLOUDY,DRY,True,ANGLE COLLISION - ONE VEHICLE TURNING LEFT,ANGLE,STRAIGHT & HILLCREST,DARK-HWY LIGHTED/ON,,,10/20/2021 8:13:14 AM,False,7751,Accepted,
28933984,0568000,LOUISVILLE METRO POLICE DEPT,Accepted,JEFFERSON,KY1020,1310,3RD,ST,S,,,,,,,38.232005705,-85.759159599,11.123,10/14/2021 12:00:00 AM,1339,2,2,0,0,CLEAR,DRY,False,1 VEHICLE PARKED POSITION (NOT PARKING LOT/DRIVEWAY),SIDESWIPE-SAME DIRECTION,STRAIGHT & LEVEL,DAYLIGHT,,,10/22/2021 8:24:11 AM,False,7619,Accepted,
28906868,0568000,LOUISVILLE METRO POLICE DEPT,Accepted,JEFFERSON,,,CHESTNUT,ST,W,US0031W,22ND,,,,,38.252240672,-85.787670054,0.728,10/14/2021 12:00:00 AM,1104,2,2,0,2,CLEAR,DRY,False,ANGLE COLLISION - OTHER,ANGLE,STRAIGHT & LEVEL,DAYLIGHT,,,10/15/2021 7:17:09 AM,False,7325,Accepted,
28906849,0568000,LOUISVILLE METRO POLICE DEPT,Accepted,JEFFERSON,KY1450,,BLUE LICK,RD,,,,,,,,38.098697071,-85.695560394,0.904,10/14/2021 12:00:00 AM,1238,1,1,0,2,CLEAR,DRY,False,OTHER COLLISIONS ON SHOULDER,SINGLE VEHICLE,STRAIGHT & LEVEL,DAYLIGHT,,,10/15/2021 7:15:49 AM,False,4693,Accepted,
28906842,0568000,LOUISVILLE METRO POLICE DEPT,Accepted,JEFFERSON,,,DIXIE GARDEN,DR,,US0031W,DIXIE,,,,,38.099035615,-85.871931997,0.001,10/14/2021 12:00:00 AM,0910,3,3,0,2,CLEAR,DRY,False,ANGLE COLLISION - OTHER,ANGLE,STRAIGHT & LEVEL,DAYLIGHT,,,10/15/2021 7:15:21 AM,False,2021,Accepted,
28906843,0568000,LOUISVILLE METRO POLICE DEPT,Accepted,JEFFERSON,I 0065,,,,,,,,,,,38.161340281,-85.720299656,0.382,10/14/2021 12:00:00 AM,1048,2,2,0,0,CLEAR,DRY,False,OTHER RAMP RELATED COLLISIONS NOT LISTED ABOVE,SIDESWIPE-SAME DIRECTION,STRAIGHT & LEVEL,DAYLIGHT,KY1631,I 0065,10/15/2021 7:15:26 AM,True,4903,Accepted,
28906850,0568000,LOUISVILLE METRO POLICE DEPT,Accepted,JEFFERSON,,,LIBERTY,ST,E,,,,,,,38.252224839,-85.749488945,0.148,10/14/2021 12:00:00 AM,1424,3,3,0,0,CLEAR,DRY,False,REAR END IN TRAFFIC LANES BOTH VEHICLES MOVING,REAR END,STRAIGHT & LEVEL,DAYLIGHT,,,10/15/2021 7:15:52 AM,False,7239,Accepted,
28906851,0568000,LOUISVILLE METRO POLICE DEPT,Accepted,JEFFERSON,US0060,,SHELBYVILLE,RD,,,ENGLISH STATION,,,,,38.240536264,-85.493527595,12.580,10/14/2021 12:00:00 AM,1134,3,3,0,0,CLOUDY,DRY,False,ANGLE COLLISION - OTHER,ANGLE,STRAIGHT & LEVEL,DAYLIGHT,,,10/15/2021 7:15:56 AM,False,7876,Accepted,
28906858,0568000,LOUISVILLE METRO POLICE DEPT,Accepted,JEFFERSON,,,FEGENBUSH,LN,,,,,,,,38.180085254,-85.638640189,0.493,10/14/2021 12:00:00 AM,1613,2,2,0,1,CLEAR,DRY,False,1 VEHICLE ENTERING/LEAVING ENTRANCE,ANGLE,STRAIGHT & LEVEL,DAYLIGHT,,,10/15/2021 7:16:23 AM,False,7851,Accepted,
28906859,0568000,LOUISVILLE METRO POLICE DEPT,Accepted,JEFFERSON,KY1934,,GREENBELT,HWY,,,TRADE PORT,,,,,38.125398259,-85.893040612,2.881,10/14/2021 12:00:00 AM,1534,2,2,0,2,CLEAR,DRY,False,OPPOSING LEFT TURN,OPPOSING LEFT TURN,STRAIGHT & LEVEL,DAYLIGHT,,,10/15/2021 7:16:27 AM,False,7336,Accepted,
28906860,0568000,LOUISVILLE METRO POLICE DEPT,Accepted,JEFFERSON,US0150,,BROADWAY,,W,,,,,,,38.246795673,-85.766351351,1.952,10/14/2021 12:00:00 AM,1326,2,1,0,1,CLEAR,DRY,False,COLLISION WITH BICYCLIST NON INTERSECTION,SINGLE VEHICLE,STRAIGHT & LEVEL,DAYLIGHT,,,10/15/2021 7:16:31 AM,False,5148,Accepted,
28906866,0568000,LOUISVILLE METRO POLICE DEPT,Accepted,JEFFERSON,KY1020,,SOUTHSIDE,DR,,,SENECA,,,,,38.160350339,-85.764817463,6.236,10/14/2021 12:00:00 AM,2048,2,2,0,2,CLEAR,DRY,False,ANGLE COLLISION - OTHER,ANGLE,STRAIGHT & LEVEL,DARK (UNKNOWN ROADWAY LIGHTING),,,10/15/2021 7:16:58 AM,False,5121,Accepted,
28906867,0568000,LOUISVILLE METRO POLICE DEPT,Accepted,JEFFERSON,KY1747,,HURSTBOURNE,PKWY,,US0031E,BARDSTOWN,,,,,38.168992195,-85.605018809,7.472,10/14/2021 12:00:00 AM,2054,2,2,0,1,CLEAR,DRY,False,ANGLE COLLISION - OTHER,ANGLE,STRAIGHT & LEVEL,DARK-HWY LIGHTED/ON,,,10/15/2021 7:17:02 AM,False,5141,Accepted,
28906848,0568000,LOUISVILLE METRO POLICE DEPT,Accepted,JEFFERSON,I 0065,,I65 N,,,,,,,,,38.170258029,-85.720531648,129.182,10/14/2021 12:00:00 AM,1016,2,2,0,0,CLEAR,DRY,False,1 VEHICLE ENTERING/LEAVING ENTRANCE,ANGLE,STRAIGHT & LEVEL,DAYLIGHT,,,10/15/2021 7:15:45 AM,False,4693,Accepted,
28906873,0568000,LOUISVILLE METRO POLICE DEPT,Accepted,JEFFERSON,KY1020,,2ND,ST,S,,BURNETT,,,,,38.226555735,-85.758440053,10.757,10/14/2021 12:00:00 AM,0412,6,6,0,0,CLEAR,DRY,False,COLLISION WITH PARKED VEHICLE,SIDESWIPE-SAME DIRECTION,STRAIGHT & LEVEL,DARK-HWY LIGHTED/ON,,,10/15/2021 7:17:57 AM,False,5349,Accepted,
28908145,0561500,UNIV. OF LOUISVILLE POLICE,Accepted,JEFFERSON,,2800,FLOYD,ST,S,,,,,,,38.204311342,-85.757086134,3.545,10/14/2021 12:00:00 AM,1200,2,2,0,0,CLOUDY,DRY,True,COLLISION IN PARKING LOT,SIDESWIPE-OPPOSITE DIRECTION,STRAIGHT & LEVEL,DAYLIGHT,,,10/15/2021 2:10:48 PM,False,5650,Accepted,
28909723,0565000,LYNDON POLICE DEPARTMENT,Accepted,JEFFERSON,KY1447,8521,WESTPORT,RD,,,,,,,,38.280642892,-85.591881121,4.042,10/14/2021 12:00:00 AM,1406,2,2,0,0,CLEAR,DRY,False,COLLISION IN PARKING LOT,BACKING,STRAIGHT & LEVEL,DAYLIGHT,,,10/16/2021 12:05:13 AM,False,1358,Accepted,
28906857,0568000,LOUISVILLE METRO POLICE DEPT,Accepted,JEFFERSON,,,BROOK,ST,S,,BURNETT,,,,,38.226585573,-85.755060462,1.437,10/13/2021 12:00:00 AM,0850,2,2,0,1,CLEAR,DRY,False,OTHER INTERSECTION COLLISIONS,REAR END,STRAIGHT & LEVEL,DAYLIGHT,,,10/15/2021 7:16:19 AM,False,5346,Accepted,
28909716,0565000,LYNDON POLICE DEPARTMENT,Accepted,JEFFERSON,KY0022,7216,BROWNSBORO,RD,,,,,CLIFFWYNDE,,CHATTESWORTH,38.291292455,-85.614741807,1.323,10/13/2021 12:00:00 AM,0927,1,1,0,0,CLEAR,DRY,False,COLLISION WITH FIXED OBJECT NON - INTERSECTION - FIRST EVENT COLLISION 09 - 32 EXCLUDING 16,SINGLE VEHICLE,STRAIGHT & LEVEL,DAYLIGHT,,,10/16/2021 12:04:54 AM,False,1372,Accepted,
28902439,0568000,LOUISVILLE METRO POLICE DEPT,Accepted,JEFFERSON,,,PENDLETON,RD,,,BOHANNON,,,,,38.060492412,-85.880324194,0.359,10/13/2021 12:00:00 AM,1648,2,2,0,0,CLOUDY,DRY,False,ANGLE COLLISION - OTHER,ANGLE,STRAIGHT & LEVEL,DAYLIGHT,,,10/14/2021 8:13:02 AM,False,7234,Accepted,
28902445,0568000,LOUISVILLE METRO POLICE DEPT,Accepted,JEFFERSON,KY0061,,PRESTON,HWY,,,MINOR,,,,,38.144764644,-85.690231097,4.427,10/13/2021 12:00:00 AM,2141,2,2,0,0,CLEAR,DRY,True,ANGLE COLLISION - OTHER,ANGLE,STRAIGHT & LEVEL,DARK-HWY LIGHTED/ON,,,10/14/2021 8:13:49 AM,False,5264,Accepted,
28898102,0568000,LOUISVILLE METRO POLICE DEPT,Accepted,JEFFERSON,I 0264,,I264 W,,,,,I 0065,I264 W EXIT12 OFF RAMP TO,I 0264,I264 W EXIT14 ON RAMP FROM KY864,38.193420919,-85.711344211,13.123,10/13/2021 12:00:00 AM,0014,3,3,0,0,CLEAR,DRY,True,SIDESWIPE COLLISION - SAME DIRECTION,SIDESWIPE-SAME DIRECTION,STRAIGHT & LEVEL,DARK (UNKNOWN ROADWAY LIGHTING),,,10/13/2021 8:23:20 AM,False,5379,Accepted,
28898103,0568000,LOUISVILLE METRO POLICE DEPT,Accepted,JEFFERSON,,,RESERVOIR,AVE,,,,,,,,38.259500137,-85.679290793,0.230,10/13/2021 12:00:00 AM,0130,1,1,0,0,CLEAR,DRY,False,COLLISION WITH FIXED OBJECT NON - INTERSECTION - FIRST EVENT COLLISION 09 - 32 EXCLUDING 16,SINGLE VEHICLE,CURVE & LEVEL,DARK-HWY LIGHTED/ON,,,10/13/2021 8:23:25 AM,False,7916,Accepted,
28900891,0560300,ST. MATTHEWS POLICE DEPARTMENT,Accepted,JEFFERSON,I 0264,,I264 E,,,,,I 0264,I264 W EXIT19A ON RAMP FROM US60 W,I 0264,I264 E EXIT20 OFF RAMP TO US60,38.248500421,-85.619826035,19.684,10/13/2021 12:00:00 AM,1715,2,2,0,0,RAINING,WET,True,SIDESWIPE COLLISION - SAME DIRECTION,SIDESWIPE-SAME DIRECTION,STRAIGHT & LEVEL,DAYLIGHT,,,10/13/2021 9:59:52 PM,False,9151,Accepted,
28902229,0566700,MIDDLETOWN POLICE DEPARTMENT,Accepted,JEFFERSON,US0060,,SHELBYVILLE,RD,,,BECKLEY WOODS,,,,,38.241571925,-85.498491791,12.292,10/13/2021 12:00:00 AM,0606,3,3,0,0,CLEAR,DRY,False,ANGLE COLLISION - ONE VEHICLE TURNING LEFT,ANGLE,STRAIGHT & HILLCREST,DARK-HWY NOT LIGHTED,,,10/14/2021 7:29:56 AM,False,2020,Accepted,
28902437,0568000,LOUISVILLE METRO POLICE DEPT,Accepted,JEFFERSON,US0150,,BROADWAY,,W,,,,,,,38.245837742,-85.754744485,2.549,10/13/2021 12:00:00 AM,0930,2,2,0,0,CLEAR,DRY,False,SIDESWIPE COLLISION - SAME DIRECTION,SIDESWIPE-SAME DIRECTION,STRAIGHT & LEVEL,DAYLIGHT,,,10/14/2021 8:12:56 AM,False,5148,Accepted,
28902438,0568000,LOUISVILLE METRO POLICE DEPT,Accepted,JEFFERSON,KY1934,,GREENBELT,HWY,,KY1230,LOWER RIVER,,,,,38.098164483,-85.892131921,1.044,10/13/2021 12:00:00 AM,1746,3,3,0,1,CLOUDY,WET,False,OTHER INTERSECTION COLLISIONS,REAR END,CURVE & LEVEL,DAYLIGHT,,,10/14/2021 8:12:59 AM,False,7234,Accepted,
28902423,0568000,LOUISVILLE METRO POLICE DEPT,Accepted,JEFFERSON,,,BLUEGRASS,AVE,,KY1865,TAYLOR,,,,,38.179667730,-85.783482098,0.840,10/13/2021 12:00:00 AM,0615,2,2,0,1,CLEAR,DRY,False,ANGLE COLLISION - OTHER,ANGLE,STRAIGHT & LEVEL,DARK-HWY LIGHTED/ON,,,10/14/2021 8:11:52 AM,False,7040,Accepted,
28902428,0568000,LOUISVILLE METRO POLICE DEPT,Accepted,JEFFERSON,KY2052,,SHEPHERDSVILLE,RD,,,RURAL,,,,,38.171333656,-85.659382175,2.260,10/13/2021 12:00:00 AM,1510,2,2,0,0,CLOUDY,DRY,False,ANGLE COLLISION - OTHER,ANGLE,STRAIGHT & LEVEL,DAYLIGHT,,,10/14/2021 8:12:15 AM,False,7652,Accepted,
28902429,0568000,LOUISVILLE METRO POLICE DEPT,Accepted,JEFFERSON,KY2054,,ALGONQUIN,PKWY,,,BEECH,,,,,38.224069460,-85.805230177,0.951,10/13/2021 12:00:00 AM,1635,2,2,0,0,CLOUDY,WET,False,ANGLE COLLISION - OTHER,ANGLE,STRAIGHT & LEVEL,DAYLIGHT,,,10/14/2021 8:12:20 AM,False,5161,Accepted,
28902430,0568000,LOUISVILLE METRO POLICE DEPT,Accepted,JEFFERSON,US0060,,SHELBYVILLE,RD,,,DAVENTRY,,,,,38.246263793,-85.575037478,7.960,10/13/2021 12:00:00 AM,1730,2,2,0,1,RAINING,WET,False,ANGLE COLLISION - OTHER,ANGLE,STRAIGHT & LEVEL,DAYLIGHT,,,10/14/2021 8:12:24 AM,False,2030,Accepted,
28902431,0568000,LOUISVILLE METRO POLICE DEPT,Accepted,JEFFERSON,KY0022,,BROWNSBORO,RD,,,TEN BROECK,,,,,38.302290320,-85.583198643,3.288,10/13/2021 12:00:00 AM,1733,2,2,0,0,RAINING,WET,False,OTHER INTERSECTION COLLISIONS,REAR END,CURVE & HILLCREST,DAYLIGHT,,,10/14/2021 8:12:28 AM,False,7313,Accepted,
28902436,0568000,LOUISVILLE METRO POLICE DEPT,Accepted,JEFFERSON,US0031W,,DIXIE,HWY,,,ST PAULS CHURCH,,,,,38.150631118,-85.837023058,12.109,10/13/2021 12:00:00 AM,0837,4,4,0,1,CLEAR,DRY,False,ANGLE COLLISION - ONE VEHICLE TURNING LEFT,ANGLE,STRAIGHT & LEVEL,DAYLIGHT,,,10/14/2021 8:12:50 AM,False,7485,Accepted,
28898099,0568000,LOUISVILLE METRO POLICE DEPT,Accepted,JEFFERSON,KY1703,,NEWBURG,RD,,,INDIAN,,,,,38.184646840,-85.665387435,0.503,10/13/2021 12:00:00 AM,0030,2,2,0,3,CLEAR,DRY,False,OPPOSING LEFT TURN,OPPOSING LEFT TURN,STRAIGHT & LEVEL,DARK-HWY LIGHTED/OFF,,,10/13/2021 8:23:01 AM,False,5024,Accepted,
28898108,0568000,LOUISVILLE METRO POLICE DEPT,Accepted,JEFFERSON,KY1865,,TAYLOR,BLVD,,,SOUTHLAND,,,,,38.170298159,-85.781444236,4.378,10/13/2021 12:00:00 AM,0645,3,3,0,0,CLEAR,DRY,False,OTHER INTERSECTION COLLISIONS,REAR END,STRAIGHT & LEVEL,DAWN,,,10/13/2021 8:23:46 AM,False,5342,Accepted,