IncidentID,AgencyORI,AgencyName,IncidentStatusDesc,County,RdwyNumber,Street,RoadwayName,StreetSfx,StreetDir,IntersectionRdwy,IntersectionRdwyName,BetweenStRdwy1,BetweenStRdwyName1,BetweenStRdwy2,BetweenStRdwyName2,Latitude,Longitude,Milepoint,CollisionDate,CollisionTime,UnitsInvolved,MotorVehiclesInvolved,NumberKilled,NumberInjured,Weather,RdwyConditionCode,HitandRun,DirAnalysisCode,MannerofCollision,RdwyCharacter,LightCondition,RampFromRdwyId,RampToRdwyId,AcceptedDate,IsSecondaryCollision,OwnerBadge,IncidentStatus,
28934017,0568000,LOUISVILLE METRO POLICE DEPT,Accepted,JEFFERSON,,,CARDINAL,BLVD,W,KY1020,3RD,,,,,38.220599536,-85.761138102,0.174,10/13/2021 12:00:00 AM,0046,2,2,0,0,CLEAR,DRY,False,ANGLE COLLISION - OTHER,ANGLE,STRAIGHT & LEVEL,DARK (UNKNOWN ROADWAY LIGHTING),,,10/22/2021 8:28:01 AM,False,5050,Accepted,
28924966,0568000,LOUISVILLE METRO POLICE DEPT,Accepted,JEFFERSON,I 0071,,I71 N,,,,,,,,,38.292619099,-85.653287160,4.597,10/13/2021 12:00:00 AM,1756,2,2,0,0,CLEAR,DRY,False,1 VEHICLE ENTERING/LEAVING ENTRANCE,ANGLE,CURVE & GRADE,DAYLIGHT,,,10/20/2021 8:11:02 AM,False,8278,Accepted,
28924958,0568000,LOUISVILLE METRO POLICE DEPT,Accepted,JEFFERSON,I 0064,,I64 E,,,,,,,,,38.221785717,-85.480458940,20.292,10/13/2021 12:00:00 AM,1236,2,2,0,0,CLOUDY,DRY,False,SIDESWIPE COLLISION - SAME DIRECTION,SIDESWIPE-SAME DIRECTION,STRAIGHT & GRADE,DAYLIGHT,,,10/20/2021 8:10:00 AM,False,8278,Accepted,
28935148,0568000,LOUISVILLE METRO POLICE DEPT,Accepted,JEFFERSON,KY0864,,POPLAR LEVEL,RD,,,,,,,,38.211575454,-85.720334911,12.673,10/13/2021 12:00:00 AM,1659,2,2,0,0,CLEAR,DRY,True,1 VEHICLE ENTERING/LEAVING ENTRANCE,ANGLE,STRAIGHT & GRADE,DAYLIGHT,,,10/22/2021 1:42:19 PM,False,8278,Accepted,
28906836,0568000,LOUISVILLE METRO POLICE DEPT,Accepted,JEFFERSON,,,WATTERSON,TRL,,,,,,,,38.181258012,-85.614709246,0.596,10/13/2021 12:00:00 AM,1145,2,2,0,1,CLOUDY,DRY,False,HEAD-ON COLLISION,HEAD ON,STRAIGHT & LEVEL,DAYLIGHT,,,10/15/2021 7:14:57 AM,False,4693,Accepted,
28906837,0568000,LOUISVILLE METRO POLICE DEPT,Accepted,JEFFERSON,KY1065,,OUTER,LOOP,,,,,,,,38.138903229,-85.656447113,7.718,10/13/2021 12:00:00 AM,1347,2,2,0,0,CLOUDY,DRY,False,1 VEHICLE ENTERING/LEAVING ENTRANCE,ANGLE,STRAIGHT & GRADE,DAYLIGHT,,,10/15/2021 7:15:01 AM,False,4693,Accepted,
28898106,0568000,LOUISVILLE METRO POLICE DEPT,Accepted,JEFFERSON,,,OAK,ST,W,,6TH,,,,,38.235388209,-85.764489945,0.501,10/13/2021 12:00:00 AM,0505,2,2,0,1,CLEAR,DRY,False,COLLISION WITH PARKED VEHICLE,REAR END,STRAIGHT & LEVEL,DARK-HWY LIGHTED/ON,,,10/13/2021 8:23:36 AM,False,5152,Accepted,
28902426,0568000,LOUISVILLE METRO POLICE DEPT,Accepted,JEFFERSON,,,MARKET,ST,W,,30TH,,,,,38.260279197,-85.800866438,0.791,10/13/2021 12:00:00 AM,1305,2,2,0,0,CLEAR,DRY,False,NON-COLLISION OBJECT COLLISION,HEAD ON,STRAIGHT & HILLCREST,DAYLIGHT,,,10/14/2021 8:12:02 AM,False,5187,Accepted,
28902427,0568000,LOUISVILLE METRO POLICE DEPT,Accepted,JEFFERSON,,,UPPER HUNTERS,TRCE,,,FLINTLOCK,,,,,38.161889611,-85.844949730,1.128,10/13/2021 12:00:00 AM,1339,2,2,0,0,CLOUDY,DRY,False,OTHER INTERSECTION COLLISIONS,REAR END,STRAIGHT & LEVEL,DAYLIGHT,,,10/14/2021 8:12:06 AM,False,7723,Accepted,
28902432,0568000,LOUISVILLE METRO POLICE DEPT,Accepted,JEFFERSON,KY2053,,THIXTON,LN,,,,,RISEN,,CEDAR CREEK,38.079291735,-85.617031552,3.231,10/13/2021 12:00:00 AM,1743,2,2,0,0,CLOUDY,WET,False,1 VEHICLE ENTERING/LEAVING ENTRANCE,ANGLE,CURVE & GRADE,DAYLIGHT,,,10/14/2021 8:12:32 AM,False,6878,Accepted,
28898104,0568000,LOUISVILLE METRO POLICE DEPT,Accepted,JEFFERSON,US0042,1579,STORY,AVE,,,,,,,,38.258657310,-85.721905745,0.648,10/13/2021 12:00:00 AM,0430,2,2,0,0,CLEAR,DRY,True,1 VEHICLE PARKED POSITION (NOT PARKING LOT/DRIVEWAY),SIDESWIPE-SAME DIRECTION,STRAIGHT & GRADE,DARK-HWY LIGHTED/ON,,,10/13/2021 8:23:28 AM,False,5356,Accepted,
28902440,0568000,LOUISVILLE METRO POLICE DEPT,Accepted,JEFFERSON,I 0064,,I64 W,,,,,I 0064,I64 W EXIT17 ON RAMP FROM KY913 S,I 0064,I64 W EXIT15 OFF RAMP FROM KY1747,38.223852106,-85.547663345,16.576,10/13/2021 12:00:00 AM,2044,2,2,0,0,CLOUDY,WET,False,SIDESWIPE COLLISION - SAME DIRECTION,SIDESWIPE-SAME DIRECTION,STRAIGHT & LEVEL,DARK-HWY LIGHTED/ON,,,10/14/2021 8:13:05 AM,False,7130,Accepted,
28902441,0568000,LOUISVILLE METRO POLICE DEPT,Accepted,JEFFERSON,US0031E,,BARDSTOWN,RD,,,FERNDALE,,,,,38.155449239,-85.589981578,5.953,10/13/2021 12:00:00 AM,2030,1,1,0,1,CLEAR,DRY,False,COLLISION WITH FIXED OBJECT IN INTERSECTION - FIRST EVENT COLLISION 09 - 32,SINGLE VEHICLE,STRAIGHT & LEVEL,DARK-HWY LIGHTED/ON,,,10/14/2021 8:13:09 AM,False,2775,Accepted,
28902442,0568000,LOUISVILLE METRO POLICE DEPT,Accepted,JEFFERSON,,,INDIAN,TRL,E,,TUPELO,,,,,38.170052607,-85.692026623,0.804,10/13/2021 12:00:00 AM,2035,2,2,0,1,CLEAR,DRY,False,ANGLE COLLISION - OTHER,ANGLE,STRAIGHT & LEVEL,DARK-HWY LIGHTED/ON,,,10/14/2021 8:13:12 AM,False,5328,Accepted,
28902443,0568000,LOUISVILLE METRO POLICE DEPT,Accepted,JEFFERSON,,,GRINSTEAD,DR,,,PETERSON,,,,,38.248603029,-85.696959443,0.496,10/13/2021 12:00:00 AM,2103,2,2,0,0,FOG,DRY,False,ANGLE COLLISION - OTHER,ANGLE,STRAIGHT & LEVEL,DARK (UNKNOWN ROADWAY LIGHTING),,,10/14/2021 8:13:31 AM,False,5405,Accepted,
28902444,0568000,LOUISVILLE METRO POLICE DEPT,Accepted,JEFFERSON,I 0064,,I64 E,,,,,,,,,38.222142901,-85.490730893,19.737,10/13/2021 12:00:00 AM,2156,4,4,0,4,CLOUDY,DRY,False,1 VEHICLE ENTERING/LEAVING ENTRANCE,ANGLE,STRAIGHT & LEVEL,DARK-HWY LIGHTED/ON,,,10/14/2021 8:13:43 AM,False,5329,Accepted,
28906853,0568000,LOUISVILLE METRO POLICE DEPT,Accepted,JEFFERSON,,,CHESTNUT,ST,E,,CAMPBELL,,,,,38.246589364,-85.736176722,0.919,10/13/2021 12:00:00 AM,1717,2,2,0,2,CLOUDY,WET,False,ANGLE COLLISION - ONE VEHICLE TURNING LEFT,ANGLE,STRAIGHT & LEVEL,DAYLIGHT,,,10/15/2021 7:16:02 AM,False,2308,Accepted,
28906845,0568000,LOUISVILLE METRO POLICE DEPT,Accepted,JEFFERSON,I 0065,,I65 N,,,,,I 0065,I65 N EXIT133A OFF RAMP TO  EASTERN PKWY,I 0065,I65 N EXIT132 ON RAMP FROM  CRITTENDEN DR,38.209346897,-85.752728993,132.705,10/13/2021 12:00:00 AM,0834,2,2,0,0,CLEAR,DRY,False,SIDESWIPE COLLISION - SAME DIRECTION,SIDESWIPE-SAME DIRECTION,STRAIGHT & GRADE,DAYLIGHT,,,10/15/2021 7:15:34 AM,False,5120,Accepted,
28906846,0568000,LOUISVILLE METRO POLICE DEPT,Accepted,JEFFERSON,,1511,TEXAS,AVE,,,,,,,,38.221506192,-85.737702002,0.460,10/13/2021 12:00:00 AM,1735,2,2,0,0,CLOUDY,WET,False,1 VEHICLE PARKED POSITION (NOT PARKING LOT/DRIVEWAY),SIDESWIPE-OPPOSITE DIRECTION,STRAIGHT & LEVEL,DAYLIGHT,,,10/15/2021 7:15:38 AM,False,5120,Accepted,
28898105,0568000,LOUISVILLE METRO POLICE DEPT,Accepted,JEFFERSON,US0060A,,BERRY,BLVD,,,POWELL,,,,,38.196527176,-85.790212322,1.064,10/12/2021 12:00:00 AM,1915,2,2,0,0,CLOUDY,DRY,False,ANGLE COLLISION - ONE VEHICLE TURNING LEFT,ANGLE,STRAIGHT & LEVEL,DAYLIGHT,,,10/13/2021 8:23:33 AM,False,5316,Accepted,
28902424,0568000,LOUISVILLE METRO POLICE DEPT,Accepted,JEFFERSON,KY0864,,FEGENBUSH,LN,,KY1065,OUTER,,,,,38.138573474,-85.615644133,4.390,10/12/2021 12:00:00 AM,1326,3,3,0,1,CLEAR,DRY,False,OPPOSING LEFT TURN,OPPOSING LEFT TURN,STRAIGHT & LEVEL,DAYLIGHT,,,10/14/2021 8:11:55 AM,False,4693,Accepted,
28902425,0568000,LOUISVILLE METRO POLICE DEPT,Accepted,JEFFERSON,KY2052,6808,SHEPHERDSVILLE,RD,,,,,,,,38.150409842,-85.659827784,0.814,10/12/2021 12:00:00 AM,1746,1,1,0,1,CLEAR,DRY,False,COLLISION WITH FIXED OBJECT NON - INTERSECTION - FIRST EVENT COLLISION 09 - 32 EXCLUDING 16,SINGLE VEHICLE,STRAIGHT & LEVEL,DAYLIGHT,,,10/14/2021 8:11:59 AM,False,7354,Accepted,
28902433,0568000,LOUISVILLE METRO POLICE DEPT,Accepted,JEFFERSON,,,JEFFERSON,ST,W,,10TH,,,,,38.254934169,-85.766948612,0.819,10/12/2021 12:00:00 AM,0924,2,2,0,0,CLEAR,DRY,False,SIDESWIPE-SAME DIRECTION,SIDESWIPE-SAME DIRECTION,STRAIGHT & LEVEL,DAYLIGHT,,,10/14/2021 8:12:36 AM,False,5173,Accepted,
28898107,0568000,LOUISVILLE METRO POLICE DEPT,Accepted,JEFFERSON,KY0022,,BALLARDSVILLE,RD,,,MURPHY,,,,,38.317675222,-85.539470887,6.050,10/12/2021 12:00:00 AM,1630,3,3,0,0,CLEAR,DRY,True,OTHER INTERSECTION COLLISIONS,REAR END,STRAIGHT & LEVEL,DAYLIGHT,,,10/13/2021 8:23:40 AM,False,7316,Accepted,
28898090,0568000,LOUISVILLE METRO POLICE DEPT,Accepted,JEFFERSON,KY0155,4025,TAYLORSVILLE,RD,,,,,,,,38.219884073,-85.625828252,13.323,10/12/2021 12:00:00 AM,1200,1,1,0,0,CLEAR,DRY,False,COLLISION IN PARKING LOT,SINGLE VEHICLE,STRAIGHT & LEVEL,DAYLIGHT,,,10/13/2021 8:22:08 AM,False,5288,Accepted,
28898097,0568000,LOUISVILLE METRO POLICE DEPT,Accepted,JEFFERSON,,,34TH,ST,S,,VIRGINIA,,,,,38.239028975,-85.810319665,1.630,10/12/2021 12:00:00 AM,2043,2,2,0,1,CLEAR,DRY,False,ANGLE COLLISION - ONE VEHICLE TURNING LEFT,ANGLE,STRAIGHT & LEVEL,DARK-HWY LIGHTED/ON,,,10/13/2021 8:22:53 AM,False,5261,Accepted,
28898098,0568000,LOUISVILLE METRO POLICE DEPT,Accepted,JEFFERSON,,,DIXIE,HWY,,,WILSON,,,,,38.234703796,-85.787880367,1.033,10/12/2021 12:00:00 AM,2000,1,1,0,0,CLEAR,DRY,True,OTHER INTERSECTION COLLISIONS,SINGLE VEHICLE,STRAIGHT & LEVEL,DARK-HWY LIGHTED/ON,,,10/13/2021 8:22:58 AM,False,5261,Accepted,
28915928,0568000,LOUISVILLE METRO POLICE DEPT,Accepted,JEFFERSON,,,GILMORE,LN,,,,CS2266G,CRAFTY,CS1202G,HELCK,38.176147904,-85.710462397,0.166,10/12/2021 12:00:00 AM,1756,2,2,0,1,CLEAR,DRY,False,1 VEHICLE ENTERING/LEAVING ENTRANCE,ANGLE,STRAIGHT & LEVEL,DAYLIGHT,,,10/18/2021 8:31:04 AM,False,7431,Accepted,
28898064,0568000,LOUISVILLE METRO POLICE DEPT,Accepted,JEFFERSON,US0031W,,MARKET,ST,W,KY1020,3RD,,,,,38.255153076,-85.755265807,21.828,10/12/2021 12:00:00 AM,0746,2,2,0,0,CLEAR,DRY,True,OTHER INTERSECTION COLLISIONS,REAR END,STRAIGHT & LEVEL,DAYLIGHT,,,10/13/2021 8:19:43 AM,False,5168,Accepted,
28898087,0568000,LOUISVILLE METRO POLICE DEPT,Accepted,JEFFERSON,KY1931,,MANSLICK,RD,,,,,,,,38.155807074,-85.801588701,5.520,10/12/2021 12:00:00 AM,1620,2,2,0,0,CLEAR,DRY,False,REAR END IN TRAFFIC LANES BOTH VEHICLES MOVING,REAR END,STRAIGHT & LEVEL,DAYLIGHT,,,10/13/2021 8:22:00 AM,False,7234,Accepted,
28898088,0568000,LOUISVILLE METRO POLICE DEPT,Accepted,JEFFERSON,,3934,HIKES,LN,,,,,,,,38.218986802,-85.627397500,3.116,10/12/2021 12:00:00 AM,1006,2,1,0,1,CLEAR,FLOODED,False,COLLISION IN PARKING LOT,SINGLE VEHICLE,STRAIGHT & LEVEL,DAYLIGHT,,,10/13/2021 8:22:04 AM,False,5288,Accepted,
28898096,0568000,LOUISVILLE METRO POLICE DEPT,Accepted,JEFFERSON,I 0264,,I264 E,,,I 0264,I264 E EXIT2 OFF RAMP TO  MUHAMMAD ALI BLVD,,,,,38.270555828,-85.808531358,0.445,10/12/2021 12:00:00 AM,2047,1,1,0,1,CLEAR,DRY,False,COLLISION WITH FIXED OBJECT IN INTERSECTION - FIRST EVENT COLLISION 09 - 32,SINGLE VEHICLE,STRAIGHT & LEVEL,DARK-HWY LIGHTED/ON,,,10/13/2021 8:22:49 AM,False,5057,Accepted,
28898070,0568000,LOUISVILLE METRO POLICE DEPT,Accepted,JEFFERSON,I 0065,,I65 S,,,I 0065,I65 S EXIT135 ON RAMP FROM  E OAK ST,,,,,38.232152448,-85.750914986,134.293,10/12/2021 12:00:00 AM,1609,3,3,0,0,CLEAR,DRY,True,OTHER INTERSECTION COLLISIONS,REAR TO REAR,STRAIGHT & LEVEL,DAYLIGHT,,,10/13/2021 8:20:20 AM,False,5374,Accepted,
28898071,0568000,LOUISVILLE METRO POLICE DEPT,Accepted,JEFFERSON,KY1447,8400,WESTPORT,RD,,,,,JAPONICA,,OLD WESTPORT,38.278853186,-85.596264481,3.775,10/12/2021 12:00:00 AM,1623,1,1,0,0,CLOUDY,DRY,False,COLLISION WITH FIXED OBJECT NON - INTERSECTION - FIRST EVENT COLLISION 09 - 32 EXCLUDING 16,SINGLE VEHICLE,STRAIGHT & GRADE,DAYLIGHT,,,10/13/2021 8:20:33 AM,False,6456,Accepted,
28898072,0568000,LOUISVILLE METRO POLICE DEPT,Accepted,JEFFERSON,US0031W,9050,DIXIE,HWY,,,,,,,,38.124184325,-85.853281579,9.993,10/12/2021 12:00:00 AM,1320,2,2,0,1,CLOUDY,DRY,False,1 VEHICLE ENTERING/LEAVING ENTRANCE,ANGLE,STRAIGHT & LEVEL,DAYLIGHT,,,10/13/2021 8:20:37 AM,False,7232,Accepted,
28894781,0560300,ST. MATTHEWS POLICE DEPARTMENT,Accepted,JEFFERSON,US0060,5000,SHELBYVILLE,RD,,,,,,,,38.249551051,-85.623152487,5.320,10/12/2021 12:00:00 AM,1215,2,1,0,0,CLEAR,DRY,False,COLLISION IN PARKING LOT,BACKING,STRAIGHT & GRADE,DAYLIGHT,,,10/12/2021 4:04:44 PM,False,9150,Accepted,
28898056,0568000,LOUISVILLE METRO POLICE DEPT,Accepted,JEFFERSON,KY1631,2730,CRITTENDEN,DR,,,,,,,,38.203449591,-85.750758542,1.017,10/12/2021 12:00:00 AM,0845,2,2,0,0,CLEAR,DRY,False,SIDESWIPE COLLISION - SAME DIRECTION,SIDESWIPE-SAME DIRECTION,STRAIGHT & LEVEL,DAYLIGHT,,,10/13/2021 8:18:47 AM,False,7689,Accepted,
28890375,0561000,JEFFERSONTOWN POLICE DEPT,Accepted,JEFFERSON,KY1747,,HURSTBOURNE,PKWY,S,,,,,I 0064,I64 E EXIT15B OFF RAMP TO KY1747,38.221052676,-85.580384553,11.716,10/12/2021 12:00:00 AM,0825,2,2,0,0,CLEAR,DRY,False,SIDESWIPE COLLISION - OPPOSITE DIRECTION,SIDESWIPE-OPPOSITE DIRECTION,STRAIGHT & LEVEL,DAYLIGHT,,,10/12/2021 1:56:54 PM,False,8292,Accepted,
28882420,0566700,MIDDLETOWN POLICE DEPARTMENT,Accepted,JEFFERSON,I 0265,,I265 S,,,,,I 0265,I265 S EXIT27 OFF RAMP TO US60,I 0265,I265 S EXIT29 ON RAMP FROM KY3084,38.252944176,-85.502883415,27.536,10/12/2021 12:00:00 AM,0621,2,2,0,0,CLEAR,DRY,False,SIDESWIPE COLLISION - SAME DIRECTION,SIDESWIPE-SAME DIRECTION,STRAIGHT & LEVEL,DARK-HWY NOT LIGHTED,,,10/12/2021 7:55:52 AM,False,2020,Accepted,
28898062,0568000,LOUISVILLE METRO POLICE DEPT,Accepted,JEFFERSON,I 0265,,I265 E,,,,,,,,,38.141650036,-85.583150858,17.308,10/12/2021 12:00:00 AM,0812,3,3,0,0,CLEAR,DRY,False,REAR END IN TRAFFIC LANES BOTH VEHICLES MOVING,REAR END,STRAIGHT & LEVEL,DAYLIGHT,,,10/13/2021 8:19:23 AM,True,4903,Accepted,
28898063,0568000,LOUISVILLE METRO POLICE DEPT,Accepted,JEFFERSON,KY1065,,OUTER,LOOP,,,NOLTEMEYER WYNDE,,,,,38.138256647,-85.680446826,6.405,10/12/2021 12:00:00 AM,1341,2,2,0,0,CLEAR,DRY,False,OPPOSING LEFT TURN,OPPOSING LEFT TURN,STRAIGHT & LEVEL,DAYLIGHT,,,10/13/2021 8:19:36 AM,False,2324,Accepted,
28882672,0568000,LOUISVILLE METRO POLICE DEPT,Accepted,JEFFERSON,,2229,LOWER HUNTERS,TRCE,,,,,,,,38.159476856,-85.850961354,0.939,10/12/2021 12:00:00 AM,0533,1,1,0,0,CLEAR,DRY,False,COLLISION WITH FIXED OBJECT NON - INTERSECTION - FIRST EVENT COLLISION 09 - 32 EXCLUDING 16,SINGLE VEHICLE,STRAIGHT & LEVEL,DARK-HWY LIGHTED/ON,,,10/12/2021 8:56:42 AM,False,5212,Accepted,
28897956,0566900,LOUISVILLE AIRPORT POLICE,Accepted,JEFFERSON,,,DEARING,AVE,,,,,,,,38.175441751,-85.717791377,0.426,10/12/2021 12:00:00 AM,0800,1,1,0,0,CLEAR,DRY,False,OTHER ROADWAY OR MID-BLOCK COLLISION,SINGLE VEHICLE,STRAIGHT & LEVEL,DAWN,,,10/13/2021 7:30:26 AM,False,5857,Accepted,
28898054,0568000,LOUISVILLE METRO POLICE DEPT,Accepted,JEFFERSON,,,6TH,ST,S,,HILL,,,,,38.226346750,-85.765224648,2.133,10/12/2021 12:00:00 AM,0810,2,2,0,0,CLEAR,DRY,False,OTHER INTERSECTION COLLISIONS,REAR END,STRAIGHT & LEVEL,DAYLIGHT,,,10/13/2021 8:18:25 AM,False,5175,Accepted,
28926432,0568000,LOUISVILLE METRO POLICE DEPT,Accepted,JEFFERSON,,113,HALDEMAN,AVE,,,,,,,,38.254369839,-85.713479410,0.390,10/12/2021 12:00:00 AM,1940,1,1,0,1,CLEAR,DRY,False,COLLISION WITH FIXED OBJECT NON - INTERSECTION - FIRST EVENT COLLISION 09 - 32 EXCLUDING 16,SINGLE VEHICLE,CURVE & LEVEL,DARK-HWY LIGHTED/ON,,,10/20/2021 2:13:12 PM,False,2034,Accepted,
28916055,0568000,LOUISVILLE METRO POLICE DEPT,Accepted,JEFFERSON,,,OAK,ST,W,US0031W,22ND,,,,,38.237450728,-85.790267861,1.916,10/12/2021 12:00:00 AM,1948,2,2,0,1,CLEAR,DRY,False,ANGLE COLLISION - OTHER,ANGLE,STRAIGHT & LEVEL,DARK-HWY NOT LIGHTED,,,10/18/2021 8:40:19 AM,False,5285,Accepted,
28943263,0568000,LOUISVILLE METRO POLICE DEPT,Accepted,JEFFERSON,,,WITHERSPOON,ST,E,,RIVER,,,,,38.257746525,-85.745473663,0.317,10/12/2021 12:00:00 AM,0721,2,1,0,1,CLEAR,DRY,False,COLLISION WITH PEDESTRIAN IN INTERSECTION,SINGLE VEHICLE,STRAIGHT & LEVEL,DAYLIGHT,,,10/25/2021 8:53:37 AM,False,7720,Accepted,
28933989,0568000,LOUISVILLE METRO POLICE DEPT,Accepted,JEFFERSON,,,2ND,ST,S,,WOODLAWN,,,,,38.181423422,-85.764510726,0.885,10/12/2021 12:00:00 AM,1338,2,2,0,1,CLEAR,DRY,False,ANGLE COLLISION - OTHER,ANGLE,STRAIGHT & LEVEL,DAYLIGHT,,,10/22/2021 8:25:01 AM,False,5123,Accepted,
28898100,0568000,LOUISVILLE METRO POLICE DEPT,Accepted,JEFFERSON,,,STONESTREET,RD,,KY0907,3RD ST,,,,,38.113004979,-85.836987331,1.210,10/12/2021 12:00:00 AM,2344,2,2,0,2,CLEAR,DRY,False,ANGLE COLLISION - OTHER,ANGLE,STRAIGHT & LEVEL,DARK-HWY LIGHTED/ON,,,10/13/2021 8:23:07 AM,False,5340,Accepted,
28898086,0568000,LOUISVILLE METRO POLICE DEPT,Accepted,JEFFERSON,,,SOUTHERN,PKWY,,,,,,,,38.170187770,-85.780781352,1.070,10/12/2021 12:00:00 AM,1258,2,2,0,0,CLEAR,DRY,False,REAR END IN TRAFFIC LANES BOTH VEHICLES MOVING,REAR END,STRAIGHT & LEVEL,DAYLIGHT,,,10/13/2021 8:21:54 AM,False,7234,Accepted,
28898092,0568000,LOUISVILLE METRO POLICE DEPT,Accepted,JEFFERSON,I 0064,,,,,,,,,,,38.257897751,-85.723662659,0.125,10/12/2021 12:00:00 AM,1915,2,2,0,0,CLEAR,DRY,False,OTHER RAMP RELATED COLLISIONS NOT LISTED ABOVE,REAR END,CURVE & GRADE,DUSK,I 0064,STORY AVE,10/13/2021 8:22:19 AM,False,2128,Accepted,
28882665,0568000,LOUISVILLE METRO POLICE DEPT,Accepted,JEFFERSON,US0031W,,DIXIE,HWY,,,PAGES,,,,,38.130181928,-85.847815025,10.498,10/12/2021 12:00:00 AM,0505,2,2,0,0,CLEAR,DRY,True,OTHER INTERSECTION COLLISIONS,REAR END,STRAIGHT & LEVEL,DARK-HWY NOT LIGHTED,,,10/12/2021 8:56:35 AM,False,5033,Accepted,
28882668,0568000,LOUISVILLE METRO POLICE DEPT,Accepted,JEFFERSON,KY1020,,2ND,ST,S,US0150,BROADWAY,,,,,38.245859875,-85.755047333,12.096,10/12/2021 12:00:00 AM,0530,2,2,0,0,CLEAR,DRY,False,OTHER INTERSECTION COLLISIONS,REAR END,STRAIGHT & LEVEL,DARK-HWY LIGHTED/ON,,,10/12/2021 8:56:38 AM,False,5335,Accepted,
28898059,0568000,LOUISVILLE METRO POLICE DEPT,Accepted,JEFFERSON,,,GOOSE CREEK,RD,,,BLOSSOM,,,,,38.288120726,-85.579177881,1.183,10/12/2021 12:00:00 AM,1140,2,2,0,1,CLEAR,DRY,False,ANGLE COLLISION - OTHER,ANGLE,STRAIGHT & LEVEL,DAYLIGHT,,,10/13/2021 8:19:01 AM,False,2346,Accepted,
28898066,0568000,LOUISVILLE METRO POLICE DEPT,Accepted,JEFFERSON,I 0264,,,,,,,,,,,38.190124689,-85.754135013,,10/12/2021 12:00:00 AM,1514,3,3,0,0,CLEAR,DRY,True,REAR END IN TRAFFIC LANES BOTH VEHICLES MOVING,REAR END,STRAIGHT & LEVEL,DAYLIGHT,,,10/13/2021 8:19:53 AM,False,7963,Accepted,
28898067,0568000,LOUISVILLE METRO POLICE DEPT,Accepted,JEFFERSON,,,4TH,ST,S,,IOWA,,,,,38.207786259,-85.765189657,3.399,10/12/2021 12:00:00 AM,1420,2,2,0,0,CLEAR,DRY,False,ANGLE COLLISION - OTHER,ANGLE,STRAIGHT & LEVEL,DAYLIGHT,,,10/13/2021 8:19:57 AM,False,7689,Accepted,
28898077,0568000,LOUISVILLE METRO POLICE DEPT,Accepted,JEFFERSON,,,BRECKINRIDGE,ST,E,,,,,,,38.240606916,-85.746402151,1.181,10/12/2021 12:00:00 AM,1446,2,2,0,0,CLEAR,DRY,False,1 VEHICLE ENTERING/LEAVING ENTRANCE,ANGLE,STRAIGHT & LEVEL,DAYLIGHT,,,10/13/2021 8:20:58 AM,False,5258,Accepted,
28916015,0568000,LOUISVILLE METRO POLICE DEPT,Accepted,JEFFERSON,,,BROADWAY,,W,,26TH,,,,,38.249490413,-85.794838997,0.359,10/12/2021 12:00:00 AM,2252,2,2,0,0,CLEAR,DRY,False,SIDESWIPE-SAME DIRECTION,SIDESWIPE-SAME DIRECTION,STRAIGHT & LEVEL,DARK-HWY LIGHTED/ON,,,10/18/2021 8:38:00 AM,False,5365,Accepted,
28898061,0568000,LOUISVILLE METRO POLICE DEPT,Accepted,JEFFERSON,US0150,,BROADWAY,,W,KY1020,3RD,,,,,38.245959623,-85.756698482,2.474,10/12/2021 12:00:00 AM,0832,2,2,0,2,CLEAR,DRY,False,ANGLE COLLISION - OTHER,ANGLE,STRAIGHT & LEVEL,DAYLIGHT,,,10/13/2021 8:19:10 AM,False,5187,Accepted,
28898068,0568000,LOUISVILLE METRO POLICE DEPT,Accepted,JEFFERSON,KY0155,12611,TAYLORSVILLE,RD,,,,,,,,38.187768123,-85.517398066,6.522,10/12/2021 12:00:00 AM,1200,2,2,0,0,CLEAR,DRY,True,COLLISION IN PARKING LOT,ANGLE,STRAIGHT & LEVEL,DAYLIGHT,,,10/13/2021 8:20:02 AM,False,7278,Accepted,
28898078,0568000,LOUISVILLE METRO POLICE DEPT,Accepted,JEFFERSON,,1205,DELOR,AVE,,,,,,,,38.219147752,-85.740087414,0.179,10/12/2021 12:00:00 AM,1729,2,2,0,0,CLEAR,DRY,False,1 VEHICLE PARKED POSITION (NOT PARKING LOT/DRIVEWAY),SIDESWIPE-SAME DIRECTION,STRAIGHT & LEVEL,DAYLIGHT,,,10/13/2021 8:21:08 AM,False,5258,Accepted,
28898091,0568000,LOUISVILLE METRO POLICE DEPT,Accepted,JEFFERSON,,,INDIAN,TRL,E,,UNSELD,,,,,38.180056787,-85.673596845,2.071,10/12/2021 12:00:00 AM,1742,2,2,0,0,CLEAR,DRY,False,ANGLE COLLISION - OTHER,ANGLE,STRAIGHT & LEVEL,DAYLIGHT,,,10/13/2021 8:22:13 AM,False,7451,Accepted,
28898069,0568000,LOUISVILLE METRO POLICE DEPT,Accepted,JEFFERSON,US0031W,,MAIN,ST,W,,9TH,,,,,38.257580609,-85.765169534,21.453,10/11/2021 12:00:00 AM,1216,2,2,0,0,CLEAR,DRY,True,SIDESWIPE-SAME DIRECTION,SIDESWIPE-SAME DIRECTION,STRAIGHT & LEVEL,DAYLIGHT,,,10/13/2021 8:20:08 AM,False,5168,Accepted,