IncidentID,AgencyORI,AgencyName,IncidentStatusDesc,County,RdwyNumber,Street,RoadwayName,StreetSfx,StreetDir,IntersectionRdwy,IntersectionRdwyName,BetweenStRdwy1,BetweenStRdwyName1,BetweenStRdwy2,BetweenStRdwyName2,Latitude,Longitude,Milepoint,CollisionDate,CollisionTime,UnitsInvolved,MotorVehiclesInvolved,NumberKilled,NumberInjured,Weather,RdwyConditionCode,HitandRun,DirAnalysisCode,MannerofCollision,RdwyCharacter,LightCondition,RampFromRdwyId,RampToRdwyId,AcceptedDate,IsSecondaryCollision,OwnerBadge,IncidentStatus,
28882651,0568000,LOUISVILLE METRO POLICE DEPT,Accepted,JEFFERSON,,,FREYS HILL,RD,,,WEMBERLEY HILL,,,,,38.291117481,-85.557897216,0.196,10/11/2021 12:00:00 AM,1933,3,3,0,1,CLEAR,DRY,False,OTHER INTERSECTION COLLISIONS,REAR END,STRAIGHT & LEVEL,DUSK,,,10/12/2021 8:56:20 AM,False,5030,Accepted,
28882659,0568000,LOUISVILLE METRO POLICE DEPT,Accepted,JEFFERSON,KY1931,,GREENWOOD,RD,,,RUSSELL,,,,,38.143710442,-85.845597908,2.811,10/11/2021 12:00:00 AM,2119,1,1,0,0,CLEAR,DRY,False,COLLISION WITH FIXED OBJECT IN INTERSECTION - FIRST EVENT COLLISION 09 - 32,SINGLE VEHICLE,STRAIGHT & LEVEL,DARK-HWY LIGHTED/ON,,,10/12/2021 8:56:29 AM,False,5212,Accepted,
28891618,0561500,UNIV. OF LOUISVILLE POLICE,Accepted,JEFFERSON,,,4TH,ST,S,,,,INDUSTRY,,BRANDEIS,38.218513759,-85.763208189,2.654,10/11/2021 12:00:00 AM,1759,3,3,0,2,CLOUDY,DRY,False,OTHER ROADWAY OR MID-BLOCK COLLISION,OPPOSING LEFT TURN,STRAIGHT & GRADE,DAYLIGHT,,,10/12/2021 3:03:13 PM,False,5690,Accepted,
28882615,0568000,LOUISVILLE METRO POLICE DEPT,Accepted,JEFFERSON,,,REYNOLDS,LN,,,,,,,,38.192832268,-85.653786075,0.189,10/11/2021 12:00:00 AM,0655,2,2,0,0,CLEAR,DRY,False,HEAD-ON COLLISION,HEAD ON,CURVE & LEVEL,DARK (UNKNOWN ROADWAY LIGHTING),,,10/12/2021 8:55:09 AM,False,4693,Accepted,
28882616,0568000,LOUISVILLE METRO POLICE DEPT,Accepted,JEFFERSON,KY2052,,SHEPHERDSVILLE,RD,,,,,,,,38.145903661,-85.660086123,0.483,10/11/2021 12:00:00 AM,0746,2,2,0,0,CLEAR,DRY,False,REAR END IN TRAFFIC LANES BOTH VEHICLES MOVING,REAR END,STRAIGHT & LEVEL,DAWN,,,10/12/2021 8:55:14 AM,False,4693,Accepted,
28882617,0568000,LOUISVILLE METRO POLICE DEPT,Accepted,JEFFERSON,KY0061,,PRESTON,HWY,,KY1747,FERN VALLEY,,,,,38.156800482,-85.696834412,5.358,10/11/2021 12:00:00 AM,1243,2,2,0,2,CLEAR,DRY,False,OPPOSING LEFT TURN,OPPOSING LEFT TURN,STRAIGHT & LEVEL,DAYLIGHT,,,10/12/2021 8:55:19 AM,False,7669,Accepted,
28882618,0568000,LOUISVILLE METRO POLICE DEPT,Accepted,JEFFERSON,,1323,WEYLER,AVE,,,,,,,,38.203302110,-85.786239768,0.181,10/11/2021 12:00:00 AM,1340,2,2,0,1,CLEAR,DRY,False,1 VEHICLE ENTERING/LEAVING ENTRANCE,ANGLE,STRAIGHT & LEVEL,DAYLIGHT,,,10/12/2021 8:55:25 AM,False,5252,Accepted,
28854898,0568000,LOUISVILLE METRO POLICE DEPT,Accepted,JEFFERSON,KY0061,,PRESTON,ST,S,,MUHAMMAD ALI,,,,,38.250031481,-85.746842155,12.581,10/11/2021 12:00:00 AM,0002,2,2,0,4,CLEAR,DRY,False,ANGLE COLLISION - OTHER,ANGLE,STRAIGHT & LEVEL,DARK-HWY LIGHTED/ON,,,10/11/2021 8:28:48 AM,False,7904,Accepted,
28854899,0568000,LOUISVILLE METRO POLICE DEPT,Accepted,JEFFERSON,I 0065,,I65 S,,,,,,,,,38.237413476,-85.752630492,134.672,10/11/2021 12:00:00 AM,0141,3,3,0,2,CLEAR,DRY,False,1 VEHICLE PARKED POSITION (NOT PARKING LOT/DRIVEWAY),REAR END,STRAIGHT & LEVEL,DARK-HWY NOT LIGHTED,,,10/11/2021 8:28:52 AM,True,5371,Accepted,
28882624,0568000,LOUISVILLE METRO POLICE DEPT,Accepted,JEFFERSON,KY1747,3601,FERN VALLEY,RD,,,,,,,,38.157240158,-85.696381549,1.903,10/11/2021 12:00:00 AM,1642,3,3,0,0,CLEAR,DRY,True,1 VEHICLE ENTERING/LEAVING ENTRANCE,ANGLE,STRAIGHT & LEVEL,DAYLIGHT,,,10/12/2021 8:55:50 AM,False,7272,Accepted,
28882627,0568000,LOUISVILLE METRO POLICE DEPT,Accepted,JEFFERSON,KY2860,2557,GRINSTEAD,DR,,,,,,,,38.243155622,-85.708077274,0.816,10/11/2021 12:00:00 AM,1100,1,1,0,1,CLEAR,DRY,False,COLLISION WITH FIXED OBJECT NON - INTERSECTION - FIRST EVENT COLLISION 09 - 32 EXCLUDING 16,SINGLE VEHICLE,CURVE & HILLCREST,DAYLIGHT,,,10/12/2021 8:55:54 AM,False,7129,Accepted,
28915975,0568000,LOUISVILLE METRO POLICE DEPT,Accepted,JEFFERSON,KY1703,1001,BAXTER,AVE,,,,,HEPBURN,,GRINSTEAD,38.239097765,-85.723399882,5.594,10/11/2021 12:00:00 AM,1007,2,2,0,0,CLEAR,DRY,True,1 VEHICLE PARKED POSITION (NOT PARKING LOT/DRIVEWAY),SIDESWIPE-SAME DIRECTION,STRAIGHT & LEVEL,DAYLIGHT,,,10/18/2021 8:36:21 AM,False,7129,Accepted,
28898074,0568000,LOUISVILLE METRO POLICE DEPT,Accepted,JEFFERSON,I 0264,,I264 E,,,,,,,,,38.192200347,-85.713017485,13.000,10/11/2021 12:00:00 AM,1816,3,3,0,0,CLEAR,DRY,True,REAR END IN TRAFFIC LANES BOTH VEHICLES MOVING,REAR END,,DAYLIGHT,,,10/13/2021 8:20:44 AM,False,2217,Accepted,
28898075,0568000,LOUISVILLE METRO POLICE DEPT,Accepted,JEFFERSON,KY0864,1107,SHELBY,ST,S,,,,,,,38.235064388,-85.741177304,14.820,10/11/2021 12:00:00 AM,1354,2,2,0,0,CLEAR,DRY,True,1 VEHICLE PARKED POSITION (NOT PARKING LOT/DRIVEWAY),REAR END,STRAIGHT & LEVEL,DAYLIGHT,,,10/13/2021 8:20:52 AM,False,5258,Accepted,
28882640,0568000,LOUISVILLE METRO POLICE DEPT,Accepted,JEFFERSON,KY3082,,BANK,ST,,,28TH,,,,,38.270307116,-85.793666179,0.928,10/11/2021 12:00:00 AM,0708,2,2,0,0,CLEAR,DRY,False,COLLISION WITH PARKED VEHICLE,SIDESWIPE-SAME DIRECTION,STRAIGHT & LEVEL,DAWN,,,10/12/2021 8:56:08 AM,False,7325,Accepted,
28882644,0568000,LOUISVILLE METRO POLICE DEPT,Accepted,JEFFERSON,,,28TH,ST,S,,WILSON,,,,,38.232254001,-85.800957589,2.002,10/11/2021 12:00:00 AM,1805,2,2,0,0,CLEAR,DRY,True,ANGLE COLLISION - OTHER,ANGLE,STRAIGHT & LEVEL,DAYLIGHT,,,10/12/2021 8:56:12 AM,False,5179,Accepted,
28898094,0568000,LOUISVILLE METRO POLICE DEPT,Accepted,JEFFERSON,US0031E,,BAXTER,AVE,,,,,HIGHLAND,,MORTON,38.241178417,-85.725032476,15.720,10/11/2021 12:00:00 AM,0155,2,2,0,0,RAINING,DRY,True,1 VEHICLE PARKED POSITION (NOT PARKING LOT/DRIVEWAY),SIDESWIPE-SAME DIRECTION,STRAIGHT & LEVEL,DARK-HWY LIGHTED/ON,,,10/13/2021 8:22:40 AM,False,5250,Accepted,
28906865,0568000,LOUISVILLE METRO POLICE DEPT,Accepted,JEFFERSON,US0031W,,DIXIE,HWY,,,WINGFIELD,,,,,38.218849103,-85.794319417,17.326,10/11/2021 12:00:00 AM,2249,2,2,0,1,CLEAR,DRY,True,REAR END - ONE VEHICLE TURNING LEFT,REAR END,STRAIGHT & LEVEL,DARK-HWY LIGHTED/ON,,,10/15/2021 7:16:53 AM,False,2877,Accepted,
28981451,0568000,LOUISVILLE METRO POLICE DEPT,Accepted,JEFFERSON,,,10TH,ST,S,US0150,BROADWAY,,,,,38.247101903,-85.768375090,0.525,10/11/2021 12:00:00 AM,1440,2,1,1,0,CLEAR,DRY,False,COLLISION WITH PEDESTRIAN IN INTERSECTION,SINGLE VEHICLE,STRAIGHT & GRADE,DAYLIGHT,,,10/26/2021 8:44:56 AM,False,7751,Accepted,
28920508,0568000,LOUISVILLE METRO POLICE DEPT,Accepted,JEFFERSON,US0150,,BROADWAY,,E,KY0061,PRESTON,,,,,38.245288815,-85.747577041,2.964,10/11/2021 12:00:00 AM,1619,2,2,0,0,CLOUDY,DRY,False,OTHER INTERSECTION COLLISIONS,REAR END,STRAIGHT & LEVEL,DAYLIGHT,,,10/19/2021 8:07:11 AM,False,7239,Accepted,
28882621,0568000,LOUISVILLE METRO POLICE DEPT,Accepted,JEFFERSON,,,CENTRAL STATION,BLVD,,,2ND,,,,,38.203422428,-85.763203754,0.001,10/11/2021 12:00:00 AM,1359,2,2,0,0,CLEAR,DRY,False,ANGLE COLLISION - ONE VEHICLE TURNING LEFT,ANGLE,STRAIGHT & LEVEL,DAYLIGHT,,,10/12/2021 8:55:39 AM,False,7257,Accepted,
28882611,0568000,LOUISVILLE METRO POLICE DEPT,Accepted,JEFFERSON,,,4TH,ST,S,,INDUSTRY,,,,,38.213817963,-85.764057419,2.980,10/11/2021 12:00:00 AM,1039,2,2,0,1,CLEAR,DRY,False,COLLISION WITH FIXED OBJECT IN INTERSECTION - FIRST EVENT COLLISION 09 - 32,REAR END,STRAIGHT & LEVEL,DAYLIGHT,,,10/12/2021 8:54:54 AM,False,7872,Accepted,
28882612,0568000,LOUISVILLE METRO POLICE DEPT,Accepted,JEFFERSON,US0031W,,DIXIE,HWY,,,DIXIE GARDEN,,,,,38.099031988,-85.871932768,7.978,10/11/2021 12:00:00 AM,0809,2,2,0,0,CLEAR,DRY,False,ANGLE COLLISION - ONE VEHICLE TURNING LEFT,ANGLE,STRAIGHT & LEVEL,DAYLIGHT,,,10/12/2021 8:54:58 AM,False,7483,Accepted,
28882613,0568000,LOUISVILLE METRO POLICE DEPT,Accepted,JEFFERSON,,650,MADELON,CT,,,,,,,,38.251294732,-85.809090333,0.103,10/11/2021 12:00:00 AM,1315,2,2,0,0,CLEAR,DRY,True,VEHICLE BACKING NON INTERSECTION,BACKING,STRAIGHT & LEVEL,DAYLIGHT,,,10/12/2021 8:55:02 AM,False,5388,Accepted,
28882614,0568000,LOUISVILLE METRO POLICE DEPT,Accepted,JEFFERSON,,,MALCOLM,RD,,,SANDERS,,,,,38.178358822,-85.810397655,0.181,10/11/2021 12:00:00 AM,1111,2,2,0,0,CLEAR,DRY,False,ANGLE COLLISION - OTHER,ANGLE,STRAIGHT & LEVEL,DAYLIGHT,,,10/12/2021 8:55:05 AM,False,7022,Accepted,
28882623,0568000,LOUISVILLE METRO POLICE DEPT,Accepted,JEFFERSON,KY0864,,FEGENBUSH,LN,,KY1747,FERN VALLEY,,,,,38.161148651,-85.640786275,6.595,10/11/2021 12:00:00 AM,0729,2,2,0,1,CLEAR,DRY,False,OPPOSING LEFT TURN,OPPOSING LEFT TURN,STRAIGHT & LEVEL,DAYLIGHT,,,10/12/2021 8:55:47 AM,False,7272,Accepted,
28882631,0568000,LOUISVILLE METRO POLICE DEPT,Accepted,JEFFERSON,KY1747,,FERN VALLEY,RD,,KY0061,PRESTON,,,,,38.157218736,-85.696146874,1.900,10/11/2021 12:00:00 AM,1636,2,2,0,0,CLEAR,DRY,False,OPPOSING LEFT TURN,OPPOSING LEFT TURN,STRAIGHT & LEVEL,DAYLIGHT,,,10/12/2021 8:55:57 AM,False,5314,Accepted,
28882655,0568000,LOUISVILLE METRO POLICE DEPT,Accepted,JEFFERSON,KY1727,,TERRY,RD,,,,,,,,38.174771182,-85.864241574,3.783,10/11/2021 12:00:00 AM,1839,2,2,0,0,CLOUDY,DRY,False,REAR END IN TRAFFIC LANES BOTH VEHICLES MOVING,REAR END,STRAIGHT & LEVEL,DAYLIGHT,,,10/12/2021 8:56:24 AM,False,7234,Accepted,
28882662,0568000,LOUISVILLE METRO POLICE DEPT,Accepted,JEFFERSON,KY2860,,GRINSTEAD,DR,,US0060A,CHEROKEE,,,,,38.243316420,-85.705330088,0.978,10/11/2021 12:00:00 AM,1915,1,1,0,0,CLEAR,DRY,False,COLLISION WITH FIXED OBJECT IN INTERSECTION - FIRST EVENT COLLISION 09 - 32,SINGLE VEHICLE,CURVE & LEVEL,DAYLIGHT,,,10/12/2021 8:56:32 AM,False,7012,Accepted,
28882637,0568000,LOUISVILLE METRO POLICE DEPT,Accepted,JEFFERSON,US0031W,9070,DIXIE,HWY,,,,,,,,38.124789309,-85.852679235,10.045,10/11/2021 12:00:00 AM,0337,3,3,0,1,CLOUDY,DRY,False,SIDESWIPE COLLISION - SAME DIRECTION,SIDESWIPE-SAME DIRECTION,STRAIGHT & LEVEL,DARK-HWY LIGHTED/ON,,,10/12/2021 8:56:04 AM,False,2217,Accepted,
28882648,0568000,LOUISVILLE METRO POLICE DEPT,Accepted,JEFFERSON,KY1865,,NEW CUT,RD,,,,,,,,38.143657622,-85.774802257,2.518,10/11/2021 12:00:00 AM,1545,2,2,0,0,CLEAR,DRY,True,COLLISION IN PARKING LOT,SIDESWIPE-SAME DIRECTION,STRAIGHT & LEVEL,DAYLIGHT,,,10/12/2021 8:56:16 AM,False,5400,Accepted,
28898081,0568000,LOUISVILLE METRO POLICE DEPT,Accepted,JEFFERSON,,,BASHFORD MANOR,LN,,,PARAGON,,,,,38.196767337,-85.676479188,0.778,10/11/2021 12:00:00 AM,2036,2,2,0,1,CLOUDY,FLOODED,False,ANGLE COLLISION - OTHER,ANGLE,STRAIGHT & LEVEL,DARK-HWY LIGHTED/ON,,,10/13/2021 8:21:21 AM,False,5322,Accepted,
28898079,0568000,LOUISVILLE METRO POLICE DEPT,Accepted,JEFFERSON,,,11TH,ST,S,,,,7TH,,BRASHEAR,38.223644806,-85.774642456,2.010,10/11/2021 12:00:00 AM,1340,2,2,0,0,CLEAR,DRY,False,SIDESWIPE COLLISION - SAME DIRECTION,SIDESWIPE-SAME DIRECTION,STRAIGHT & LEVEL,DAYLIGHT,,,10/13/2021 8:21:16 AM,False,2469,Accepted,
28902434,0568000,LOUISVILLE METRO POLICE DEPT,Accepted,JEFFERSON,,,KNOLL GATE,RD,,,RUNDILL,,,,,38.162530602,-85.780387352,0.100,10/10/2021 12:00:00 AM,1905,2,1,0,1,CLOUDY,DRY,False,COLLISION WITH PEDESTRIAN IN INTERSECTION,SINGLE VEHICLE,STRAIGHT & GRADE,DUSK,,,10/14/2021 8:12:43 AM,False,5402,Accepted,
28898057,0568000,LOUISVILLE METRO POLICE DEPT,Accepted,JEFFERSON,,,RIVER,RD,,,,,WITHERSPOON,,ADAMS,38.261935019,-85.735797035,0.645,10/10/2021 12:00:00 AM,1810,2,2,0,0,CLEAR,DRY,False,SIDESWIPE COLLISION - SAME DIRECTION,SIDESWIPE-SAME DIRECTION,STRAIGHT & LEVEL,DAYLIGHT,,,10/13/2021 8:18:51 AM,False,7058,Accepted,
28854903,0568000,LOUISVILLE METRO POLICE DEPT,Accepted,JEFFERSON,KY0061,7304,PRESTON,HWY,,,,,,,,38.145442305,-85.690641231,4.479,10/10/2021 12:00:00 AM,0251,1,1,0,0,CLEAR,DRY,False,COLLISION IN PARKING LOT,SINGLE VEHICLE,STRAIGHT & LEVEL,DARK-HWY LIGHTED/ON,,,10/11/2021 8:29:14 AM,False,5264,Accepted,
28854902,0568000,LOUISVILLE METRO POLICE DEPT,Accepted,JEFFERSON,KY0061,,PRESTON,HWY,,,FERN VALLEY,,,,,38.153757268,-85.695243556,5.105,10/10/2021 12:00:00 AM,0018,2,2,0,0,CLEAR,DRY,True,SIDESWIPE-SAME DIRECTION,SIDESWIPE-SAME DIRECTION,STRAIGHT & LEVEL,DARK-HWY LIGHTED/ON,,,10/11/2021 8:29:06 AM,False,5264,Accepted,
28854888,0568000,LOUISVILLE METRO POLICE DEPT,Accepted,JEFFERSON,,,SHERWOOD,AVE,,US0031E,BARDSTOWN,,,,,38.231688891,-85.708402786,0.177,10/10/2021 12:00:00 AM,2126,2,2,0,0,CLEAR,DRY,False,OTHER INTERSECTION COLLISIONS,REAR END,STRAIGHT & LEVEL,DARK-HWY LIGHTED/ON,,,10/11/2021 8:28:07 AM,False,5195,Accepted,
28854894,0568000,LOUISVILLE METRO POLICE DEPT,Accepted,JEFFERSON,US0042,2400,BROWNSBORO,RD,,,,,,,,38.258302691,-85.701609858,1.861,10/10/2021 12:00:00 AM,1946,2,1,0,0,CLEAR,DRY,True,COLLISION WITH PEDESTRIAN NON - INTERSECTION,SINGLE VEHICLE,STRAIGHT & LEVEL,DAYLIGHT,,,10/11/2021 8:28:34 AM,False,5405,Accepted,
28854878,0568000,LOUISVILLE METRO POLICE DEPT,Accepted,JEFFERSON,I 0065,,I65 S COLLECTOR DISTRIBUTOR,,,I 0064,I64 W RAMP TO I65,,,,,38.259312517,-85.742268708,1.013,10/10/2021 12:00:00 AM,1243,1,1,0,3,CLEAR,DRY,False,OTHER INTERSECTION COLLISIONS,SINGLE VEHICLE,STRAIGHT & LEVEL,DAYLIGHT,,,10/11/2021 8:27:08 AM,False,5385,Accepted,
28854886,0568000,LOUISVILLE METRO POLICE DEPT,Accepted,JEFFERSON,,7500,TANGELO,DR,,,,,,,,38.147328342,-85.627494938,0.034,10/10/2021 12:00:00 AM,2030,1,1,0,0,CLEAR,DRY,False,COLLISION WITH FIXED OBJECT NON - INTERSECTION - FIRST EVENT COLLISION 09 - 32 EXCLUDING 16,SINGLE VEHICLE,CURVE & LEVEL,DARK-HWY NOT LIGHTED,,,10/11/2021 8:28:00 AM,False,5198,Accepted,
28854885,0568000,LOUISVILLE METRO POLICE DEPT,Accepted,JEFFERSON,,,ST CATHERINE,ST,W,,15TH,,,,,38.239366300,-85.777949973,0.845,10/10/2021 12:00:00 AM,1309,2,2,0,0,CLEAR,DRY,False,ANGLE COLLISION - OTHER,ANGLE,STRAIGHT & LEVEL,DAYLIGHT,,,10/11/2021 8:27:56 AM,False,7381,Accepted,
28854897,0568000,LOUISVILLE METRO POLICE DEPT,Accepted,JEFFERSON,I 0071,,I71 N,,,,,,,,,38.318534879,-85.569530313,9.821,10/10/2021 12:00:00 AM,1959,1,1,0,0,CLEAR,DRY,True,1 VEHICLE PARKED POSITION (NOT PARKING LOT/DRIVEWAY),SINGLE VEHICLE,STRAIGHT & LEVEL,DARK-HWY LIGHTED/ON,,,10/11/2021 8:28:45 AM,False,5056,Accepted,
28854862,0568000,LOUISVILLE METRO POLICE DEPT,Accepted,JEFFERSON,KY0061,,PRESTON,ST,S,,BARBEE,,,,,38.218819647,-85.747078236,10.564,10/10/2021 12:00:00 AM,0400,2,2,0,1,CLEAR,DRY,False,ANGLE COLLISION - OTHER,ANGLE,STRAIGHT & LEVEL,DARK-HWY LIGHTED/ON,,,10/11/2021 8:26:24 AM,False,5131,Accepted,
28854852,0568000,LOUISVILLE METRO POLICE DEPT,Accepted,JEFFERSON,I 0065,,I65 N,,,I 0065,I65 N EXIT133A OFF RAMP TO  EASTERN PKWY,,,,,38.210669373,-85.752977934,132.799,10/10/2021 12:00:00 AM,0153,1,1,0,1,CLEAR,DRY,False,COLLISION WITH FIXED OBJECT IN INTERSECTION - FIRST EVENT COLLISION 09 - 32,SINGLE VEHICLE,CURVE & GRADE,DARK-HWY LIGHTED/ON,,,10/11/2021 8:26:04 AM,False,5204,Accepted,
28920518,0568000,LOUISVILLE METRO POLICE DEPT,Accepted,JEFFERSON,KY1020,,3RD,ST,S,,ORMSBY,,,,,38.232708999,-85.759104639,11.168,10/10/2021 12:00:00 AM,1824,2,2,0,0,CLEAR,DRY,False,SIDESWIPE-SAME DIRECTION,SIDESWIPE-SAME DIRECTION,STRAIGHT & LEVEL,DAYLIGHT,,,10/19/2021 8:09:03 AM,False,7495,Accepted,
28920516,0568000,LOUISVILLE METRO POLICE DEPT,Accepted,JEFFERSON,KY2048,,CANNONS,LN,,,WILLIS,,,,,38.246313058,-85.664288193,2.088,10/10/2021 12:00:00 AM,2043,2,2,0,0,CLEAR,DRY,False,ANGLE COLLISION - OTHER,ANGLE,STRAIGHT & LEVEL,DARK-HWY LIGHTED/ON,,,10/19/2021 8:08:42 AM,False,7544,Accepted,
29127441,0568000,LOUISVILLE METRO POLICE DEPT,Accepted,JEFFERSON,,,4TH,ST,S,,CENTRAL,,,,,38.205142964,-85.765569886,3.586,10/10/2021 12:00:00 AM,1204,2,2,0,0,CLEAR,DRY,True,ANGLE COLLISION - OTHER,ANGLE,STRAIGHT & LEVEL,DAYLIGHT,,,10/28/2021 8:13:01 AM,False,7251,Accepted,
29601861,0568000,LOUISVILLE METRO POLICE DEPT,Accepted,JEFFERSON,KY1142,1000,PALATKA,RD,,,,,,,,38.152302109,-85.787343474,0.836,10/10/2021 12:00:00 AM,0301,2,2,1,1,CLEAR,DRY,False,HEAD-ON COLLISION,HEAD ON,STRAIGHT & GRADE,DARK-HWY LIGHTED/ON,,,1/19/2022 8:16:54 AM,False,2217,Accepted,
28943152,0568000,LOUISVILLE METRO POLICE DEPT,Accepted,JEFFERSON,KY1450,9304,BLUE LICK,RD,,,,,,,,38.113856689,-85.689496071,2.003,10/10/2021 12:00:00 AM,1251,1,1,1,0,CLEAR,DRY,False,COLLISION IN PARKING LOT,SINGLE VEHICLE,STRAIGHT & LEVEL,DAYLIGHT,,,10/25/2021 8:45:05 AM,False,7751,Accepted,
28854874,0568000,LOUISVILLE METRO POLICE DEPT,Accepted,JEFFERSON,I 0065,,I65 S,,,,,,,,,38.166673458,-85.720927393,128.933,10/10/2021 12:00:00 AM,0915,2,2,0,0,CLEAR,DRY,False,SIDESWIPE COLLISION - SAME DIRECTION,SIDESWIPE-SAME DIRECTION,STRAIGHT & LEVEL,DAYLIGHT,,,10/11/2021 8:26:50 AM,False,5351,Accepted,
28854875,0568000,LOUISVILLE METRO POLICE DEPT,Accepted,JEFFERSON,I 0265,,,,,,,,,,,38.295772234,-85.547828503,0.223,10/10/2021 12:00:00 AM,1550,1,1,0,1,CLEAR,DRY,False,OTHER RAMP RELATED COLLISIONS NOT LISTED ABOVE,SINGLE VEHICLE,CURVE & GRADE,DAYLIGHT,KY1447,I 0265,10/11/2021 8:26:54 AM,False,2346,Accepted,
28854876,0568000,LOUISVILLE METRO POLICE DEPT,Accepted,JEFFERSON,,7910,ANNELLA,WAY,,,,,,,,38.134445506,-85.670867518,0.094,10/10/2021 12:00:00 AM,1609,2,2,0,0,CLEAR,DRY,False,VEHICLE BACKING NON INTERSECTION,BACKING,STRAIGHT & LEVEL,DAYLIGHT,,,10/11/2021 8:26:59 AM,False,5000,Accepted,
28854882,0568000,LOUISVILLE METRO POLICE DEPT,Accepted,JEFFERSON,US0060A,,WINKLER,AVE,,,,,,,,38.210507075,-85.766306847,2.974,10/10/2021 12:00:00 AM,1648,1,1,0,1,CLEAR,DRY,False,COLLISION WITH FIXED OBJECT NON - INTERSECTION - FIRST EVENT COLLISION 09 - 32 EXCLUDING 16,SINGLE VEHICLE,STRAIGHT & LEVEL,DAYLIGHT,,,10/11/2021 8:27:44 AM,False,5180,Accepted,
28854883,0568000,LOUISVILLE METRO POLICE DEPT,Accepted,JEFFERSON,,,FEGENBUSH,LN,,,,,,,,38.167387602,-85.640300159,1.377,10/10/2021 12:00:00 AM,1138,2,2,0,2,CLEAR,DRY,False,OTHER ROADWAY OR MID-BLOCK COLLISION,REAR END,STRAIGHT & LEVEL,DAYLIGHT,,,10/11/2021 8:27:47 AM,False,7864,Accepted,
28854884,0568000,LOUISVILLE METRO POLICE DEPT,Accepted,JEFFERSON,,,34TH,ST,S,,DUMESNIL,,,,,38.237678336,-85.810504615,1.725,10/10/2021 12:00:00 AM,0747,2,2,0,0,CLEAR,DRY,False,ANGLE COLLISION - OTHER,ANGLE,STRAIGHT & LEVEL,DAWN,,,10/11/2021 8:27:51 AM,False,7381,Accepted,
28854891,0568000,LOUISVILLE METRO POLICE DEPT,Accepted,JEFFERSON,KY1819,10107,SEATONVILLE,RD,,,,,,,,38.132144660,-85.516890851,2.917,10/10/2021 12:00:00 AM,1849,2,2,0,3,CLEAR,DRY,False,OTHER ROADWAY OR MID-BLOCK COLLISION,OPPOSING LEFT TURN,STRAIGHT & GRADE,DUSK,,,10/11/2021 8:28:14 AM,False,5342,Accepted,
28854881,0568000,LOUISVILLE METRO POLICE DEPT,Accepted,JEFFERSON,I 0264,,I264 W,,,,,,,,,38.189571820,-85.777697187,9.550,10/10/2021 12:00:00 AM,1503,3,3,0,0,CLEAR,DRY,False,REAR END IN TRAFFIC LANES BOTH VEHICLES MOVING,REAR END,STRAIGHT & LEVEL,DAYLIGHT,,,10/11/2021 8:27:39 AM,False,5180,Accepted,
28854893,0568000,LOUISVILLE METRO POLICE DEPT,Accepted,JEFFERSON,KY0061,,PRESTON,ST,S,CS1015G,BRECKINRIDGE,,,,,38.240587110,-85.748357387,11.925,10/10/2021 12:00:00 AM,2220,2,2,0,0,CLEAR,DRY,False,1 VEHICLE PARKED POSITION (NOT PARKING LOT/DRIVEWAY),REAR END,STRAIGHT & LEVEL,DARK-HWY LIGHTED/ON,,,10/11/2021 8:28:30 AM,False,5371,Accepted,
28882676,0568000,LOUISVILLE METRO POLICE DEPT,Accepted,JEFFERSON,,,BARRET,AVE,,US0150,BROADWAY,,,,,38.244261774,-85.733950800,0.320,10/10/2021 12:00:00 AM,0229,2,2,0,0,CLEAR,DRY,False,ANGLE COLLISION - OTHER,ANGLE,STRAIGHT & LEVEL,DARK-HWY LIGHTED/ON,,,10/12/2021 8:56:46 AM,False,7488,Accepted,
28882682,0568000,LOUISVILLE METRO POLICE DEPT,Accepted,JEFFERSON,I 0265,,I265 S,,,,,I 0064,I265 S EXIT25A RAMP TO I64 E,I 0064,I265 S EXIT25A RAMP TO I64 E,38.223191176,-85.505624500,25.476,10/10/2021 12:00:00 AM,1732,2,2,0,0,CLEAR,DRY,False,SIDESWIPE COLLISION - SAME DIRECTION,SIDESWIPE-SAME DIRECTION,STRAIGHT & LEVEL,DAYLIGHT,,,10/12/2021 8:56:55 AM,False,7751,Accepted,
28854856,0568000,LOUISVILLE METRO POLICE DEPT,Accepted,JEFFERSON,US0031W,1020,MARKET,ST,W,,,,,,,38.256345293,-85.766895683,21.271,10/10/2021 12:00:00 AM,0621,3,1,0,0,CLEAR,DRY,True,COLLISION WITH BICYCLIST NON INTERSECTION,SINGLE VEHICLE,STRAIGHT & LEVEL,DARK-HWY LIGHTED/ON,,,10/11/2021 8:26:14 AM,False,7386,Accepted,
28854873,0568000,LOUISVILLE METRO POLICE DEPT,Accepted,JEFFERSON,KY0913,,BLANKENBAKER,PKWY,,,,,,,,38.200562396,-85.538308260,1.240,10/10/2021 12:00:00 AM,1040,2,2,0,0,CLEAR,DRY,False,SIDESWIPE COLLISION - SAME DIRECTION,SIDESWIPE-SAME DIRECTION,CURVE & GRADE,DAYLIGHT,,,10/11/2021 8:26:47 AM,False,6532,Accepted,