IncidentID,AgencyORI,AgencyName,IncidentStatusDesc,County,RdwyNumber,Street,RoadwayName,StreetSfx,StreetDir,IntersectionRdwy,IntersectionRdwyName,BetweenStRdwy1,BetweenStRdwyName1,BetweenStRdwy2,BetweenStRdwyName2,Latitude,Longitude,Milepoint,CollisionDate,CollisionTime,UnitsInvolved,MotorVehiclesInvolved,NumberKilled,NumberInjured,Weather,RdwyConditionCode,HitandRun,DirAnalysisCode,MannerofCollision,RdwyCharacter,LightCondition,RampFromRdwyId,RampToRdwyId,AcceptedDate,IsSecondaryCollision,OwnerBadge,IncidentStatus,
28854849,0568000,LOUISVILLE METRO POLICE DEPT,Accepted,JEFFERSON,,,4TH,ST,S,,BLOOM,,,,,38.222261152,-85.762611327,2.393,10/9/2021 12:00:00 AM,1927,4,4,0,0,CLEAR,DRY,False,COLLISION WITH PARKED VEHICLE,SIDESWIPE-SAME DIRECTION,STRAIGHT & LEVEL,DARK-HWY LIGHTED/ON,,,10/11/2021 8:25:59 AM,False,5267,Accepted,
28854865,0568000,LOUISVILLE METRO POLICE DEPT,Accepted,JEFFERSON,KY0061,9800,PRESTON,HWY,,,,,,,,38.093077788,-85.669382630,0.671,10/9/2021 12:00:00 AM,1104,3,3,0,0,CLEAR,DRY,False,1 VEHICLE ENTERING/LEAVING ENTRANCE,ANGLE,STRAIGHT & LEVEL,DAYLIGHT,,,10/11/2021 8:26:28 AM,False,7799,Accepted,
28854800,0568000,LOUISVILLE METRO POLICE DEPT,Accepted,JEFFERSON,,,GLOBAL,DR,,KY1934,GREENBELT,,,,,38.139529021,-85.887589096,0.008,10/9/2021 12:00:00 AM,0848,3,3,0,0,FOG,DRY,False,ANGLE COLLISION - ONE VEHICLE TURNING LEFT,ANGLE,CURVE & LEVEL,DAYLIGHT,,,10/11/2021 8:23:41 AM,False,2021,Accepted,
28854826,0568000,LOUISVILLE METRO POLICE DEPT,Accepted,JEFFERSON,,,SOUTHERN,PKWY,,,BURKLEY,,,,,38.179885365,-85.770974495,0.192,10/9/2021 12:00:00 AM,0438,2,2,0,0,CLEAR,DRY,False,OPPOSITE DIRECTION - BOTH VEHICLES GOING STRAIGHT AHEAD,SIDESWIPE-OPPOSITE DIRECTION,CURVE & LEVEL,DARK-HWY LIGHTED/ON,,,10/11/2021 8:25:22 AM,False,5249,Accepted,
28854834,0568000,LOUISVILLE METRO POLICE DEPT,Accepted,JEFFERSON,US0031W,8035,DIXIE,HWY,,,,,,,,38.134501973,-85.845011183,10.889,10/9/2021 12:00:00 AM,2324,1,1,0,0,CLEAR,DRY,False,COLLISION WITH FIXED OBJECT NON - INTERSECTION - FIRST EVENT COLLISION 09 - 32 EXCLUDING 16,SINGLE VEHICLE,STRAIGHT & LEVEL,DARK-HWY NOT LIGHTED,,,10/11/2021 8:25:37 AM,False,5121,Accepted,
28854842,0568000,LOUISVILLE METRO POLICE DEPT,Accepted,JEFFERSON,US0031W,,DIXIE,HWY,,,PARALEE,,,,,38.133124090,-85.845974371,10.763,10/9/2021 12:00:00 AM,2205,5,5,0,3,CLEAR,DRY,True,OPPOSING LEFT TURN,OPPOSING LEFT TURN,STRAIGHT & LEVEL,DARK-HWY LIGHTED/ON,,,10/11/2021 8:25:48 AM,False,7365,Accepted,
28854814,0568000,LOUISVILLE METRO POLICE DEPT,Accepted,JEFFERSON,,16901,AIKEN,RD,,,,,,,,38.266425408,-85.456836596,4.304,10/9/2021 12:00:00 AM,0813,2,2,0,1,CLEAR,DRY,False,HEAD-ON COLLISION,HEAD ON,CURVE & GRADE,DAYLIGHT,,,10/11/2021 8:24:40 AM,True,6532,Accepted,
28854815,0568000,LOUISVILLE METRO POLICE DEPT,Accepted,JEFFERSON,US0031W,,MAIN,ST,W,,,,5TH,,6TH,38.256906642,-85.759288356,21.780,10/9/2021 12:00:00 AM,1140,2,2,0,0,CLEAR,DRY,False,SIDESWIPE COLLISION - SAME DIRECTION,SIDESWIPE-SAME DIRECTION,STRAIGHT & LEVEL,DAYLIGHT,,,10/11/2021 8:24:44 AM,False,7805,Accepted,
28854816,0568000,LOUISVILLE METRO POLICE DEPT,Accepted,JEFFERSON,,8402,SHEPHERDSVILLE,RD,,,,,,,,38.124678951,-85.666055069,1.119,10/9/2021 12:00:00 AM,1534,2,2,0,0,CLEAR,DRY,False,1 VEHICLE ENTERING/LEAVING ENTRANCE,ANGLE,STRAIGHT & LEVEL,DAYLIGHT,,,10/11/2021 8:24:48 AM,False,2547,Accepted,
28854822,0568000,LOUISVILLE METRO POLICE DEPT,Accepted,JEFFERSON,US0031E,,BARDSTOWN,RD,,,BASHFORD MANOR,,,,,38.202956557,-85.664387235,11.343,10/9/2021 12:00:00 AM,1418,2,2,0,0,CLEAR,DRY,False,ANGLE COLLISION - OTHER,ANGLE,STRAIGHT & LEVEL,DAYLIGHT,,,10/11/2021 8:25:09 AM,False,7864,Accepted,
28854823,0568000,LOUISVILLE METRO POLICE DEPT,Accepted,JEFFERSON,,,VIRGINIA,AVE,,,34TH,,,,,38.238985224,-85.810265732,0.768,10/9/2021 12:00:00 AM,1840,3,3,0,4,CLEAR,DRY,False,ANGLE COLLISION - OTHER,ANGLE,STRAIGHT & LEVEL,DAYLIGHT,,,10/11/2021 8:25:14 AM,False,7538,Accepted,
28854831,0568000,LOUISVILLE METRO POLICE DEPT,Accepted,JEFFERSON,KY1703,,NEWBURG,RD,,,INDIAN,,,,,38.184620834,-85.665339716,0.501,10/9/2021 12:00:00 AM,2310,2,2,0,0,CLEAR,DRY,True,ANGLE COLLISION - OTHER,ANGLE,STRAIGHT & LEVEL,DARK-HWY LIGHTED/ON,,,10/11/2021 8:25:33 AM,False,5299,Accepted,
28854791,0568000,LOUISVILLE METRO POLICE DEPT,Accepted,JEFFERSON,KY2251,3603,BARDSTOWN,RD,,,,,,,,38.200113628,-85.662049781,1.155,10/9/2021 12:00:00 AM,0155,2,2,0,0,CLEAR,DRY,False,OTHER ROADWAY OR MID-BLOCK COLLISION,REAR END,STRAIGHT & LEVEL,DARK-HWY LIGHTED/ON,,,10/11/2021 8:22:54 AM,False,5239,Accepted,
28854797,0568000,LOUISVILLE METRO POLICE DEPT,Accepted,JEFFERSON,KY2056,,BELLS,LN,,I 0264,I264 E EXIT4 ON RAMP FROM KY2056,,,,,38.222829845,-85.822665505,1.017,10/9/2021 12:00:00 AM,0856,2,2,0,0,CLEAR,DRY,False,ANGLE COLLISION - OTHER,ANGLE,STRAIGHT & LEVEL,DAYLIGHT,,,10/11/2021 8:23:23 AM,False,5161,Accepted,
28854807,0568000,LOUISVILLE METRO POLICE DEPT,Accepted,JEFFERSON,KY1065,,OUTER,LOOP,,,SMYRNA,,,,,38.138023511,-85.641877500,8.510,10/9/2021 12:00:00 AM,0924,2,2,0,2,CLEAR,DRY,False,OPPOSING LEFT TURN,OPPOSING LEFT TURN,STRAIGHT & LEVEL,DAYLIGHT,,,10/11/2021 8:24:10 AM,False,7755,Accepted,
28854808,0568000,LOUISVILLE METRO POLICE DEPT,Accepted,JEFFERSON,US0031E,900B,MARKET,ST,E,,,,,,,38.252781042,-85.734244257,16.728,10/9/2021 12:00:00 AM,1136,2,2,0,1,CLEAR,DRY,False,SIDESWIPE COLLISION - SAME DIRECTION,SIDESWIPE-SAME DIRECTION,STRAIGHT & LEVEL,DAYLIGHT,,,10/11/2021 8:24:15 AM,False,5385,Accepted,
28854801,0568000,LOUISVILLE METRO POLICE DEPT,Accepted,JEFFERSON,US0060,,SHELBYVILLE,RD,,,MOSER,,,,,38.245057152,-85.559232247,8.826,10/9/2021 12:00:00 AM,0915,2,2,0,0,CLEAR,DRY,False,ANGLE COLLISION - ONE VEHICLE TURNING LEFT,ANGLE,STRAIGHT & LEVEL,DAYLIGHT,,,10/11/2021 8:23:45 AM,False,2013,Accepted,
28854809,0568000,LOUISVILLE METRO POLICE DEPT,Accepted,JEFFERSON,US0031W,,DIXIE,HWY,,,,KY0044,KY44 TURN LANE,US0031W,DIXIE,38.022633107,-85.917078113,2.001,10/9/2021 12:00:00 AM,1327,2,2,0,1,CLEAR,DRY,False,1 VEHICLE ENTERING/LEAVING ENTRANCE,ANGLE,CURVE & LEVEL,DAYLIGHT,,,10/11/2021 8:24:19 AM,False,2021,Accepted,
28855075,0564500,PROSPECT POLICE DEPARTMENT,Accepted,JEFFERSON,,,RIVER,RD,,,,,JUNIPER BEACH,,LIME KILN,38.320186351,-85.645252456,4.047,10/9/2021 12:00:00 AM,0709,1,1,0,0,FOG,DRY,False,COLLISION WITH ANIMAL NON INTERSECTION,SINGLE VEHICLE,STRAIGHT & LEVEL,DARK-HWY NOT LIGHTED,,,10/11/2021 9:13:13 AM,False,1143,Accepted,
28854901,0568000,LOUISVILLE METRO POLICE DEPT,Accepted,JEFFERSON,KY1747,,FERN VALLEY,RD,,I 0065,I65 S EXIT128 OFF RAMP TO KY1631,,,,,38.157909286,-85.721625639,0.587,10/9/2021 12:00:00 AM,0630,2,2,0,0,CLEAR,DRY,True,OTHER INTERSECTION COLLISIONS,REAR END,STRAIGHT & LEVEL,DARK-HWY LIGHTED/ON,,,10/11/2021 8:29:01 AM,False,5264,Accepted,
28882610,0568000,LOUISVILLE METRO POLICE DEPT,Accepted,JEFFERSON,US0031,,CLARK MEMORIAL,BRG,,,,,,,,38.261466675,-85.752174644,0.366,10/9/2021 12:00:00 AM,1814,2,2,0,0,CLEAR,DRY,False,REAR END IN TRAFFIC LANES BOTH VEHICLES MOVING,REAR END,STRAIGHT & LEVEL,DAYLIGHT,,,10/12/2021 8:54:47 AM,False,7805,Accepted,
28882634,0568000,LOUISVILLE METRO POLICE DEPT,Accepted,JEFFERSON,,,15TH,ST,S,,CHESTNUT,,,,,38.250972497,-85.776113505,1.772,10/9/2021 12:00:00 AM,1631,2,2,0,2,CLEAR,DRY,False,ANGLE COLLISION - OTHER,ANGLE,STRAIGHT & LEVEL,DAYLIGHT,,,10/12/2021 8:56:01 AM,False,2217,Accepted,
28851773,0566900,LOUISVILLE AIRPORT POLICE,Accepted,JEFFERSON,,4500,TOLL PLAZA,RD,,,,,,,,38.187832195,-85.740422890,0.038,10/9/2021 12:00:00 AM,0900,2,2,0,0,CLEAR,DRY,False,COLLISION IN PARKING LOT,BACKING,STRAIGHT & LEVEL,DAYLIGHT,,,10/10/2021 7:30:37 AM,False,5861,Accepted,
28906841,0568000,LOUISVILLE METRO POLICE DEPT,Accepted,JEFFERSON,,4101,ROXBURY,RD,,,,,,,,38.199539762,-85.639345628,0.029,10/9/2021 12:00:00 AM,1151,2,2,0,0,CLEAR,DRY,False,VEHICLE BACKING NON INTERSECTION,BACKING,STRAIGHT & LEVEL,DAYLIGHT,,,10/15/2021 7:15:17 AM,False,5351,Accepted,
28854802,0568000,LOUISVILLE METRO POLICE DEPT,Accepted,JEFFERSON,KY0841,,GENE SNYDER,FWY,,,,,,,,38.321549643,-85.614727060,36.574,10/9/2021 12:00:00 AM,0946,2,2,0,1,CLEAR,DRY,True,SIDESWIPE COLLISION - SAME DIRECTION,SIDESWIPE-SAME DIRECTION,STRAIGHT & GRADE,DAYLIGHT,,,10/11/2021 8:23:49 AM,False,2346,Accepted,
28854810,0568000,LOUISVILLE METRO POLICE DEPT,Accepted,JEFFERSON,,2601,CYPRESS,ST,,,,,,,,38.224207553,-85.800167644,0.955,10/9/2021 12:00:00 AM,1421,2,2,0,1,CLEAR,DRY,False,1 VEHICLE ENTERING/LEAVING ENTRANCE,ANGLE,STRAIGHT & LEVEL,DAYLIGHT,,,10/11/2021 8:24:25 AM,False,5355,Accepted,
28854818,0568000,LOUISVILLE METRO POLICE DEPT,Accepted,JEFFERSON,KY1931,,MANSLICK,RD,,,,,,,,38.155416708,-85.801948960,5.487,10/9/2021 12:00:00 AM,1726,2,2,0,2,CLEAR,DRY,False,1 VEHICLE ENTERING/LEAVING ENTRANCE,ANGLE,STRAIGHT & LEVEL,DAYLIGHT,,,10/11/2021 8:24:55 AM,False,7244,Accepted,
28854819,0568000,LOUISVILLE METRO POLICE DEPT,Accepted,JEFFERSON,,,ST CATHERINE,ST,W,,GARVIN,,,,,38.237399187,-85.761599254,0.367,10/9/2021 12:00:00 AM,1420,2,1,0,1,CLEAR,DRY,False,COLLISION WITH BICYCLE IN INTERSECTION,SINGLE VEHICLE,STRAIGHT & LEVEL,DAYLIGHT,,,10/11/2021 8:24:58 AM,False,5186,Accepted,
28854828,0568000,LOUISVILLE METRO POLICE DEPT,Accepted,JEFFERSON,,,DENNY CRUM OVERPASS,,,,2ND,,,,,38.204565611,-85.763260117,0.039,10/9/2021 12:00:00 AM,2022,2,2,0,2,CLEAR,DRY,False,HEAD-ON COLLISION,HEAD ON,STRAIGHT & LEVEL,DARK-HWY LIGHTED/ON,,,10/11/2021 8:25:25 AM,False,5387,Accepted,
28854836,0568000,LOUISVILLE METRO POLICE DEPT,Accepted,JEFFERSON,,6470,LADD,AVE,,,,,,,,38.190060866,-85.862423222,0.169,10/9/2021 12:00:00 AM,2249,3,3,0,0,CLEAR,DRY,True,1 VEHICLE PARKED POSITION (NOT PARKING LOT/DRIVEWAY),SIDESWIPE-SAME DIRECTION,STRAIGHT & LEVEL,DARK-HWY NOT LIGHTED,,,10/11/2021 8:25:41 AM,False,5325,Accepted,
28920512,0568000,LOUISVILLE METRO POLICE DEPT,Accepted,JEFFERSON,US0031E,,BARDSTOWN,RD,,,,,,,,38.208432171,-85.668792864,11.759,10/9/2021 12:00:00 AM,1500,2,2,0,2,CLEAR,DRY,False,SIDESWIPE COLLISION - OPPOSITE DIRECTION,SIDESWIPE-OPPOSITE DIRECTION,STRAIGHT & LEVEL,DAYLIGHT,,,10/19/2021 8:07:53 AM,False,5351,Accepted,
29141448,0568000,LOUISVILLE METRO POLICE DEPT,Accepted,JEFFERSON,,BLG 14,BRASHEAR,DR,,,,,,,,38.225429154,-85.775653706,0.129,10/9/2021 12:00:00 AM,1201,1,1,0,0,CLEAR,DRY,True,COLLISION WITH PEDESTRIAN NON - INTERSECTION,SINGLE VEHICLE,STRAIGHT & LEVEL,DARK-HWY LIGHTED/ON,,,10/29/2021 7:41:59 AM,False,5232,Accepted,
29178316,0568000,LOUISVILLE METRO POLICE DEPT,Accepted,JEFFERSON,,,BARRET,AVE,,US0060A,EASTERN,,,,,38.226502853,-85.720420799,1.759,10/9/2021 12:00:00 AM,0110,2,2,1,0,CLEAR,DRY,False,COLLISION WITH PARKED VEHICLE,REAR END,STRAIGHT & LEVEL,DARK-HWY LIGHTED/ON,,,11/3/2021 8:22:26 AM,False,2308,Accepted,
28854854,0568000,LOUISVILLE METRO POLICE DEPT,Accepted,JEFFERSON,,2940,HALE,AVE,,,,,,,,38.239750127,-85.801997043,1.300,10/9/2021 12:00:00 AM,1130,1,1,0,0,CLEAR,DRY,False,COLLISION WITH FIXED OBJECT NON - INTERSECTION - FIRST EVENT COLLISION 09 - 32 EXCLUDING 16,SINGLE VEHICLE,STRAIGHT & GRADE,DARK-HWY LIGHTED/ON,,,10/11/2021 8:26:07 AM,False,5362,Accepted,
28854860,0568000,LOUISVILLE METRO POLICE DEPT,Accepted,JEFFERSON,,,4TH,ST,S,,HILL,,,,,38.226001872,-85.761926380,2.132,10/9/2021 12:00:00 AM,1954,2,2,0,0,CLEAR,DRY,False,SIDESWIPE-SAME DIRECTION,SIDESWIPE-SAME DIRECTION,STRAIGHT & LEVEL,DARK-HWY LIGHTED/ON,,,10/11/2021 8:26:19 AM,False,5131,Accepted,
28854887,0568000,LOUISVILLE METRO POLICE DEPT,Accepted,JEFFERSON,US0060,,SHELBYVILLE,RD,,,MOSER,,,,,38.245047312,-85.559223849,8.824,10/9/2021 12:00:00 AM,0637,2,2,0,0,CLEAR,DRY,False,ANGLE COLLISION - OTHER,ANGLE,STRAIGHT & LEVEL,DARK-HWY LIGHTED/ON,,,10/11/2021 8:28:03 AM,False,5041,Accepted,
28854880,0568000,LOUISVILLE METRO POLICE DEPT,Accepted,JEFFERSON,,1015,45TH,ST,S,,,,,,,38.244352184,-85.827721988,0.429,10/9/2021 12:00:00 AM,1527,2,2,0,1,CLEAR,DRY,False,SIDESWIPE COLLISION - OPPOSITE DIRECTION,SIDESWIPE-OPPOSITE DIRECTION,STRAIGHT & LEVEL,DAYLIGHT,,,10/11/2021 8:27:35 AM,False,7329,Accepted,
28854877,0568000,LOUISVILLE METRO POLICE DEPT,Accepted,JEFFERSON,KY1934,,CANE RUN,RD,,KY2049,CRUMS,,,,,38.199673456,-85.836984122,9.216,10/9/2021 12:00:00 AM,1400,2,2,0,0,CLEAR,DRY,False,ANGLE COLLISION - OTHER,ANGLE,CURVE & LEVEL,DAYLIGHT,,,10/11/2021 8:27:03 AM,False,5208,Accepted,
28854844,0568000,LOUISVILLE METRO POLICE DEPT,Accepted,JEFFERSON,US0150,,BROADWAY,,W,,5TH,,,,,38.246201449,-85.760037258,2.292,10/9/2021 12:00:00 AM,1953,2,2,0,0,CLEAR,DRY,False,ANGLE COLLISION - OTHER,ANGLE,STRAIGHT & LEVEL,DARK-HWY LIGHTED/ON,,,10/11/2021 8:25:52 AM,False,5311,Accepted,
28854805,0568000,LOUISVILLE METRO POLICE DEPT,Accepted,JEFFERSON,KY1703,,BAXTER,AVE,,,,,,,,38.240151901,-85.724194129,5.674,10/9/2021 12:00:00 AM,0726,3,3,0,0,CLEAR,DRY,True,1 VEHICLE ENTERING/LEAVING ENTRANCE,ANGLE,STRAIGHT & LEVEL,DAWN,,,10/11/2021 8:24:02 AM,False,6813,Accepted,
28854813,0568000,LOUISVILLE METRO POLICE DEPT,Accepted,JEFFERSON,,,CENTRAL,AVE,,,HELM,,,,,38.202900454,-85.754031599,0.181,10/9/2021 12:00:00 AM,1514,2,2,0,1,CLEAR,DRY,False,ANGLE COLLISION - OTHER,ANGLE,STRAIGHT & LEVEL,DAYLIGHT,,,10/11/2021 8:24:37 AM,False,5037,Accepted,
28854821,0568000,LOUISVILLE METRO POLICE DEPT,Accepted,JEFFERSON,,,ARCADE,AVE,,,UTAH,,,,,38.206317250,-85.784658458,0.337,10/9/2021 12:00:00 AM,1540,2,2,0,1,CLEAR,DRY,True,ANGLE COLLISION - OTHER,ANGLE,STRAIGHT & LEVEL,DAYLIGHT,,,10/11/2021 8:25:05 AM,False,5399,Accepted,
28854847,0568000,LOUISVILLE METRO POLICE DEPT,Accepted,JEFFERSON,,6402,SHAFFER,LN,,,,,,,,38.152894899,-85.560262720,0.057,10/9/2021 12:00:00 AM,2333,1,1,0,0,CLEAR,DRY,False,COLLISION WITH FIXED OBJECT NON - INTERSECTION - FIRST EVENT COLLISION 09 - 32 EXCLUDING 16,SINGLE VEHICLE,STRAIGHT & LEVEL,DARK-HWY NOT LIGHTED,,,10/11/2021 8:25:56 AM,False,5403,Accepted,
28854788,0568000,LOUISVILLE METRO POLICE DEPT,Accepted,JEFFERSON,,,DUMESNIL,ST,,,34TH,,,,,38.237527148,-85.808842944,0.621,10/8/2021 12:00:00 AM,2255,2,2,0,0,CLOUDY,DRY,False,COLLISION WITH PARKED VEHICLE,SIDESWIPE-SAME DIRECTION,STRAIGHT & LEVEL,DARK-HWY LIGHTED/ON,,,10/11/2021 8:22:42 AM,False,5303,Accepted,
28863744,0561500,UNIV. OF LOUISVILLE POLICE,Accepted,JEFFERSON,,,SHIPP,AVE,W,,,,LEE,,MANOR PARK,38.224001136,-85.765898219,0.242,10/8/2021 12:00:00 AM,0140,2,1,0,1,CLEAR,DRY,True,OTHER COLLISIONS ON SHOULDER,SINGLE VEHICLE,CURVE & GRADE,DARK (UNKNOWN ROADWAY LIGHTING),,,10/11/2021 4:35:20 PM,False,5690,Accepted,
28854869,0568000,LOUISVILLE METRO POLICE DEPT,Accepted,JEFFERSON,,,GLOBAL,DR,,,,,,,,38.139531664,-85.887587190,0.008,10/8/2021 12:00:00 AM,0654,4,4,0,2,FOG,DRY,False,OTHER ROADWAY OR MID-BLOCK COLLISION,OPPOSING LEFT TURN,STRAIGHT & LEVEL,DARK-HWY LIGHTED/ON,,,10/11/2021 8:26:37 AM,False,7244,Accepted,
28854871,0568000,LOUISVILLE METRO POLICE DEPT,Accepted,JEFFERSON,,,WILTSHIRE,AVE,,,WILLIS,,,,,38.250985043,-85.655144788,0.109,10/8/2021 12:00:00 AM,1442,2,2,0,0,CLOUDY,DRY,False,ANGLE COLLISION - OTHER,ANGLE,STRAIGHT & LEVEL,DAYLIGHT,,,10/11/2021 8:26:44 AM,False,2673,Accepted,
28903990,0568000,LOUISVILLE METRO POLICE DEPT,Accepted,JEFFERSON,,,HILLBROOK,DR,,KY1932,BRECKENRIDGE,,,,,38.224326003,-85.633993697,0.013,10/8/2021 12:00:00 AM,1604,3,3,0,2,CLOUDY,DRY,False,OPPOSING LEFT TURN,OPPOSING LEFT TURN,STRAIGHT & LEVEL,DAYLIGHT,,,10/14/2021 2:36:57 PM,False,5351,Accepted,
29312645,0568000,LOUISVILLE METRO POLICE DEPT,Accepted,JEFFERSON,,,BUSH FARM,RD,,KY3084,OLD HENRY,,,,,38.274175953,-85.490291093,0.493,10/8/2021 12:00:00 AM,1939,2,2,0,0,CLEAR,DRY,False,OTHER INTERSECTION COLLISIONS,REAR END,STRAIGHT & LEVEL,DARK-HWY LIGHTED/ON,,,11/15/2021 8:19:58 AM,False,5329,Accepted,
29321691,0568000,LOUISVILLE METRO POLICE DEPT,Accepted,JEFFERSON,KY1447,,WESTPORT,RD,,,COLLINS,,,,,38.304294246,-85.524286962,8.024,10/8/2021 12:00:00 AM,1802,2,2,0,0,CLEAR,DRY,True,OTHER INTERSECTION COLLISIONS,REAR END,STRAIGHT & LEVEL,DAYLIGHT,,,11/17/2021 7:08:40 AM,False,2346,Accepted,
28854811,0568000,LOUISVILLE METRO POLICE DEPT,Accepted,JEFFERSON,,,20TH,ST,S,,PLYMOUTH,,,,,38.251285521,-85.785164660,0.579,10/8/2021 12:00:00 AM,1630,1,1,0,0,CLEAR,DRY,False,COLLISION WITH FIXED OBJECT IN INTERSECTION - FIRST EVENT COLLISION 09 - 32,SINGLE VEHICLE,STRAIGHT & LEVEL,DAYLIGHT,,,10/11/2021 8:24:29 AM,False,7292,Accepted,
28854804,0568000,LOUISVILLE METRO POLICE DEPT,Accepted,JEFFERSON,I 0264,,I264 E,,,,,,,,,38.204323830,-85.682315118,14.905,10/8/2021 12:00:00 AM,1817,4,4,0,0,CLEAR,DRY,False,REAR END IN TRAFFIC LANES BOTH VEHICLES MOVING,REAR END,STRAIGHT & LEVEL,DAYLIGHT,,,10/11/2021 8:23:58 AM,False,6813,Accepted,
28854793,0568000,LOUISVILLE METRO POLICE DEPT,Accepted,JEFFERSON,US0031W,,,,,US0031W,DIXIE,,,,,38.093657882,-85.874845781,0.012,10/8/2021 12:00:00 AM,0419,2,2,0,0,CLOUDY,DRY,False,OTHER INTERSECTION COLLISIONS,REAR END,STRAIGHT & GRADE,DARK-HWY LIGHTED/ON,,,10/11/2021 8:23:02 AM,False,7160,Accepted,
28854794,0568000,LOUISVILLE METRO POLICE DEPT,Accepted,JEFFERSON,KY1931,,GREENWOOD,RD,,KY1934,GREENBELT,,,,,38.146926135,-85.886336199,0.538,10/8/2021 12:00:00 AM,2315,2,2,0,0,CLEAR,DRY,False,ANGLE COLLISION - ONE VEHICLE TURNING LEFT,ANGLE,STRAIGHT & LEVEL,DARK-HWY NOT LIGHTED,,,10/11/2021 8:23:06 AM,False,5371,Accepted,
28854778,0568000,LOUISVILLE METRO POLICE DEPT,Accepted,JEFFERSON,,,AZALEA,LN,,,DAFFODIL,,,,,38.143160278,-85.859503115,0.222,10/8/2021 12:00:00 AM,1638,2,2,0,0,CLEAR,DRY,False,ANGLE COLLISION - OTHER,ANGLE,STRAIGHT & LEVEL,DAYLIGHT,,,10/11/2021 8:22:04 AM,False,7723,Accepted,
28806764,0568000,LOUISVILLE METRO POLICE DEPT,Accepted,JEFFERSON,,,39TH,ST,S,,BROADWAY,,,,,38.250076366,-85.816419937,0.786,10/8/2021 12:00:00 AM,0107,1,1,0,0,CLEAR,DRY,True,COLLISION WITH FIXED OBJECT IN INTERSECTION - FIRST EVENT COLLISION 09 - 32,SINGLE VEHICLE,STRAIGHT & LEVEL,DUSK,,,10/8/2021 8:14:02 AM,False,7309,Accepted,
28854770,0568000,LOUISVILLE METRO POLICE DEPT,Accepted,JEFFERSON,,,HUDSON,LN,,US0031E,BARDSTOWN,,,,,38.165106191,-85.598894903,0.015,10/8/2021 12:00:00 AM,1518,4,4,0,1,CLOUDY,DRY,False,OPPOSITE DIRECTION - BOTH VEHICLES GOING STRAIGHT AHEAD,SIDESWIPE-OPPOSITE DIRECTION,STRAIGHT & LEVEL,DAYLIGHT,,,10/11/2021 8:21:18 AM,False,7755,Accepted,
28854755,0568000,LOUISVILLE METRO POLICE DEPT,Accepted,JEFFERSON,,,MURPHY,LN,,,NANSEMOND,,,,,38.305623862,-85.535270964,0.288,10/8/2021 12:00:00 AM,0815,3,3,0,1,CLEAR,DRY,False,OTHER INTERSECTION COLLISIONS,REAR END,STRAIGHT & GRADE,DAYLIGHT,,,10/11/2021 8:19:57 AM,False,2346,Accepted,
28854771,0568000,LOUISVILLE METRO POLICE DEPT,Accepted,JEFFERSON,,,BLANTON,LN,,,,,,,,38.157369575,-85.833137474,0.045,10/8/2021 12:00:00 AM,1405,3,3,0,0,CLEAR,DRY,True,1 VEHICLE ENTERING/LEAVING ENTRANCE,ANGLE,STRAIGHT & LEVEL,DAYLIGHT,,,10/11/2021 8:21:25 AM,False,7234,Accepted,
28854779,0568000,LOUISVILLE METRO POLICE DEPT,Accepted,JEFFERSON,KY1020,,3RD,ST,S,US0060A,EASTERN,,,,,38.213737128,-85.762267086,9.868,10/8/2021 12:00:00 AM,1552,2,2,0,0,CLEAR,DRY,False,SIDESWIPE-SAME DIRECTION,SIDESWIPE-SAME DIRECTION,STRAIGHT & GRADE,DAYLIGHT,,,10/11/2021 8:22:08 AM,False,5230,Accepted,
28854780,0568000,LOUISVILLE METRO POLICE DEPT,Accepted,JEFFERSON,KY1931,,GREENWOOD,RD,,,KENTUCKY,,,,,38.143845647,-85.848567959,2.639,10/8/2021 12:00:00 AM,2100,2,2,0,0,CLEAR,DRY,False,ANGLE COLLISION - OTHER,ANGLE,STRAIGHT & LEVEL,DARK-HWY NOT LIGHTED,,,10/11/2021 8:22:13 AM,False,5212,Accepted,
28906852,0568000,LOUISVILLE METRO POLICE DEPT,Accepted,JEFFERSON,I 0264,,I264 E,,,I 0264,I264 E EXIT16 OFF RAMP TO US31E,,,,,38.207235910,-85.677230855,15.247,10/8/2021 12:00:00 AM,1831,2,2,0,2,CLEAR,DRY,False,OTHER INTERSECTION COLLISIONS,REAR END,STRAIGHT & LEVEL,DAYLIGHT,,,10/15/2021 7:15:59 AM,False,7740,Accepted,
28906840,0568000,LOUISVILLE METRO POLICE DEPT,Accepted,JEFFERSON,KY2052,,SHEPHERDSVILLE,RD,,,,,RURAL,,RANGELAND,38.168088884,-85.659599662,2.035,10/8/2021 12:00:00 AM,1701,2,2,0,0,CLEAR,DRY,False,REAR END IN TRAFFIC LANES BOTH VEHICLES MOVING,REAR END,STRAIGHT & LEVEL,DAYLIGHT,,,10/15/2021 7:15:14 AM,False,7851,Accepted,
28806761,0568000,LOUISVILLE METRO POLICE DEPT,Accepted,JEFFERSON,I 0264,,I264 E,,,,,,,,,38.221769307,-85.650165708,17.030,10/8/2021 12:00:00 AM,0135,2,2,0,0,CLEAR,DRY,False,REAR END IN TRAFFIC LANES BOTH VEHICLES MOVING,REAR END,STRAIGHT & LEVEL,DARK-HWY LIGHTED/ON,,,10/8/2021 8:13:52 AM,False,6777,Accepted,