IncidentID,AgencyORI,AgencyName,IncidentStatusDesc,County,RdwyNumber,Street,RoadwayName,StreetSfx,StreetDir,IntersectionRdwy,IntersectionRdwyName,BetweenStRdwy1,BetweenStRdwyName1,BetweenStRdwy2,BetweenStRdwyName2,Latitude,Longitude,Milepoint,CollisionDate,CollisionTime,UnitsInvolved,MotorVehiclesInvolved,NumberKilled,NumberInjured,Weather,RdwyConditionCode,HitandRun,DirAnalysisCode,MannerofCollision,RdwyCharacter,LightCondition,RampFromRdwyId,RampToRdwyId,AcceptedDate,IsSecondaryCollision,OwnerBadge,IncidentStatus,
28854784,0568000,LOUISVILLE METRO POLICE DEPT,Accepted,JEFFERSON,I 0264,,I264 E,,,I 0264,I264 E EXIT9 OFF RAMP TO KY1865,,,,,38.186881586,-85.789278926,8.781,10/8/2021 12:00:00 AM,2026,2,2,0,0,CLEAR,DRY,False,OTHER INTERSECTION COLLISIONS,REAR END,STRAIGHT & LEVEL,DARK-HWY LIGHTED/ON,,,10/11/2021 8:22:29 AM,False,7132,Accepted,
28854774,0568000,LOUISVILLE METRO POLICE DEPT,Accepted,JEFFERSON,,,BRASHEAR,DR,,,,,11TH,,13TH,38.224244329,-85.775214489,0.220,10/8/2021 12:00:00 AM,1600,2,2,0,0,CLEAR,DRY,False,1 VEHICLE ENTERING/LEAVING ENTRANCE,ANGLE,STRAIGHT & LEVEL,DAYLIGHT,,,10/11/2021 8:21:46 AM,False,6860,Accepted,
28854775,0568000,LOUISVILLE METRO POLICE DEPT,Accepted,JEFFERSON,,,BRANDYWYNE,DR,,,BRANDYWYNE,,,,,38.163833875,-85.586872438,0.482,10/8/2021 12:00:00 AM,1713,1,1,0,0,CLEAR,DRY,False,COLLISION WITH FIXED OBJECT IN INTERSECTION - FIRST EVENT COLLISION 09 - 32,SINGLE VEHICLE,CURVE & LEVEL,DAYLIGHT,,,10/11/2021 8:21:51 AM,False,7755,Accepted,
28854764,0568000,LOUISVILLE METRO POLICE DEPT,Accepted,JEFFERSON,,,MADISON,ST,W,,29TH,,,,,38.254602801,-85.799052549,1.451,10/8/2021 12:00:00 AM,0841,2,2,0,1,CLEAR,DRY,False,ANGLE COLLISION - OTHER,ANGLE,STRAIGHT & LEVEL,DAYLIGHT,,,10/11/2021 8:20:39 AM,False,5105,Accepted,
28854765,0568000,LOUISVILLE METRO POLICE DEPT,Accepted,JEFFERSON,,,HIKES,LN,,,FURMAN,,,,,38.211975631,-85.639385751,2.304,10/8/2021 12:00:00 AM,0734,2,2,0,0,CLEAR,DRY,False,OPPOSING LEFT TURN,OPPOSING LEFT TURN,STRAIGHT & LEVEL,DAWN,,,10/11/2021 8:20:44 AM,False,4693,Accepted,
28854766,0568000,LOUISVILLE METRO POLICE DEPT,Accepted,JEFFERSON,KY1747,,FERN VALLEY,RD,,,,,,,,38.157859938,-85.691527832,2.239,10/8/2021 12:00:00 AM,1304,3,3,0,0,CLOUDY,DRY,False,1 VEHICLE ENTERING/LEAVING ENTRANCE,ANGLE,STRAIGHT & LEVEL,DAYLIGHT,,,10/11/2021 8:20:49 AM,False,4693,Accepted,
28863757,0561500,UNIV. OF LOUISVILLE POLICE,Accepted,JEFFERSON,,2800,FLOYD,ST,S,,,,,,,38.204459389,-85.757638990,3.185,10/8/2021 12:00:00 AM,1023,2,2,0,0,CLEAR,DRY,False,COLLISION IN PARKING LOT,ANGLE,STRAIGHT & LEVEL,DAYLIGHT,,,10/11/2021 4:35:30 PM,False,5620,Accepted,
28854798,0568000,LOUISVILLE METRO POLICE DEPT,Accepted,JEFFERSON,,302,LANSING,AVE,W,,,,,,,38.192540616,-85.766113737,0.120,10/8/2021 12:00:00 AM,1149,2,2,0,2,CLEAR,DRY,False,1 VEHICLE ENTERING/LEAVING ENTRANCE,ANGLE,STRAIGHT & LEVEL,DAYLIGHT,,,10/11/2021 8:23:31 AM,False,5346,Accepted,
28854772,0568000,LOUISVILLE METRO POLICE DEPT,Accepted,JEFFERSON,US0031W,,DIXIE,HWY,,,,,,,,38.056764518,-85.890265847,4.857,10/8/2021 12:00:00 AM,1522,3,3,0,1,CLEAR,DRY,False,COLLISION WITH FIXED OBJECT NON - INTERSECTION - FIRST EVENT COLLISION 09 - 32 EXCLUDING 16,SIDESWIPE-SAME DIRECTION,STRAIGHT & LEVEL,DAYLIGHT,,,10/11/2021 8:21:34 AM,False,7234,Accepted,
28854773,0568000,LOUISVILLE METRO POLICE DEPT,Accepted,JEFFERSON,I 0265,,I265 S,,,,,,,,,38.281335024,-85.500380436,29.517,10/8/2021 12:00:00 AM,1545,2,2,0,0,CLEAR,DRY,False,SIDESWIPE COLLISION - SAME DIRECTION,SIDESWIPE-SAME DIRECTION,CURVE & LEVEL,DAYLIGHT,,,10/11/2021 8:21:39 AM,False,7316,Accepted,
28854781,0568000,LOUISVILLE METRO POLICE DEPT,Accepted,JEFFERSON,I 0064,,I64 W,,,,,,,,,38.220661317,-85.450527054,21.906,10/8/2021 12:00:00 AM,1835,2,2,0,0,CLEAR,DRY,False,SIDESWIPE COLLISION - SAME DIRECTION,SIDESWIPE-SAME DIRECTION,STRAIGHT & GRADE,DAYLIGHT,,,10/11/2021 8:22:18 AM,False,6532,Accepted,
28854789,0568000,LOUISVILLE METRO POLICE DEPT,Accepted,JEFFERSON,KY1865,,NEW CUT,RD,,,,,,,,38.125453806,-85.776102439,1.138,10/8/2021 12:00:00 AM,2248,2,2,0,0,CLEAR,DRY,False,OTHER ROADWAY OR MID-BLOCK COLLISION,REAR END,STRAIGHT & LEVEL,DARK-HWY NOT LIGHTED,,,10/11/2021 8:22:46 AM,False,2395,Accepted,
28854790,0568000,LOUISVILLE METRO POLICE DEPT,Accepted,JEFFERSON,US0031W,,DIXIE,HWY,,,KATHERINE STATION,,,,,38.005924312,-85.936841167,0.453,10/8/2021 12:00:00 AM,1822,2,2,0,3,CLEAR,DRY,False,OTHER INTERSECTION COLLISIONS,REAR END,STRAIGHT & LEVEL,DAYLIGHT,,,10/11/2021 8:22:50 AM,False,7365,Accepted,
28854840,0568000,LOUISVILLE METRO POLICE DEPT,Accepted,JEFFERSON,,,24TH,ST,S,,BROADWAY,,,,,38.249383666,-85.791577099,0.759,10/8/2021 12:00:00 AM,1914,2,2,0,0,CLEAR,DRY,True,COLLISION WITH PARKED VEHICLE,BACKING,STRAIGHT & LEVEL,DAYLIGHT,,,10/11/2021 8:25:45 AM,False,5008,Accepted,
28854806,0568000,LOUISVILLE METRO POLICE DEPT,Accepted,JEFFERSON,KY1934,,CANE RUN,RD,,,SHANKS,,,,,38.195596724,-85.842489605,8.800,10/8/2021 12:00:00 AM,1753,2,2,0,1,CLEAR,DRY,False,ANGLE COLLISION - OTHER,ANGLE,STRAIGHT & LEVEL,DAYLIGHT,,,10/11/2021 8:24:06 AM,False,7467,Accepted,
28854867,0568000,LOUISVILLE METRO POLICE DEPT,Accepted,JEFFERSON,KY1065,4501,OUTER,LOOP,,,,,,,,38.138216749,-85.679528616,6.455,10/7/2021 12:00:00 AM,1528,2,1,0,1,CLEAR,DRY,False,COLLISION IN PARKING LOT,SINGLE VEHICLE,STRAIGHT & LEVEL,DAYLIGHT,,,10/11/2021 8:26:33 AM,False,7799,Accepted,
28806742,0568000,LOUISVILLE METRO POLICE DEPT,Accepted,JEFFERSON,US0060A,,EASTERN,PKWY,,KY0061,SHELBY,,,,,38.214841047,-85.742651535,4.582,10/7/2021 12:00:00 AM,1736,2,2,0,0,CLEAR,DRY,False,ANGLE COLLISION - OTHER,ANGLE,STRAIGHT & LEVEL,DUSK,,,10/8/2021 8:12:40 AM,False,5175,Accepted,
28806749,0568000,LOUISVILLE METRO POLICE DEPT,Accepted,JEFFERSON,KY1931,,GREENWOOD,RD,,KY1727,TERRY,,,,,38.144820194,-85.871477229,1.402,10/7/2021 12:00:00 AM,1421,2,2,0,0,CLEAR,DRY,False,OTHER INTERSECTION COLLISIONS,REAR END,STRAIGHT & LEVEL,DAYLIGHT,,,10/8/2021 8:13:04 AM,False,7234,Accepted,
28806750,0568000,LOUISVILLE METRO POLICE DEPT,Accepted,JEFFERSON,,,GABRIEL,DR,,,TWINKLE,,,,,38.154223328,-85.855019595,0.443,10/7/2021 12:00:00 AM,1648,2,2,0,1,CLEAR,DRY,False,ANGLE COLLISION - OTHER,ANGLE,STRAIGHT & LEVEL,DAYLIGHT,,,10/8/2021 8:13:08 AM,False,7234,Accepted,
28806758,0568000,LOUISVILLE METRO POLICE DEPT,Accepted,JEFFERSON,KY0841,,GENE SNYDER,FWY,,KY0841,KY841 RAMP TO KY1865,,,,,38.104296449,-85.817339258,3.573,10/7/2021 12:00:00 AM,1848,2,2,0,1,CLEAR,DRY,False,SIDESWIPE-SAME DIRECTION,SIDESWIPE-SAME DIRECTION,STRAIGHT & LEVEL,DAYLIGHT,,,10/8/2021 8:13:41 AM,False,5321,Accepted,
28806759,0568000,LOUISVILLE METRO POLICE DEPT,Accepted,JEFFERSON,KY1065,,OUTER,LOOP,,,CAROL,,,,,38.138453501,-85.684769926,6.163,10/7/2021 12:00:00 AM,1946,4,4,0,0,CLOUDY,DRY,False,OTHER INTERSECTION COLLISIONS,REAR END,STRAIGHT & LEVEL,DUSK,,,10/8/2021 8:13:45 AM,False,5336,Accepted,
28806726,0568000,LOUISVILLE METRO POLICE DEPT,Accepted,JEFFERSON,KY0907,,3RD ST,RD,,,JAMES HILL,,,,,38.115993129,-85.821401588,2.861,10/7/2021 12:00:00 AM,0942,1,1,0,1,CLOUDY,WET,False,NON-COLLISION OBJECT COLLISION,SINGLE VEHICLE,CURVE & LEVEL,DAYLIGHT,,,10/8/2021 8:10:56 AM,False,7205,Accepted,
28806734,0568000,LOUISVILLE METRO POLICE DEPT,Accepted,JEFFERSON,,,INDIAN,TRL,E,KY1703,NEWBURG,,,,,38.184601980,-85.665350935,2.625,10/7/2021 12:00:00 AM,0735,2,2,0,0,CLOUDY,WET,False,OPPOSING LEFT TURN,OPPOSING LEFT TURN,STRAIGHT & LEVEL,DARK (UNKNOWN ROADWAY LIGHTING),,,10/8/2021 8:11:59 AM,False,4693,Accepted,
28806735,0568000,LOUISVILLE METRO POLICE DEPT,Accepted,JEFFERSON,KY1747,,HURSTBOURNE,PKWY,S,,AMBROSSE,,,,,38.195901908,-85.603831000,9.386,10/7/2021 12:00:00 AM,1010,2,2,0,0,CLOUDY,WET,False,OPPOSING LEFT TURN,OPPOSING LEFT TURN,STRAIGHT & LEVEL,DAYLIGHT,,,10/8/2021 8:12:02 AM,False,4693,Accepted,
28806743,0568000,LOUISVILLE METRO POLICE DEPT,Accepted,JEFFERSON,KY0155,,TAYLORSVILLE,RD,,,,,,,,38.190161002,-85.501000891,5.613,10/7/2021 12:00:00 AM,1830,3,3,0,0,CLEAR,DRY,False,REAR END IN TRAFFIC LANES BOTH VEHICLES MOVING,REAR END,STRAIGHT & HILLCREST,DAYLIGHT,,,10/8/2021 8:12:44 AM,False,7698,Accepted,
28806751,0568000,LOUISVILLE METRO POLICE DEPT,Accepted,JEFFERSON,I 0071,,I71 S,,,,,I 0071,I71 TURN AROUND8,I 0071,I71 TURN AROUND8,38.303673803,-85.604450349,7.613,10/7/2021 12:00:00 AM,1715,2,2,0,0,CLOUDY,DRY,False,REAR END IN TRAFFIC LANES BOTH VEHICLES MOVING,REAR END,STRAIGHT & LEVEL,DAYLIGHT,,,10/8/2021 8:13:11 AM,False,6406,Accepted,
28806752,0568000,LOUISVILLE METRO POLICE DEPT,Accepted,JEFFERSON,,,15TH,ST,S,,BRECKINRIDGE,,,,,38.244457567,-85.777120533,1.283,10/7/2021 12:00:00 AM,0805,2,2,0,1,CLEAR,WET,False,OTHER INTERSECTION COLLISIONS,REAR END,STRAIGHT & LEVEL,DAYLIGHT,,,10/8/2021 8:13:16 AM,False,5273,Accepted,
28806732,0568000,LOUISVILLE METRO POLICE DEPT,Accepted,JEFFERSON,KY1865,,TAYLOR,BLVD,,,BERRY,,,,,38.196304980,-85.782958366,6.192,10/7/2021 12:00:00 AM,1046,2,2,0,1,CLOUDY,DRY,False,ANGLE COLLISION - OTHER,ANGLE,STRAIGHT & LEVEL,DAYLIGHT,,,10/8/2021 8:11:51 AM,False,5252,Accepted,
28806741,0568000,LOUISVILLE METRO POLICE DEPT,Accepted,JEFFERSON,I 0071,,I71 S,,,,,,,,,38.282520420,-85.685465778,2.670,10/7/2021 12:00:00 AM,1521,3,3,0,0,CLOUDY,DRY,True,COLLISION WITH NON-FIXED OBJECT ,SIDESWIPE-OPPOSITE DIRECTION,STRAIGHT & LEVEL,,,,10/8/2021 8:12:27 AM,False,2346,Accepted,
28898060,0568000,LOUISVILLE METRO POLICE DEPT,Accepted,JEFFERSON,,,RIVER PARK,DR,,I 0264,I264 E EXIT2 ON RAMP FROM  RIVER PARK DR,,,,,38.254412226,-85.806586235,1.116,10/7/2021 12:00:00 AM,0724,2,2,0,1,CLOUDY,DRY,False,ANGLE COLLISION - OTHER,ANGLE,STRAIGHT & LEVEL,DAYLIGHT,,,10/13/2021 8:19:05 AM,False,5003,Accepted,
28915943,0568000,LOUISVILLE METRO POLICE DEPT,Accepted,JEFFERSON,,,MUHAMMAD ALI,BLVD,W,,13TH,,,,,38.252798481,-85.772484165,1.063,10/7/2021 12:00:00 AM,1845,2,2,0,0,CLOUDY,DRY,True,ANGLE COLLISION - OTHER,ANGLE,STRAIGHT & GRADE,DUSK,,,10/18/2021 8:33:24 AM,False,2661,Accepted,
28854763,0568000,LOUISVILLE METRO POLICE DEPT,Accepted,JEFFERSON,,,MANNER DALE,DR,,,HUNSINGER,,,,,38.201940142,-85.619927778,0.140,10/7/2021 12:00:00 AM,1644,2,2,0,3,CLEAR,DRY,False,OPPOSING LEFT TURN,OPPOSING LEFT TURN,CURVE & LEVEL,DAYLIGHT,,,10/11/2021 8:20:34 AM,False,5288,Accepted,
28806748,0568000,LOUISVILLE METRO POLICE DEPT,Accepted,JEFFERSON,,,35TH,ST,S,,BROADWAY,,,,,38.249971201,-85.810697502,0.553,10/7/2021 12:00:00 AM,1412,2,2,0,1,CLEAR,DRY,False,OPPOSING LEFT TURN,OPPOSING LEFT TURN,STRAIGHT & LEVEL,DAYLIGHT,,,10/8/2021 8:13:00 AM,False,5257,Accepted,
28806755,0568000,LOUISVILLE METRO POLICE DEPT,Accepted,JEFFERSON,KY0864,,POPLAR LEVEL,RD,,,JEFFERSON,,,,,38.160072410,-85.671309011,8.103,10/7/2021 12:00:00 AM,1910,3,3,0,1,CLEAR,DRY,False,OPPOSING LEFT TURN,OPPOSING LEFT TURN,STRAIGHT & LEVEL,DUSK,,,10/8/2021 8:13:31 AM,False,5165,Accepted,
28806756,0568000,LOUISVILLE METRO POLICE DEPT,Accepted,JEFFERSON,,,FOREST,DR,,,INDIAN,,,,,38.169950847,-85.689788988,1.125,10/7/2021 12:00:00 AM,1915,2,2,0,1,CLEAR,DRY,False,ANGLE COLLISION - OTHER,ANGLE,STRAIGHT & LEVEL,DUSK,,,10/8/2021 8:13:35 AM,False,5165,Accepted,
28806746,0568000,LOUISVILLE METRO POLICE DEPT,Accepted,JEFFERSON,,,15TH,ST,S,,GARLAND,,,,,38.242640015,-85.777418128,1.182,10/7/2021 12:00:00 AM,1206,2,2,0,0,CLEAR,DRY,False,OPPOSITE DIRECTION - BOTH VEHICLES GOING STRAIGHT AHEAD,SIDESWIPE-OPPOSITE DIRECTION,STRAIGHT & LEVEL,DAYLIGHT,,,10/8/2021 8:12:51 AM,False,5229,Accepted,
28806753,0568000,LOUISVILLE METRO POLICE DEPT,Accepted,JEFFERSON,KY1703,,NEWBURG,RD,,,,,,,,38.203140512,-85.690824420,2.389,10/7/2021 12:00:00 AM,0010,2,2,0,0,RAINING,WET,False,SIDESWIPE COLLISION - SAME DIRECTION,SIDESWIPE-SAME DIRECTION,STRAIGHT & GRADE,DARK-HWY LIGHTED/ON,,,10/8/2021 8:13:21 AM,False,7916,Accepted,
28806754,0568000,LOUISVILLE METRO POLICE DEPT,Accepted,JEFFERSON,US0060,,SHELBYVILLE,RD,,KY1747,HURSTBOURNE,,,,,38.246415001,-85.576760052,7.860,10/7/2021 12:00:00 AM,1623,2,1,0,1,CLOUDY,DRY,False,COLLISION WITH PEDESTRIAN IN INTERSECTION,SINGLE VEHICLE,STRAIGHT & LEVEL,DAYLIGHT,,,10/8/2021 8:13:28 AM,False,7802,Accepted,
28854762,0568000,LOUISVILLE METRO POLICE DEPT,Accepted,JEFFERSON,KY1747,,HURSTBOURNE,PKWY,S,KY6159,BLUEGRASS PKWY ACCESS,,,,,38.220167386,-85.581473197,11.636,10/7/2021 12:00:00 AM,1541,2,2,0,1,CLEAR,DRY,False,OTHER INTERSECTION COLLISIONS,REAR END,STRAIGHT & LEVEL,DAYLIGHT,,,10/11/2021 8:20:29 AM,False,5288,Accepted,
28854786,0568000,LOUISVILLE METRO POLICE DEPT,Accepted,JEFFERSON,US0031W,,MARKET,ST,W,,ROY WILKINS,,,,,38.256137236,-85.765131982,21.352,10/7/2021 12:00:00 AM,2310,2,2,0,0,CLEAR,DRY,True,ANGLE COLLISION - OTHER,ANGLE,STRAIGHT & LEVEL,DARK-HWY LIGHTED/ON,,,10/11/2021 8:22:38 AM,False,5354,Accepted,
28854812,0568000,LOUISVILLE METRO POLICE DEPT,Accepted,JEFFERSON,,5301,MILNER,RD,,,,,,,,38.162404942,-85.835343479,0.141,10/7/2021 12:00:00 AM,,2,2,0,0,CLEAR,DRY,True,COLLISION IN PARKING LOT,ANGLE,CURVE & LEVEL,DAYLIGHT,,,10/11/2021 8:24:33 AM,False,7817,Accepted,
28804564,0561000,JEFFERSONTOWN POLICE DEPT,Accepted,JEFFERSON,KY1747,,HURSTBOURNE,PKWY,S,,HURSTBOURNE,,,,,38.218004540,-85.586121244,11.356,10/7/2021 12:00:00 AM,1045,3,3,0,0,CLOUDY,WET,False,OTHER INTERSECTION COLLISIONS,REAR END,STRAIGHT & LEVEL,DAYLIGHT,,,10/7/2021 4:53:52 PM,False,8278,Accepted,
28806737,0568000,LOUISVILLE METRO POLICE DEPT,Accepted,JEFFERSON,I 0065,,I65 N,,,,,,,,,38.162766006,-85.720594243,128.665,10/7/2021 12:00:00 AM,1344,2,2,0,0,CLOUDY,DRY,False,SIDESWIPE COLLISION - SAME DIRECTION,SIDESWIPE-SAME DIRECTION,CURVE & LEVEL,DAYLIGHT,,,10/8/2021 8:12:10 AM,False,8278,Accepted,
28929595,0568000,LOUISVILLE METRO POLICE DEPT,Accepted,JEFFERSON,,,34TH,ST,S,,HERMAN,,,,,38.258840198,-85.807328850,0.224,10/7/2021 12:00:00 AM,1505,2,2,0,0,CLOUDY,DRY,False,OTHER INTERSECTION COLLISIONS,REAR END,STRAIGHT & LEVEL,DAYLIGHT,,,10/21/2021 8:14:43 AM,False,5003,Accepted,
28806731,0568000,LOUISVILLE METRO POLICE DEPT,Accepted,JEFFERSON,I 0265,,I265 N,,,,,,,,,38.261895259,-85.501693106,28.191,10/7/2021 12:00:00 AM,1045,3,3,0,0,CLOUDY,WET,True,SIDESWIPE COLLISION - SAME DIRECTION,SIDESWIPE-SAME DIRECTION,STRAIGHT & LEVEL,DAYLIGHT,,,10/8/2021 8:11:40 AM,False,2013,Accepted,
28806740,0568000,LOUISVILLE METRO POLICE DEPT,Accepted,JEFFERSON,US0031E,,BARDSTOWN,RD,,,,,,,,38.132006828,-85.578518247,4.214,10/7/2021 12:00:00 AM,1616,2,2,0,1,CLEAR,DRY,False,REAR END IN TRAFFIC LANES BOTH VEHICLES MOVING,REAR END,STRAIGHT & LEVEL,DAYLIGHT,,,10/8/2021 8:12:22 AM,False,7698,Accepted,
28924987,0568000,LOUISVILLE METRO POLICE DEPT,Accepted,JEFFERSON,US0031E,,BARDSTOWN,RD,,,,,,,,38.203831990,-85.665315307,11.443,10/7/2021 12:00:00 AM,0255,3,2,1,0,CLOUDY,DRY,True,COLLISION WITH PEDESTRIAN NON - INTERSECTION,ANGLE,STRAIGHT & LEVEL,DARK (UNKNOWN ROADWAY LIGHTING),,,10/20/2021 8:12:49 AM,False,2142,Accepted,
28909802,0565000,LYNDON POLICE DEPARTMENT,Accepted,JEFFERSON,KY1747,410,HURSTBOURNE,PKWY,N,,,,,,,38.289904161,-85.573987387,17.232,10/6/2021 12:00:00 AM,1912,1,1,0,0,CLOUDY,DRY,True,COLLISION IN PARKING LOT,SINGLE VEHICLE,STRAIGHT & LEVEL,DUSK,,,10/16/2021 12:23:51 AM,False,1354,Accepted,
29150726,0568000,LOUISVILLE METRO POLICE DEPT,Accepted,JEFFERSON,US0060,,FRANKFORT,AVE,,,CRESTMOOR,,,,,38.254215215,-85.673392794,2.568,10/6/2021 12:00:00 AM,1230,2,2,0,0,RAINING,WET,True,OTHER INTERSECTION COLLISIONS,REAR END,STRAIGHT & LEVEL,DAYLIGHT,,,11/1/2021 8:27:48 AM,True,7793,Accepted,
28882622,0568000,LOUISVILLE METRO POLICE DEPT,Accepted,JEFFERSON,KY1932,,BRECKENRIDGE,LN,,KY6158,PUMP STATE ACCESS,,,,,38.195556893,-85.625369190,0.965,10/6/2021 12:00:00 AM,1749,2,2,0,3,RAINING,WET,False,ANGLE COLLISION - ONE VEHICLE TURNING LEFT,ANGLE,STRAIGHT & GRADE,DAWN,,,10/12/2021 8:55:43 AM,False,5288,Accepted,
28882620,0568000,LOUISVILLE METRO POLICE DEPT,Accepted,JEFFERSON,KY2054,,ALGONQUIN,PKWY,,KY1934,CANE RUN,,,,,38.224401555,-85.809295236,0.719,10/6/2021 12:00:00 AM,1510,2,2,0,0,CLEAR,DRY,False,SIDESWIPE-SAME DIRECTION,SIDESWIPE-SAME DIRECTION,STRAIGHT & LEVEL,DAYLIGHT,,,10/12/2021 8:55:35 AM,False,5257,Accepted,
28863753,0561500,UNIV. OF LOUISVILLE POLICE,Accepted,JEFFERSON,,430,CARDINAL,BLVD,W,,,,,,,38.220723122,-85.764086458,0.304,10/6/2021 12:00:00 AM,1100,2,2,0,0,CLEAR,DRY,True,COLLISION IN PARKING LOT,SIDESWIPE-SAME DIRECTION,STRAIGHT & LEVEL,UNKNOWN,,,10/11/2021 4:35:26 PM,False,5620,Accepted,
30068282,0568000,LOUISVILLE METRO POLICE DEPT,Accepted,JEFFERSON,KY1447,,WESTPORT,RD,,KY1747,HURSTBOURNE,,,,,38.288103368,-85.571138068,5.302,10/6/2021 12:00:00 AM,1716,3,3,0,0,CLEAR,DRY,False,ANGLE COLLISION - OTHER,ANGLE,STRAIGHT & HILLCREST,DAYLIGHT,,,5/17/2022 7:49:29 AM,False,7369,Accepted,
28806747,0568000,LOUISVILLE METRO POLICE DEPT,Accepted,JEFFERSON,,3515,KENTUCKY,ST,W,,,,,,,38.244669592,-85.810675761,0.742,10/6/2021 12:00:00 AM,0915,2,2,0,0,RAINING,WET,False,1 VEHICLE PARKED POSITION (NOT PARKING LOT/DRIVEWAY),SIDESWIPE-SAME DIRECTION,STRAIGHT & LEVEL,DAYLIGHT,,,10/8/2021 8:12:56 AM,False,5257,Accepted,
28806723,0568000,LOUISVILLE METRO POLICE DEPT,Accepted,JEFFERSON,KY2052,4500B,SHEPHERDSVILLE,RD,,,,,,,,38.184955855,-85.659725269,3.299,10/6/2021 12:00:00 AM,1444,2,2,0,0,CLOUDY,WET,True,1 VEHICLE ENTERING/LEAVING ENTRANCE,ANGLE,STRAIGHT & LEVEL,DAYLIGHT,,,10/8/2021 8:10:31 AM,False,5395,Accepted,
28802769,0568000,LOUISVILLE METRO POLICE DEPT,Accepted,JEFFERSON,,,RIVER,RD,,,ZORN,,,,,38.277393619,-85.699162031,2.926,10/6/2021 12:00:00 AM,2033,2,2,0,2,RAINING,WET,False,ANGLE COLLISION - OTHER,ANGLE,STRAIGHT & LEVEL,DARK-HWY NOT LIGHTED,,,10/7/2021 8:13:55 AM,False,7091,Accepted,
28802752,0568000,LOUISVILLE METRO POLICE DEPT,Accepted,JEFFERSON,KY1865,,TAYLOR,BLVD,,,CAMDEN,,,,,38.192720375,-85.783256176,5.925,10/6/2021 12:00:00 AM,1713,2,2,0,2,RAINING,WET,False,HEAD-ON COLLISION,HEAD ON,STRAIGHT & LEVEL,DAYLIGHT,,,10/7/2021 8:12:40 AM,False,5252,Accepted,
28802759,0568000,LOUISVILLE METRO POLICE DEPT,Accepted,JEFFERSON,US0031W,,DIXIE,HWY,,,,,,,,38.130251883,-85.847845560,10.495,10/6/2021 12:00:00 AM,1727,2,2,0,0,RAINING,WET,False,REAR END IN TRAFFIC LANES BOTH VEHICLES MOVING,REAR END,STRAIGHT & LEVEL,DAYLIGHT,,,10/7/2021 8:13:08 AM,False,7234,Accepted,
28802760,0568000,LOUISVILLE METRO POLICE DEPT,Accepted,JEFFERSON,US0031W,,22ND,ST,S,,BURNETT,,,,,38.230631818,-85.792118543,18.287,10/6/2021 12:00:00 AM,1230,2,2,0,1,RAINING,WET,False,ANGLE COLLISION - OTHER,ANGLE,STRAIGHT & LEVEL,DAYLIGHT,,,10/7/2021 8:13:11 AM,True,2469,Accepted,
28798592,0568000,LOUISVILLE METRO POLICE DEPT,Accepted,JEFFERSON,KY0864,,BEULAH CHURCH,RD,,I 0265,I265 E EXIT15 ON RAMP FROM KY864,,,,,38.124479716,-85.614445877,3.265,10/6/2021 12:00:00 AM,0343,2,2,0,0,CLEAR,DRY,False,OPPOSING LEFT TURN,OPPOSING LEFT TURN,STRAIGHT & LEVEL,DARK-HWY LIGHTED/ON,,,10/6/2021 8:17:42 AM,False,5342,Accepted,
28802734,0568000,LOUISVILLE METRO POLICE DEPT,Accepted,JEFFERSON,,171,ENGLISH STATION,RD,S,,,US0060,SHELBYVILLE,,ENGLISH VILLA,38.239871772,-85.493952059,0.054,10/6/2021 12:00:00 AM,1125,2,2,0,0,CLOUDY,WET,True,COLLISION IN PARKING LOT,ANGLE,STRAIGHT & LEVEL,DAYLIGHT,,,10/7/2021 8:10:04 AM,False,7876,Accepted,
28802737,0568000,LOUISVILLE METRO POLICE DEPT,Accepted,JEFFERSON,KY0061,,PRESTON,HWY,,,INDIAN,,,,,38.168780041,-85.706610617,6.337,10/6/2021 12:00:00 AM,0954,2,2,0,1,RAINING,WET,False,ANGLE COLLISION - ONE VEHICLE TURNING LEFT,ANGLE,STRAIGHT & LEVEL,DAYLIGHT,,,10/7/2021 8:10:49 AM,False,4693,Accepted,
28802742,0568000,LOUISVILLE METRO POLICE DEPT,Accepted,JEFFERSON,,,NORRIS,PL,,,RICHMOND,,,,,38.223299331,-85.705254439,0.699,10/6/2021 12:00:00 AM,1624,2,2,0,0,RAINING,WET,False,ANGLE COLLISION - OTHER,ANGLE,STRAIGHT & LEVEL,DAYLIGHT,,,10/7/2021 8:11:32 AM,False,7570,Accepted,
28802743,0568000,LOUISVILLE METRO POLICE DEPT,Accepted,JEFFERSON,KY1747,3805,FERN VALLEY,RD,,,,,,,,38.158047312,-85.693171031,2.151,10/6/2021 12:00:00 AM,1630,2,2,0,0,CLOUDY,DRY,False,OTHER ROADWAY OR MID-BLOCK COLLISION,REAR END,STRAIGHT & LEVEL,DAYLIGHT,,,10/7/2021 8:11:37 AM,False,7914,Accepted,
28802744,0568000,LOUISVILLE METRO POLICE DEPT,Accepted,JEFFERSON,KY0864,,KY864 CROSSOVER,,,KY0864,POPLAR LEVEL,,,,,38.195489226,-85.707620686,0.003,10/6/2021 12:00:00 AM,1622,2,2,0,0,RAINING,WET,True,ANGLE COLLISION - OTHER,ANGLE,STRAIGHT & HILLCREST,DAYLIGHT,,,10/7/2021 8:12:09 AM,False,7448,Accepted,