IncidentID,AgencyORI,AgencyName,IncidentStatusDesc,County,RdwyNumber,Street,RoadwayName,StreetSfx,StreetDir,IntersectionRdwy,IntersectionRdwyName,BetweenStRdwy1,BetweenStRdwyName1,BetweenStRdwy2,BetweenStRdwyName2,Latitude,Longitude,Milepoint,CollisionDate,CollisionTime,UnitsInvolved,MotorVehiclesInvolved,NumberKilled,NumberInjured,Weather,RdwyConditionCode,HitandRun,DirAnalysisCode,MannerofCollision,RdwyCharacter,LightCondition,RampFromRdwyId,RampToRdwyId,AcceptedDate,IsSecondaryCollision,OwnerBadge,IncidentStatus,
28802745,0568000,LOUISVILLE METRO POLICE DEPT,Accepted,JEFFERSON,,,LAMPTON,ST,,,,,,,,38.241955533,-85.746136703,0.106,10/6/2021 12:00:00 AM,1419,2,2,0,0,CLEAR,DRY,False,REAR END IN TRAFFIC LANES BOTH VEHICLES MOVING,REAR END,STRAIGHT & LEVEL,DAYLIGHT,,,10/7/2021 8:12:21 AM,False,5258,Accepted,
28806765,0568000,LOUISVILLE METRO POLICE DEPT,Accepted,JEFFERSON,,,MICHAEL EDWARD,DR,,,IDLEWOOD,,,,,38.172074123,-85.582553359,0.555,10/6/2021 12:00:00 AM,0958,2,2,0,0,RAINING,WET,False,ANGLE COLLISION - OTHER,ANGLE,STRAIGHT & LEVEL,DAYLIGHT,,,10/8/2021 8:14:05 AM,False,7755,Accepted,
28915940,0568000,LOUISVILLE METRO POLICE DEPT,Accepted,JEFFERSON,I 0065,,,,,,,,,,,38.191111632,-85.724283039,0.155,10/6/2021 12:00:00 AM,1420,3,3,0,0,CLEAR,DRY,False,OTHER ROADWAY OR MID-BLOCK COLLISION,REAR END,STRAIGHT & LEVEL,DAYLIGHT,,,10/18/2021 8:32:58 AM,False,8278,Accepted,
28917413,0568000,LOUISVILLE METRO POLICE DEPT,Accepted,JEFFERSON,I 0064,,I64 W,,,,,I 0064,I64 W EXIT3 OFF RAMP TO US31W,I 0064,I64 W EXIT4 ON RAMP FROM US31W,38.265304702,-85.776865483,3.101,10/6/2021 12:00:00 AM,1847,2,1,0,0,CLOUDY,WET,True,1 VEHICLE PARKED POSITION (NOT PARKING LOT/DRIVEWAY),HEAD ON,STRAIGHT & LEVEL,DAYLIGHT,,,10/18/2021 12:56:11 PM,False,2128,Accepted,
28898101,0568000,LOUISVILLE METRO POLICE DEPT,Accepted,JEFFERSON,,,BUECHEL BANK,RD,,,BRUCE,,,,,38.190531209,-85.647725403,0.129,10/6/2021 12:00:00 AM,1944,2,2,0,0,CLEAR,DRY,False,OPPOSING LEFT TURN,OPPOSING LEFT TURN,STRAIGHT & LEVEL,DAYLIGHT,,,10/13/2021 8:23:16 AM,False,5307,Accepted,
28802758,0568000,LOUISVILLE METRO POLICE DEPT,Accepted,JEFFERSON,,,CLAYBORNE,RD,,,,,,,,38.143375473,-85.784387643,0.249,10/6/2021 12:00:00 AM,1215,2,2,0,0,CLOUDY,WET,False,1 VEHICLE PARKED POSITION (NOT PARKING LOT/DRIVEWAY),SIDESWIPE-SAME DIRECTION,STRAIGHT & LEVEL,DAYLIGHT,,,10/7/2021 8:12:58 AM,False,7234,Accepted,
28802763,0568000,LOUISVILLE METRO POLICE DEPT,Accepted,JEFFERSON,,,12TH,ST,S,,,,,,,38.247594174,-85.771623339,0.387,10/6/2021 12:00:00 AM,1333,1,1,0,0,RAINING,WET,False,COLLISION WITH FIXED OBJECT NON - INTERSECTION - FIRST EVENT COLLISION 09 - 32 EXCLUDING 16,SINGLE VEHICLE,STRAIGHT & LEVEL,DAYLIGHT,,,10/7/2021 8:13:23 AM,False,2128,Accepted,
28802765,0568000,LOUISVILLE METRO POLICE DEPT,Accepted,JEFFERSON,I 0264W,,BELLS,LN,,,,,,,,38.222381496,-85.821315046,0.192,10/6/2021 12:00:00 AM,2107,2,2,0,1,RAINING,WET,False,OTHER RAMP RELATED COLLISIONS NOT LISTED ABOVE,ANGLE,STRAIGHT & LEVEL,DARK-HWY LIGHTED/ON,I 0264,KY2056,10/7/2021 8:13:36 AM,False,2877,Accepted,
28806727,0568000,LOUISVILLE METRO POLICE DEPT,Accepted,JEFFERSON,KY0022,,BROWNSBORO,RD,,KY1747,HURSTBOURNE,,,,,38.305179146,-85.577516704,3.708,10/6/2021 12:00:00 AM,1656,2,2,0,4,CLOUDY,DRY,False,ANGLE COLLISION - OTHER,ANGLE,STRAIGHT & GRADE,DAYLIGHT,,,10/8/2021 8:11:02 AM,False,7956,Accepted,
28806733,0568000,LOUISVILLE METRO POLICE DEPT,Accepted,JEFFERSON,I 0064,,I64 W,,,,,,,,,38.265980101,-85.778343828,3.010,10/6/2021 12:00:00 AM,1847,3,3,0,1,CLOUDY,WET,True,REAR END IN TRAFFIC LANES BOTH VEHICLES MOVING,REAR END,CURVE & GRADE,DUSK,,,10/8/2021 8:11:54 AM,False,5187,Accepted,
28802771,0568000,LOUISVILLE METRO POLICE DEPT,Accepted,JEFFERSON,US0031E,,BAXTER,AVE,,,MORTON,,,,,38.241426422,-85.725226465,15.738,10/6/2021 12:00:00 AM,1937,2,2,0,0,RAINING,WET,False,ANGLE COLLISION - OTHER,ANGLE,STRAIGHT & LEVEL,DARK-HWY LIGHTED/ON,,,10/7/2021 8:14:03 AM,False,5197,Accepted,
28806725,0568000,LOUISVILLE METRO POLICE DEPT,Accepted,JEFFERSON,US0150,,BROADWAY,,E,,,KY0061,PRESTON,KY0061,JACKSON,38.245252598,-85.747156209,2.989,10/6/2021 12:00:00 AM,1303,1,1,0,0,RAINING,WET,False,COLLISION WITH FIXED OBJECT NON - INTERSECTION - FIRST EVENT COLLISION 09 - 32 EXCLUDING 16,SINGLE VEHICLE,STRAIGHT & LEVEL,DAYLIGHT,,,10/8/2021 8:10:49 AM,False,7823,Accepted,
28802739,0568000,LOUISVILLE METRO POLICE DEPT,Accepted,JEFFERSON,KY1747,,FERN VALLEY,RD,,,,,,,,38.157408523,-85.695643510,2.017,10/6/2021 12:00:00 AM,1412,2,2,0,1,CLOUDY,DRY,False,OTHER ROADWAY OR MID-BLOCK COLLISION,OPPOSING LEFT TURN,STRAIGHT & LEVEL,DAYLIGHT,,,10/7/2021 8:11:09 AM,False,4693,Accepted,
28802740,0568000,LOUISVILLE METRO POLICE DEPT,Accepted,JEFFERSON,KY0864,,POPLAR LEVEL,RD,,,BISHOP,,,,,38.184743738,-85.699808487,10.454,10/6/2021 12:00:00 AM,1139,2,2,0,1,CLOUDY,WET,True,OPPOSING LEFT TURN,OPPOSING LEFT TURN,STRAIGHT & LEVEL,DAYLIGHT,,,10/7/2021 8:11:17 AM,False,5392,Accepted,
28802741,0568000,LOUISVILLE METRO POLICE DEPT,Accepted,JEFFERSON,,3709,INDIAN,TRL,E,,,,,,,38.170385667,-85.690353194,0.899,10/6/2021 12:00:00 AM,1235,1,1,0,0,CLOUDY,WET,False,COLLISION WITH FIXED OBJECT NON - INTERSECTION - FIRST EVENT COLLISION 09 - 32 EXCLUDING 16,SINGLE VEHICLE,STRAIGHT & LEVEL,DAYLIGHT,,,10/7/2021 8:11:24 AM,False,5392,Accepted,
28802747,0568000,LOUISVILLE METRO POLICE DEPT,Accepted,JEFFERSON,,,KENTUCKY,ST,E,,BROOK,,,,,38.238242299,-85.753016893,0.089,10/6/2021 12:00:00 AM,1441,2,2,0,0,CLOUDY,WET,False,ANGLE COLLISION - ONE VEHICLE TURNING LEFT,ANGLE,STRAIGHT & LEVEL,DAYLIGHT,,,10/7/2021 8:12:29 AM,False,5378,Accepted,
28802749,0568000,LOUISVILLE METRO POLICE DEPT,Accepted,JEFFERSON,,,3RD,ST,S,,FAIRMONT,,,,,38.195413191,-85.764998083,0.364,10/6/2021 12:00:00 AM,1739,2,2,0,0,RAINING,WET,False,OPPOSING LEFT TURN,OPPOSING LEFT TURN,STRAIGHT & LEVEL,DAYLIGHT,,,10/7/2021 8:12:34 AM,False,7872,Accepted,
28806757,0568000,LOUISVILLE METRO POLICE DEPT,Accepted,JEFFERSON,I 0064,,I64 W,,,I 0064,I64 W EXIT12 RAMP TO I264 E,,,,,38.231269699,-85.602819929,13.462,10/6/2021 12:00:00 AM,2222,2,2,0,1,CLEAR,WET,False,OTHER INTERSECTION COLLISIONS,REAR END,STRAIGHT & LEVEL,DARK-HWY LIGHTED/ON,,,10/8/2021 8:13:38 AM,False,7984,Accepted,
28854756,0568000,LOUISVILLE METRO POLICE DEPT,Accepted,JEFFERSON,,,8TH,ST,S,,KENTUCKY,,,,,38.240202959,-85.766158195,1.194,10/6/2021 12:00:00 AM,1329,1,1,0,0,CLEAR,DRY,False,COLLISION WITH FIXED OBJECT IN INTERSECTION - FIRST EVENT COLLISION 09 - 32,SINGLE VEHICLE,STRAIGHT & LEVEL,DAYLIGHT,,,10/11/2021 8:20:03 AM,False,7918,Accepted,
28854767,0568000,LOUISVILLE METRO POLICE DEPT,Accepted,JEFFERSON,I 0264,,,,,,,,,,,38.222363354,-85.821639006,0.011,10/6/2021 12:00:00 AM,0854,2,2,0,0,CLOUDY,DRY,False,OTHER RAMP RELATED COLLISIONS NOT LISTED ABOVE,REAR END,STRAIGHT & GRADE,DAYLIGHT,I 0264,KY2056,10/11/2021 8:20:55 AM,False,7720,Accepted,
28802732,0568000,LOUISVILLE METRO POLICE DEPT,Accepted,JEFFERSON,,,13TH,ST,S,US0150,BROADWAY,,,,,38.247817403,-85.773249860,0.633,10/6/2021 12:00:00 AM,0952,2,2,0,2,CLOUDY,WET,False,ANGLE COLLISION - OTHER,ANGLE,STRAIGHT & LEVEL,DAYLIGHT,,,10/7/2021 8:09:51 AM,False,5187,Accepted,
28798569,0568000,LOUISVILLE METRO POLICE DEPT,Accepted,JEFFERSON,I 0265,,I265 W,,,I 0065,I65 S EXIT10 RAMP TO I65 N,,,,,38.113284748,-85.694275913,10.660,10/5/2021 12:00:00 AM,0715,3,3,0,0,FOG,DRY,False,OTHER INTERSECTION COLLISIONS,REAR END,STRAIGHT & HILLCREST,DAWN,,,10/6/2021 8:15:49 AM,False,5026,Accepted,
28798585,0568000,LOUISVILLE METRO POLICE DEPT,Accepted,JEFFERSON,,2620,ST XAVIER,ST,,,,,,,,38.268460398,-85.792590038,0.530,10/5/2021 12:00:00 AM,2011,2,2,0,0,RAINING,WET,False,1 VEHICLE PARKED POSITION (NOT PARKING LOT/DRIVEWAY),SIDESWIPE-SAME DIRECTION,STRAIGHT & LEVEL,DARK-HWY LIGHTED/ON,,,10/6/2021 8:16:56 AM,False,2103,Accepted,
28798593,0568000,LOUISVILLE METRO POLICE DEPT,Accepted,JEFFERSON,,,28TH,ST,S,,DUMESNIL,,,,,38.236815462,-85.800573189,1.686,10/5/2021 12:00:00 AM,2102,2,2,0,0,RAINING,WET,True,OTHER INTERSECTION COLLISIONS,REAR END,STRAIGHT & GRADE,DARK-HWY NOT LIGHTED,,,10/6/2021 8:17:50 AM,False,5353,Accepted,
28798580,0568000,LOUISVILLE METRO POLICE DEPT,Accepted,JEFFERSON,I 0265,,I265 S,,,,,I 0265,I265 S EXIT33 ON RAMP FROM KY1447,I 0265,I265 S EXIT30 OFF RAMP KY146 TO,38.294170506,-85.543459763,32.120,10/5/2021 12:00:00 AM,0520,2,2,0,0,FOG,DRY,False,COLLISION WITH FIXED OBJECT NON - INTERSECTION - FIRST EVENT COLLISION 09 - 32 EXCLUDING 16,HEAD ON,STRAIGHT & LEVEL,DARK-HWY LIGHTED/ON,,,10/6/2021 8:16:32 AM,False,5056,Accepted,
28798554,0568000,LOUISVILLE METRO POLICE DEPT,Accepted,JEFFERSON,KY1747,,HURSTBOURNE,PKWY,N,,WHIPPS MILL,,,,,38.274035505,-85.563678135,15.981,10/5/2021 12:00:00 AM,0845,2,2,0,0,CLEAR,DRY,False,ANGLE COLLISION - OTHER,ANGLE,STRAIGHT & GRADE,DAYLIGHT,,,10/6/2021 8:14:51 AM,False,2013,Accepted,
28798553,0568000,LOUISVILLE METRO POLICE DEPT,Accepted,JEFFERSON,US0060A,,EASTERN,PKWY,,US0031E,BARDSTOWN,,,,,38.232060489,-85.709147124,6.841,10/5/2021 12:00:00 AM,1142,1,1,0,0,CLOUDY,DRY,False,COLLISION WITH FIXED OBJECT IN INTERSECTION - FIRST EVENT COLLISION 09 - 32,SINGLE VEHICLE,STRAIGHT & LEVEL,DAYLIGHT,,,10/6/2021 8:14:45 AM,False,5020,Accepted,
28854758,0568000,LOUISVILLE METRO POLICE DEPT,Accepted,JEFFERSON,,,MANSFIELD,LN,,KY2052,SHEPHERDSVILLE,,,,,38.175090927,-85.659549305,0.008,10/5/2021 12:00:00 AM,1453,2,2,0,0,CLEAR,DRY,False,OTHER INTERSECTION COLLISIONS,REAR END,STRAIGHT & LEVEL,DAYLIGHT,,,10/11/2021 8:20:17 AM,False,7851,Accepted,
28854792,0568000,LOUISVILLE METRO POLICE DEPT,Accepted,JEFFERSON,KY0864,4520,POPLAR LEVEL,RD,,,,,,,,38.186024172,-85.700925734,10.561,10/5/2021 12:00:00 AM,0850,2,2,0,0,CLEAR,DRY,False,COLLISION IN PARKING LOT,SIDESWIPE-OPPOSITE DIRECTION,STRAIGHT & LEVEL,DAYLIGHT,,,10/11/2021 8:22:58 AM,False,7652,Accepted,
28798587,0568000,LOUISVILLE METRO POLICE DEPT,Accepted,JEFFERSON,,,6TH,ST,S,,MAGNOLIA,,,,,38.229806538,-85.764684850,1.893,10/5/2021 12:00:00 AM,2146,1,1,0,0,RAINING,WET,True,COLLISION WITH FIXED OBJECT IN INTERSECTION - FIRST EVENT COLLISION 09 - 32,SINGLE VEHICLE,STRAIGHT & LEVEL,DARK-HWY LIGHTED/ON,,,10/6/2021 8:17:06 AM,False,5267,Accepted,
28798588,0568000,LOUISVILLE METRO POLICE DEPT,Accepted,JEFFERSON,,8021,WATTERSON,TRL,,,,,,,,38.181498988,-85.620406842,0.285,10/5/2021 12:00:00 AM,2155,1,1,0,1,RAINING,WET,False,COLLISION WITH FIXED OBJECT NON - INTERSECTION - FIRST EVENT COLLISION 09 - 32 EXCLUDING 16,SINGLE VEHICLE,CURVE & LEVEL,DARK-HWY NOT LIGHTED,,,10/6/2021 8:17:12 AM,False,5336,Accepted,
28798597,0568000,LOUISVILLE METRO POLICE DEPT,Accepted,JEFFERSON,US0060A,,WINKLER,AVE,,,6TH,,,,,38.210697322,-85.767972119,2.875,10/5/2021 12:00:00 AM,2141,2,1,0,1,RAINING,WET,True,COLLISION WITH PEDESTRIAN IN INTERSECTION,SINGLE VEHICLE,STRAIGHT & LEVEL,DARK-HWY LIGHTED/ON,,,10/6/2021 8:18:08 AM,False,5337,Accepted,
28806724,0568000,LOUISVILLE METRO POLICE DEPT,Accepted,JEFFERSON,I 0071,,I71 S,,,,,,,,,38.301990401,-85.607962150,7.410,10/5/2021 12:00:00 AM,0745,2,2,0,0,CLEAR,DRY,False,REAR END IN TRAFFIC LANES BOTH VEHICLES MOVING,REAR END,STRAIGHT & LEVEL,DAWN,,,10/8/2021 8:10:43 AM,False,7979,Accepted,
28854783,0568000,LOUISVILLE METRO POLICE DEPT,Accepted,JEFFERSON,US0060A,1800,BERRY,BLVD,,,,,,,,38.196775277,-85.797101347,0.694,10/5/2021 12:00:00 AM,2205,2,2,0,0,RAINING,WET,False,1 VEHICLE ENTERING/LEAVING ENTRANCE,ANGLE,STRAIGHT & LEVEL,DARK-HWY LIGHTED/ON,,,10/11/2021 8:22:24 AM,False,7360,Accepted,
28854900,0568000,LOUISVILLE METRO POLICE DEPT,Accepted,JEFFERSON,,8100,AIR COMMERCE,DR,,,,,,,,38.133136416,-85.718008334,0.101,10/5/2021 12:00:00 AM,1939,2,2,0,1,RAINING,WET,False,1 VEHICLE ENTERING/LEAVING ENTRANCE,ANGLE,STRAIGHT & LEVEL,DARK-HWY LIGHTED/ON,,,10/11/2021 8:28:56 AM,False,5264,Accepted,
28902421,0568000,LOUISVILLE METRO POLICE DEPT,Accepted,JEFFERSON,,,BROOK,ST,S,US0150,BROADWAY,,,,,38.245478282,-85.751746035,2.766,10/5/2021 12:00:00 AM,0650,1,1,0,0,CLEAR,DRY,False,COLLISION WITH FIXED OBJECT IN INTERSECTION - FIRST EVENT COLLISION 09 - 32,SINGLE VEHICLE,STRAIGHT & LEVEL,DARK-HWY LIGHTED/ON,,,10/14/2021 8:11:44 AM,False,5120,Accepted,
28898058,0568000,LOUISVILLE METRO POLICE DEPT,Accepted,JEFFERSON,KY1747,,HURSTBOURNE,PKWY,,,,,,,,38.168626808,-85.605255017,7.464,10/5/2021 12:00:00 AM,0701,2,2,0,0,CLEAR,DRY,False,REAR END IN TRAFFIC LANES BOTH VEHICLES MOVING,REAR END,STRAIGHT & LEVEL,DARK (UNKNOWN ROADWAY LIGHTING),,,10/13/2021 8:18:55 AM,False,4693,Accepted,
28798556,0568000,LOUISVILLE METRO POLICE DEPT,Accepted,JEFFERSON,KY1703,,NEWBURG,RD,,,BISHOP,,,,,38.200905985,-85.685951534,2.096,10/5/2021 12:00:00 AM,0919,2,2,0,0,CLEAR,DRY,False,ANGLE COLLISION - OTHER,ANGLE,STRAIGHT & GRADE,DAYLIGHT,,,10/6/2021 8:15:01 AM,False,4693,Accepted,
28798572,0568000,LOUISVILLE METRO POLICE DEPT,Accepted,JEFFERSON,US0031E,,BARDSTOWN,RD,,,,KY2053,THIXTON,,GLENMARY VILLAGE,38.100691302,-85.565717198,1.923,10/5/2021 12:00:00 AM,1805,2,2,0,0,CLOUDY,DRY,False,REAR END IN TRAFFIC LANES BOTH VEHICLES MOVING,REAR END,STRAIGHT & LEVEL,DAYLIGHT,,,10/6/2021 8:16:02 AM,False,6878,Accepted,
28794071,0568000,LOUISVILLE METRO POLICE DEPT,Accepted,JEFFERSON,KY1450,8005,BLUE LICK,RD,,,,,,,,38.133547101,-85.684621756,3.511,10/5/2021 12:00:00 AM,0505,1,1,0,1,CLEAR,DRY,False,COLLISION WITH FIXED OBJECT NON - INTERSECTION - FIRST EVENT COLLISION 09 - 32 EXCLUDING 16,SINGLE VEHICLE,STRAIGHT & LEVEL,DARK-HWY LIGHTED/ON,,,10/5/2021 8:12:38 AM,False,5264,Accepted,
28854753,0568000,LOUISVILLE METRO POLICE DEPT,Accepted,JEFFERSON,KY1934,,CANE RUN,RD,,KY2049,CRUMS,,,,,38.199292057,-85.837280682,9.186,10/5/2021 12:00:00 AM,1650,3,3,0,0,CLEAR,DRY,False,OTHER INTERSECTION COLLISIONS,REAR END,STRAIGHT & LEVEL,DAYLIGHT,,,10/11/2021 8:19:48 AM,False,7467,Accepted,
28806763,0568000,LOUISVILLE METRO POLICE DEPT,Accepted,JEFFERSON,US0031E,,BARDSTOWN,RD,,,GOLDSMITH,,,,,38.208479689,-85.668745361,11.764,10/5/2021 12:00:00 AM,2022,2,2,0,0,RAINING,WET,True,OTHER INTERSECTION COLLISIONS,REAR END,CURVE & LEVEL,DARK-HWY LIGHTED/ON,,,10/8/2021 8:13:59 AM,False,5239,Accepted,
28802736,0568000,LOUISVILLE METRO POLICE DEPT,Accepted,JEFFERSON,I 0064,,,,,,,,,,,38.259069065,-85.750624761,0.005,10/5/2021 12:00:00 AM,0943,2,2,0,1,CLEAR,DRY,False,OTHER RAMP RELATED COLLISIONS NOT LISTED ABOVE,SIDESWIPE-SAME DIRECTION,STRAIGHT & GRADE,DAYLIGHT,I 0064,N  3RD ST,10/7/2021 8:10:41 AM,False,5148,Accepted,
28798575,0568000,LOUISVILLE METRO POLICE DEPT,Accepted,JEFFERSON,KY0907,7324,SOUTHSIDE,DR,,,,,,,,38.150743450,-85.767734448,6.858,10/5/2021 12:00:00 AM,1524,2,2,0,0,CLOUDY,DRY,False,REAR END IN TRAFFIC LANES BOTH VEHICLES MOVING,REAR END,CURVE & LEVEL,DAYLIGHT,,,10/6/2021 8:16:18 AM,False,7768,Accepted,
28798581,0568000,LOUISVILLE METRO POLICE DEPT,Accepted,JEFFERSON,I 0064,,I64 W,,,I 0064,I265 S EXIT25B RAMP TO I64 W,,,,,38.223287524,-85.518402583,18.169,10/5/2021 12:00:00 AM,1920,2,2,0,0,CLEAR,DRY,False,SIDESWIPE-SAME DIRECTION,SIDESWIPE-SAME DIRECTION,STRAIGHT & LEVEL,DUSK,,,10/6/2021 8:16:37 AM,False,7984,Accepted,
28798582,0568000,LOUISVILLE METRO POLICE DEPT,Accepted,JEFFERSON,,2216,ST LOUIS,AVE,,,,,,,,38.233801761,-85.791624807,0.198,10/5/2021 12:00:00 AM,1453,2,2,0,0,CLEAR,DRY,False,1 VEHICLE PARKED POSITION (NOT PARKING LOT/DRIVEWAY),SIDESWIPE-SAME DIRECTION,STRAIGHT & LEVEL,DAYLIGHT,,,10/6/2021 8:16:42 AM,False,5355,Accepted,
28798557,0568000,LOUISVILLE METRO POLICE DEPT,Accepted,JEFFERSON,US0031E,,BARDSTOWN,RD,,,BRENTLINGER,,,,,38.134144420,-85.579601588,4.373,10/5/2021 12:00:00 AM,1132,3,3,0,0,CLEAR,DRY,False,ANGLE COLLISION - OTHER,ANGLE,STRAIGHT & LEVEL,DAYLIGHT,,,10/6/2021 8:15:05 AM,False,4693,Accepted,
28798567,0568000,LOUISVILLE METRO POLICE DEPT,Accepted,JEFFERSON,I 0071,,I71 N,,,,,,,,,38.323619144,-85.553401728,10.770,10/5/2021 12:00:00 AM,1439,2,2,0,2,CLEAR,DRY,False,SIDESWIPE COLLISION - SAME DIRECTION,SIDESWIPE-SAME DIRECTION,STRAIGHT & LEVEL,DAYLIGHT,,,10/6/2021 8:15:44 AM,False,7316,Accepted,
28798576,0568000,LOUISVILLE METRO POLICE DEPT,Accepted,JEFFERSON,,,VAUGHN MILL,RD,,KY1065,OUTER,,,,,38.137309283,-85.628401453,0.574,10/5/2021 12:00:00 AM,1111,3,3,0,0,CLEAR,DRY,False,ANGLE COLLISION - OTHER,ANGLE,STRAIGHT & LEVEL,DAYLIGHT,,,10/6/2021 8:16:23 AM,False,7812,Accepted,
28798583,0568000,LOUISVILLE METRO POLICE DEPT,Accepted,JEFFERSON,,,SLEVIN,ST,,,,,30TH,,29TH,38.266547641,-85.798556826,0.567,10/5/2021 12:00:00 AM,2009,2,2,0,0,CLEAR,DRY,True,1 VEHICLE PARKED POSITION (NOT PARKING LOT/DRIVEWAY),SIDESWIPE-OPPOSITE DIRECTION,STRAIGHT & LEVEL,DARK-HWY LIGHTED/ON,,,10/6/2021 8:16:46 AM,False,5275,Accepted,
28798584,0568000,LOUISVILLE METRO POLICE DEPT,Accepted,JEFFERSON,US0031E,,BARDSTOWN,RD,,KY1932,BRECKENRIDGE,,,,,38.181184402,-85.626877376,8.695,10/5/2021 12:00:00 AM,0636,2,1,0,0,CLEAR,DRY,False,COLLISION WITH PEDESTRIAN IN INTERSECTION,SINGLE VEHICLE,STRAIGHT & LEVEL,DARK (UNKNOWN ROADWAY LIGHTING),,,10/6/2021 8:16:51 AM,False,5326,Accepted,
28806728,0568000,LOUISVILLE METRO POLICE DEPT,Accepted,JEFFERSON,I 0065,,I65 S,,,,,,,,,38.193539060,-85.732235594,131.000,10/5/2021 12:00:00 AM,1554,2,2,0,1,CLEAR,DRY,False,SIDESWIPE COLLISION - SAME DIRECTION,SIDESWIPE-SAME DIRECTION,CURVE & GRADE,DAYLIGHT,,,10/8/2021 8:11:14 AM,False,8278,Accepted,
28806729,0568000,LOUISVILLE METRO POLICE DEPT,Accepted,JEFFERSON,I 0264,,I264 W,,,,,,,,,38.190240874,-85.759946835,10.516,10/5/2021 12:00:00 AM,1742,3,3,0,0,CLEAR,DRY,True,REAR END IN TRAFFIC LANES BOTH VEHICLES MOVING,REAR END,STRAIGHT & GRADE,DAYLIGHT,,,10/8/2021 8:11:30 AM,False,8278,Accepted,
28854904,0568000,LOUISVILLE METRO POLICE DEPT,Accepted,JEFFERSON,KY0907,8000,3RD ST,RD,,KY1065,OUTER,,,,,38.127430423,-85.794992904,4.674,10/5/2021 12:00:00 AM,0654,1,1,0,0,CLEAR,DRY,True,COLLISION WITH FIXED OBJECT IN INTERSECTION - FIRST EVENT COLLISION 09 - 32,SINGLE VEHICLE,STRAIGHT & GRADE,UNKNOWN,,,10/11/2021 8:29:20 AM,False,5223,Accepted,
28854905,0568000,LOUISVILLE METRO POLICE DEPT,Accepted,JEFFERSON,,,PORTLAND,AVE,,,19TH,,,,,38.265830778,-85.779056189,0.436,10/5/2021 12:00:00 AM,2359,4,4,0,1,CLEAR,WET,False,COLLISION WITH PARKED VEHICLE,SIDESWIPE-OPPOSITE DIRECTION,STRAIGHT & LEVEL,DARK-HWY LIGHTED/ON,,,10/11/2021 8:29:24 AM,True,5318,Accepted,
28802768,0568000,LOUISVILLE METRO POLICE DEPT,Accepted,JEFFERSON,KY1934,,CANE RUN,RD,,,ROCKFORD,,,,,38.183790337,-85.855238187,7.724,10/4/2021 12:00:00 AM,0540,2,2,0,0,CLEAR,DRY,False,ANGLE COLLISION - OTHER,ANGLE,CURVE & LEVEL,DARK-HWY LIGHTED/ON,,,10/7/2021 8:13:50 AM,False,5298,Accepted,
28799402,0563800,NORTHFIELD POLICE DEPARTMENT,Accepted,JEFFERSON,US0042,,US42,,,KY0022C,SEMINARY,,,,,38.292920396,-85.628434735,6.795,10/4/2021 12:00:00 AM,1150,2,2,0,0,CLOUDY,DRY,False,ANGLE COLLISION - ONE VEHICLE TURNING LEFT,ANGLE,STRAIGHT & GRADE,DAYLIGHT,,,10/6/2021 12:15:26 PM,False,1377,Accepted,
28799670,0560000,JEFFERSON COUNTY SHERIFF DEPT.,Accepted,JEFFERSON,KY0155,,TAYLORSVILLE,RD,,,,,LANDOR,,DRAYTON,38.223001706,-85.670164661,15.744,10/4/2021 12:00:00 AM,1535,2,2,0,0,CLOUDY,DRY,False,1 VEHICLE ENTERING/LEAVING ENTRANCE,ANGLE,STRAIGHT & LEVEL,DAYLIGHT,,,10/6/2021 1:20:32 PM,False,3419,Accepted,
28804215,0561500,UNIV. OF LOUISVILLE POLICE,Accepted,JEFFERSON,,430,CARDINAL,BLVD,W,,,,,,,38.220901357,-85.763983258,0.335,10/4/2021 12:00:00 AM,1801,2,2,0,0,CLEAR,DRY,True,COLLISION IN PARKING LOT,SIDESWIPE-SAME DIRECTION,STRAIGHT & LEVEL,DAYLIGHT,,,10/7/2021 3:36:15 PM,False,5700,Accepted,
28798558,0568000,LOUISVILLE METRO POLICE DEPT,Accepted,JEFFERSON,KY0907,,SOUTHSIDE,DR,,,SOUTHVIEW,,,,,38.151456571,-85.766408086,6.945,10/4/2021 12:00:00 AM,1423,3,3,0,1,CLEAR,DRY,False,OTHER INTERSECTION COLLISIONS,REAR TO REAR,STRAIGHT & LEVEL,DAYLIGHT,,,10/6/2021 8:15:11 AM,False,7427,Accepted,
28806762,0568000,LOUISVILLE METRO POLICE DEPT,Accepted,JEFFERSON,,3126,RADIANCE,RD,,,,,,,,38.218880924,-85.651229332,0.100,10/4/2021 12:00:00 AM,2012,3,3,0,0,CLEAR,DRY,False,1 VEHICLE PARKED POSITION (NOT PARKING LOT/DRIVEWAY),HEAD ON,STRAIGHT & LEVEL,DARK-HWY LIGHTED/ON,,,10/8/2021 8:13:55 AM,False,5239,Accepted,
28854820,0568000,LOUISVILLE METRO POLICE DEPT,Accepted,JEFFERSON,,,CONN,ST,,,GEORGETOWN,,,,,38.195980067,-85.793408113,0.562,10/4/2021 12:00:00 AM,1349,2,2,0,0,CLOUDY,DRY,False,OTHER INTERSECTION COLLISIONS,REAR END,STRAIGHT & LEVEL,DAYLIGHT,,,10/11/2021 8:25:02 AM,False,5399,Accepted,