IncidentID,AgencyORI,AgencyName,IncidentStatusDesc,County,RdwyNumber,Street,RoadwayName,StreetSfx,StreetDir,IntersectionRdwy,IntersectionRdwyName,BetweenStRdwy1,BetweenStRdwyName1,BetweenStRdwy2,BetweenStRdwyName2,Latitude,Longitude,Milepoint,CollisionDate,CollisionTime,UnitsInvolved,MotorVehiclesInvolved,NumberKilled,NumberInjured,Weather,RdwyConditionCode,HitandRun,DirAnalysisCode,MannerofCollision,RdwyCharacter,LightCondition,RampFromRdwyId,RampToRdwyId,AcceptedDate,IsSecondaryCollision,OwnerBadge,IncidentStatus,
28798549,0568000,LOUISVILLE METRO POLICE DEPT,Accepted,JEFFERSON,KY2052,,SHEPHERDSVILLE,RD,,,,,MONACO,KY1065,OUTER,38.139015793,-85.657646605,0.004,10/4/2021 12:00:00 AM,0850,2,2,0,0,CLOUDY,DRY,False,OTHER ROADWAY OR MID-BLOCK COLLISION,REAR END,STRAIGHT & LEVEL,DAYLIGHT,,,10/6/2021 8:14:26 AM,False,2583,Accepted,
28794063,0568000,LOUISVILLE METRO POLICE DEPT,Accepted,JEFFERSON,KY1450,,BLUE LICK,RD,,,,,,,,38.118444138,-85.689481892,2.320,10/4/2021 12:00:00 AM,1635,3,3,0,2,CLEAR,DRY,False,OTHER ROADWAY OR MID-BLOCK COLLISION,REAR END,STRAIGHT & LEVEL,DAYLIGHT,,,10/5/2021 8:12:05 AM,False,7442,Accepted,
28794068,0568000,LOUISVILLE METRO POLICE DEPT,Accepted,JEFFERSON,KY1747,,FERN VALLEY,RD,,I 0065,I65 N EXIT128 OFF RAMP TO KY1631,,,,,38.157638539,-85.717167671,0.822,10/4/2021 12:00:00 AM,2034,2,2,0,0,CLEAR,DRY,False,ANGLE COLLISION - ONE VEHICLE TURNING LEFT,ANGLE,STRAIGHT & HILLCREST,DARK-HWY LIGHTED/ON,,,10/5/2021 8:12:24 AM,False,5314,Accepted,
28794069,0568000,LOUISVILLE METRO POLICE DEPT,Accepted,JEFFERSON,,,8TH,ST,S,US0031W,MARKET,,,,,38.255989655,-85.763460491,0.093,10/4/2021 12:00:00 AM,2136,2,2,0,4,CLEAR,DRY,False,ANGLE COLLISION - OTHER,ANGLE,STRAIGHT & LEVEL,DARK-HWY LIGHTED/ON,,,10/5/2021 8:12:28 AM,False,5306,Accepted,
28794070,0568000,LOUISVILLE METRO POLICE DEPT,Accepted,JEFFERSON,KY0061,,PRESTON,ST,S,,LIBERTY,,,,,38.251360041,-85.746542804,12.672,10/4/2021 12:00:00 AM,2020,2,2,0,0,CLEAR,DRY,True,OTHER INTERSECTION COLLISIONS,REAR END,STRAIGHT & LEVEL,DUSK,,,10/5/2021 8:12:33 AM,False,5331,Accepted,
28794061,0568000,LOUISVILLE METRO POLICE DEPT,Accepted,JEFFERSON,KY1447,,WESTPORT,RD,,,,,,,,38.299060473,-85.542323136,7.005,10/4/2021 12:00:00 AM,1654,2,2,0,0,CLEAR,DRY,False,SIDESWIPE COLLISION - SAME DIRECTION,SIDESWIPE-SAME DIRECTION,STRAIGHT & LEVEL,DAYLIGHT,,,10/5/2021 8:11:43 AM,False,7111,Accepted,
28794053,0568000,LOUISVILLE METRO POLICE DEPT,Accepted,JEFFERSON,,,SPRINGHURST,BLVD,,,,,,,,38.299732223,-85.559954545,0.429,10/4/2021 12:00:00 AM,1530,2,2,0,0,CLEAR,DRY,False,SIDESWIPE COLLISION - SAME DIRECTION,SIDESWIPE-SAME DIRECTION,STRAIGHT & LEVEL,DAYLIGHT,,,10/5/2021 8:10:48 AM,False,7316,Accepted,
28794054,0568000,LOUISVILLE METRO POLICE DEPT,Accepted,JEFFERSON,,,FACTORY,LN,,,,,,,,38.289104752,-85.493834409,,10/4/2021 12:00:00 AM,1700,2,2,0,0,CLEAR,DRY,False,1 VEHICLE PARKED POSITION (NOT PARKING LOT/DRIVEWAY),SIDESWIPE-OPPOSITE DIRECTION,STRAIGHT & LEVEL,DAYLIGHT,,,10/5/2021 8:10:52 AM,False,7316,Accepted,
28794060,0568000,LOUISVILLE METRO POLICE DEPT,Accepted,JEFFERSON,,2309,BOLLING,AVE,,,,,,,,38.230607053,-85.795854884,0.625,10/4/2021 12:00:00 AM,1438,2,2,0,0,CLEAR,DRY,False,1 VEHICLE PARKED POSITION (NOT PARKING LOT/DRIVEWAY),BACKING,STRAIGHT & GRADE,DAYLIGHT,,,10/5/2021 8:11:36 AM,False,5386,Accepted,
28798574,0568000,LOUISVILLE METRO POLICE DEPT,Accepted,JEFFERSON,KY0061,,PRESTON,HWY,,KY1747,FERN VALLEY,,,,,38.156828595,-85.696813002,5.355,10/4/2021 12:00:00 AM,1800,2,2,0,0,CLOUDY,DRY,False,SIDESWIPE-SAME DIRECTION,SIDESWIPE-SAME DIRECTION,STRAIGHT & LEVEL,DAYLIGHT,,,10/6/2021 8:16:14 AM,False,2583,Accepted,
28794037,0568000,LOUISVILLE METRO POLICE DEPT,Accepted,JEFFERSON,US0031W,,DIXIE,HWY,,,BRUNER,,,,,38.067635872,-85.884943507,5.665,10/4/2021 12:00:00 AM,0929,2,2,0,2,CLOUDY,DRY,False,ANGLE COLLISION - OTHER,ANGLE,STRAIGHT & LEVEL,DAYLIGHT,,,10/5/2021 8:09:38 AM,False,7768,Accepted,
28789656,0568000,LOUISVILLE METRO POLICE DEPT,Accepted,JEFFERSON,KY1703,,NEWBURG,RD,,,TARTAN,,,,,38.210371201,-85.694223316,2.954,10/4/2021 12:00:00 AM,0450,1,1,0,0,CLOUDY,WET,False,COLLISION WITH FIXED OBJECT IN INTERSECTION - FIRST EVENT COLLISION 09 - 32,SINGLE VEHICLE,CURVE & HILLCREST,DARK-HWY LIGHTED/ON,,,10/4/2021 8:36:14 AM,False,7916,Accepted,
28789658,0568000,LOUISVILLE METRO POLICE DEPT,Accepted,JEFFERSON,KY2054,,ALGONQUIN,PKWY,,,7TH,,,,,38.220113749,-85.777405959,2.515,10/4/2021 12:00:00 AM,0630,2,2,0,1,CLEAR,DRY,False,HEAD-ON COLLISION,HEAD ON,STRAIGHT & LEVEL,DARK-HWY LIGHTED/ON,,,10/4/2021 8:36:27 AM,False,5256,Accepted,
28794046,0568000,LOUISVILLE METRO POLICE DEPT,Accepted,JEFFERSON,KY1819,,BRUSH RUN,RD,,,,KY1531,ROUTT,,RUCKER RIDGE,38.127483153,-85.478850377,0.514,10/4/2021 12:00:00 AM,0359,1,1,0,1,CLOUDY,WET,False,RAN OFF ROADWAY (1 VEHICLE WITH/EARTH EMBANKMENT/DITCH),SINGLE VEHICLE,CURVE & GRADE,DARK-HWY NOT LIGHTED,,,10/5/2021 8:10:01 AM,False,2308,Accepted,
28794052,0568000,LOUISVILLE METRO POLICE DEPT,Accepted,JEFFERSON,,,OAK,ST,W,,4TH,,,,,38.235024267,-85.760234089,0.268,10/4/2021 12:00:00 AM,1627,2,2,0,1,CLEAR,DRY,False,COLLISION WITH PARKED VEHICLE,SIDESWIPE-SAME DIRECTION,STRAIGHT & LEVEL,DAYLIGHT,,,10/5/2021 8:10:44 AM,False,5358,Accepted,
28794044,0568000,LOUISVILLE METRO POLICE DEPT,Accepted,JEFFERSON,,,JENNINGS,LN,,,,,,,,38.187853895,-85.685341795,0.312,10/4/2021 12:00:00 AM,0653,2,2,0,1,CLOUDY,DRY,False,HEAD-ON COLLISION,HEAD ON,STRAIGHT & LEVEL,DARK (UNKNOWN ROADWAY LIGHTING),,,10/5/2021 8:09:53 AM,False,4693,Accepted,
28794045,0568000,LOUISVILLE METRO POLICE DEPT,Accepted,JEFFERSON,KY0061,,PRESTON,HWY,,,INDIAN,,,,,38.168756326,-85.706573626,6.339,10/4/2021 12:00:00 AM,0959,2,2,0,0,CLOUDY,DRY,False,ANGLE COLLISION - OTHER,ANGLE,STRAIGHT & LEVEL,DAYLIGHT,,,10/5/2021 8:09:57 AM,False,4693,Accepted,
28915724,0564400,INDIAN HILLS POLICE DEPARTMENT,Accepted,JEFFERSON,US0042,4500,BROWNSBORO,RD,,,BLANKENBAKER,,,,,38.274219515,-85.645498354,5.148,10/4/2021 12:00:00 AM,1630,2,2,0,0,CLOUDY,DRY,False,ANGLE COLLISION - ONE VEHICLE TURNING LEFT,ANGLE,STRAIGHT & LEVEL,DAYLIGHT,,,10/18/2021 7:36:24 AM,False,4433,Accepted,
28794047,0568000,LOUISVILLE METRO POLICE DEPT,Accepted,JEFFERSON,,,4TH,ST,S,,OAK,,,,,38.235086901,-85.760422305,1.498,10/4/2021 12:00:00 AM,1627,2,2,0,0,CLEAR,DRY,True,OPPOSITE DIRECTION - BOTH VEHICLES GOING STRAIGHT AHEAD,SIDESWIPE-OPPOSITE DIRECTION,STRAIGHT & LEVEL,DAYLIGHT,,,10/5/2021 8:10:05 AM,False,7495,Accepted,
28794055,0568000,LOUISVILLE METRO POLICE DEPT,Accepted,JEFFERSON,,,RANGELAND,RD,,,,KY0864,POPLAR LEVEL,,LAGOONA,38.167205542,-85.678655358,0.164,10/4/2021 12:00:00 AM,0721,2,1,0,1,CLEAR,DRY,False,COLLISION WITH PEDESTRIAN NON - INTERSECTION,SINGLE VEHICLE,STRAIGHT & LEVEL,DAWN,,,10/5/2021 8:10:55 AM,False,5233,Accepted,
28854817,0568000,LOUISVILLE METRO POLICE DEPT,Accepted,JEFFERSON,KY0864,,POPLAR LEVEL,RD,,,,KY1747,FERN VALLEY,,FERN VALLEY,38.158435699,-85.648567024,6.768,10/4/2021 12:00:00 AM,1746,2,2,0,0,CLOUDY,DRY,False,1 VEHICLE ENTERING/LEAVING ENTRANCE,ANGLE,STRAIGHT & LEVEL,DAYLIGHT,,,10/11/2021 8:24:51 AM,False,7851,Accepted,
28802756,0568000,LOUISVILLE METRO POLICE DEPT,Accepted,JEFFERSON,US0060,,SHELBYVILLE,RD,,KY1531,JOHNSON,,,,,38.233509997,-85.453590087,14.886,10/4/2021 12:00:00 AM,1718,2,2,1,0,CLEAR,DRY,False,HEAD-ON COLLISION,HEAD ON,STRAIGHT & LEVEL,DAYLIGHT,,,10/7/2021 8:12:45 AM,False,2308,Accepted,
28794051,0568000,LOUISVILLE METRO POLICE DEPT,Accepted,JEFFERSON,,,BROADWAY,,W,,26TH,,,,,38.249475305,-85.794866028,0.361,10/4/2021 12:00:00 AM,1230,2,2,0,0,CLEAR,DRY,False,SIDESWIPE-SAME DIRECTION,SIDESWIPE-SAME DIRECTION,STRAIGHT & LEVEL,DAYLIGHT,,,10/5/2021 8:10:39 AM,False,5308,Accepted,
28794031,0568000,LOUISVILLE METRO POLICE DEPT,Accepted,JEFFERSON,,2208,GOLDSMITH,LN,,,,,,,,38.208929686,-85.668241222,1.104,10/4/2021 12:00:00 AM,0708,2,2,0,0,CLEAR,WET,False,OTHER ROADWAY OR MID-BLOCK COLLISION,OPPOSING LEFT TURN,STRAIGHT & LEVEL,DAWN,,,10/5/2021 8:08:44 AM,False,5305,Accepted,
28794032,0568000,LOUISVILLE METRO POLICE DEPT,Accepted,JEFFERSON,US0060,,SHELBYVILLE,RD,,,,,LAKE FOREST,,SPREADING OAK,38.240716796,-85.493965084,12.552,10/4/2021 12:00:00 AM,0700,2,2,0,0,CLOUDY,WET,False,REAR END IN TRAFFIC LANES BOTH VEHICLES MOVING,REAR END,STRAIGHT & LEVEL,DAYLIGHT,,,10/5/2021 8:08:52 AM,False,2013,Accepted,
28794049,0568000,LOUISVILLE METRO POLICE DEPT,Accepted,JEFFERSON,US0031E,,BARDSTOWN,RD,,,,KY2053,THIXTON,,GLENMARY VILLAGE,38.101809592,-85.565619742,2.000,10/4/2021 12:00:00 AM,1638,4,4,0,0,CLEAR,DRY,False,REAR END IN TRAFFIC LANES BOTH VEHICLES MOVING,REAR END,STRAIGHT & LEVEL,DAYLIGHT,,,10/5/2021 8:10:25 AM,False,6878,Accepted,
28794050,0568000,LOUISVILLE METRO POLICE DEPT,Accepted,JEFFERSON,KY1932,3030,BRECKENRIDGE,LN,,,,,,,,38.216481855,-85.627387770,2.561,10/4/2021 12:00:00 AM,1538,2,1,0,1,CLOUDY,DRY,False,COLLISION WITH TRAIN,SINGLE VEHICLE,STRAIGHT & LEVEL,DAYLIGHT,,,10/5/2021 8:10:35 AM,False,7864,Accepted,
28794058,0568000,LOUISVILLE METRO POLICE DEPT,Accepted,JEFFERSON,I 0265,,I265 W,,,,,,,,,38.132846807,-85.600258730,16.161,10/4/2021 12:00:00 AM,1142,2,2,0,0,CLEAR,DRY,False,SIDESWIPE COLLISION - SAME DIRECTION,SIDESWIPE-SAME DIRECTION,STRAIGHT & GRADE,DAYLIGHT,,,10/5/2021 8:11:20 AM,False,2321,Accepted,
28794064,0568000,LOUISVILLE METRO POLICE DEPT,Accepted,JEFFERSON,,,BELLEVUE,AVE,,,,,DENMARK,,EVELYN,38.196256090,-85.772671232,0.121,10/4/2021 12:00:00 AM,1847,2,2,0,1,CLEAR,DRY,True,1 VEHICLE ENTERING/LEAVING ENTRANCE,ANGLE,STRAIGHT & LEVEL,DAYLIGHT,,,10/5/2021 8:12:09 AM,False,5221,Accepted,
28794065,0568000,LOUISVILLE METRO POLICE DEPT,Accepted,JEFFERSON,,,25TH,ST,S,,PIRTLE,,,,,38.259795879,-85.791397184,0.047,10/4/2021 12:00:00 AM,2245,2,2,0,0,CLEAR,DRY,False,REAR END - ONE VEHICLE TURNING RIGHT,REAR END,STRAIGHT & LEVEL,DARK-HWY LIGHTED/ON,,,10/5/2021 8:12:12 AM,False,5275,Accepted,
28794066,0568000,LOUISVILLE METRO POLICE DEPT,Accepted,JEFFERSON,US0031E,,BARDSTOWN,RD,,,BANNON CROSSINGS,,,,,38.182198866,-85.628697195,8.816,10/4/2021 12:00:00 AM,2020,2,2,0,0,CLEAR,DRY,False,OPPOSING LEFT TURN,OPPOSING LEFT TURN,STRAIGHT & LEVEL,DARK-HWY LIGHTED/ON,,,10/5/2021 8:12:16 AM,False,5305,Accepted,
28794067,0568000,LOUISVILLE METRO POLICE DEPT,Accepted,JEFFERSON,I 0264,,I264 W,,,I 0065,I65 S EXIT131B RAMP TO I264 W,,,,,38.190055704,-85.735506702,11.767,10/4/2021 12:00:00 AM,2052,2,2,0,0,CLEAR,DRY,False,OTHER INTERSECTION COLLISIONS,REAR END,STRAIGHT & LEVEL,DARK-HWY LIGHTED/ON,,,10/5/2021 8:12:20 AM,False,5316,Accepted,
28794059,0568000,LOUISVILLE METRO POLICE DEPT,Accepted,JEFFERSON,,,GARLAND,AVE,,,,,,,,38.244480680,-85.793565511,1.459,10/4/2021 12:00:00 AM,1212,2,2,0,0,CLEAR,DRY,False,1 VEHICLE ENTERING/LEAVING ENTRANCE,ANGLE,STRAIGHT & GRADE,DAYLIGHT,,,10/5/2021 8:11:28 AM,False,5386,Accepted,
28798577,0568000,LOUISVILLE METRO POLICE DEPT,Accepted,JEFFERSON,,4419,ESTATE,DR,,,,,,,,38.177091792,-85.805270740,0.303,10/4/2021 12:00:00 AM,1843,2,2,0,2,CLOUDY,DRY,True,1 VEHICLE ENTERING/LEAVING ENTRANCE,ANGLE,STRAIGHT & LEVEL,DUSK,,,10/6/2021 8:16:28 AM,False,5180,Accepted,
28802733,0568000,LOUISVILLE METRO POLICE DEPT,Accepted,JEFFERSON,KY0864,,CEDAR CREEK,RD,,,,,,,,38.095027369,-85.622065917,0.835,10/3/2021 12:00:00 AM,1038,3,3,0,0,RAINING,WET,False,SIDESWIPE COLLISION - OPPOSITE DIRECTION,SIDESWIPE-OPPOSITE DIRECTION,CURVE & LEVEL,DAYLIGHT,,,10/7/2021 8:09:57 AM,False,7474,Accepted,
28790973,0560600,WEST BUECHEL POLICE DEPT.,Accepted,JEFFERSON,,2100,BASHFORD MANOR,LN,,,,,,,,38.202821735,-85.664692854,0.019,10/3/2021 12:00:00 AM,1430,4,4,0,0,CLEAR,DRY,False,COLLISION IN PARKING LOT,HEAD ON,STRAIGHT & LEVEL,DAYLIGHT,,,10/4/2021 2:14:10 PM,False,1295,Accepted,
28789630,0568000,LOUISVILLE METRO POLICE DEPT,Accepted,JEFFERSON,US0060A,,EASTERN,PKWY,,,BARRET,,,,,38.226516273,-85.720438531,6.105,10/3/2021 12:00:00 AM,0958,2,2,0,0,RAINING,WET,False,REAR END - ONE VEHICLE TURNING LEFT,REAR END,CURVE & LEVEL,DAYLIGHT,,,10/4/2021 8:33:24 AM,False,7129,Accepted,
28789637,0568000,LOUISVILLE METRO POLICE DEPT,Accepted,JEFFERSON,,,ROWAN,ST,,,18TH,,,,,38.260527941,-85.779461768,0.603,10/3/2021 12:00:00 AM,1225,2,2,0,0,RAINING,WET,False,ANGLE COLLISION - OTHER,ANGLE,STRAIGHT & LEVEL,DAYLIGHT,,,10/4/2021 8:34:58 AM,False,7325,Accepted,
28789639,0568000,LOUISVILLE METRO POLICE DEPT,Accepted,JEFFERSON,I 0071,,I71 S,,,,,,,,,38.299401928,-85.620193515,6.692,10/3/2021 12:00:00 AM,1340,1,1,0,0,RAINING,WET,False,OTHER COLLISIONS ON SHOULDER,SINGLE VEHICLE,STRAIGHT & LEVEL,DAYLIGHT,,,10/4/2021 8:35:13 AM,False,7615,Accepted,
28789646,0568000,LOUISVILLE METRO POLICE DEPT,Accepted,JEFFERSON,US0031W,,DIXIE,HWY,,KY1931,GREENWOOD,,,,,38.143883986,-85.839525398,11.714,10/3/2021 12:00:00 AM,1959,2,2,0,0,CLOUDY,WET,True,OTHER INTERSECTION COLLISIONS,REAR END,STRAIGHT & LEVEL,DARK-HWY LIGHTED/ON,,,10/4/2021 8:35:45 AM,False,5212,Accepted,
28789589,0568000,LOUISVILLE METRO POLICE DEPT,Accepted,JEFFERSON,,,28TH,ST,S,,KENTUCKY,,,,,38.243633023,-85.799298969,1.212,10/3/2021 12:00:00 AM,0325,2,2,0,1,RAINING,WET,False,ANGLE COLLISION - OTHER,ANGLE,STRAIGHT & LEVEL,DARK-HWY LIGHTED/ON,,,10/4/2021 8:27:04 AM,False,5303,Accepted,
28789622,0568000,LOUISVILLE METRO POLICE DEPT,Accepted,JEFFERSON,I 0071,,I71 N,,,,,,,,,38.285081223,-85.680799515,3.001,10/3/2021 12:00:00 AM,1026,1,1,0,0,RAINING,WET,False,OTHER ROADWAY OR MID-BLOCK COLLISION,SINGLE VEHICLE,STRAIGHT & LEVEL,DAYLIGHT,,,10/4/2021 8:32:49 AM,False,7028,Accepted,
28789629,0568000,LOUISVILLE METRO POLICE DEPT,Accepted,JEFFERSON,,,39TH,ST,N,,MAIN,,,,,38.264497254,-85.813275512,0.584,10/3/2021 12:00:00 AM,0802,4,4,0,0,CLOUDY,WET,False,COLLISION WITH PARKED VEHICLE,HEAD ON,STRAIGHT & LEVEL,DAYLIGHT,,,10/4/2021 8:33:15 AM,False,5388,Accepted,
28789603,0568000,LOUISVILLE METRO POLICE DEPT,Accepted,JEFFERSON,KY1703,990,BAXTER,AVE,,,,,,,,38.240137640,-85.724181950,5.673,10/3/2021 12:00:00 AM,0201,1,1,0,0,CLOUDY,DRY,False,COLLISION WITH FIXED OBJECT NON - INTERSECTION - FIRST EVENT COLLISION 09 - 32 EXCLUDING 16,SINGLE VEHICLE,STRAIGHT & LEVEL,DARK-HWY LIGHTED/ON,,,10/4/2021 8:29:27 AM,False,5307,Accepted,
28789635,0568000,LOUISVILLE METRO POLICE DEPT,Accepted,JEFFERSON,,,HIKES,LN,,,ROSS,,,,,38.214562554,-85.634938093,2.604,10/3/2021 12:00:00 AM,1611,1,1,0,0,CLOUDY,DRY,True,OTHER INTERSECTION COLLISIONS,SINGLE VEHICLE,STRAIGHT & LEVEL,DAYLIGHT,,,10/4/2021 8:34:23 AM,False,5288,Accepted,
28789652,0568000,LOUISVILLE METRO POLICE DEPT,Accepted,JEFFERSON,,1117,ASHLAND,AVE,W,,,,,,,38.185078553,-85.763266769,0.056,10/3/2021 12:00:00 AM,0408,2,2,0,0,CLOUDY,WET,True,1 VEHICLE PARKED POSITION (NOT PARKING LOT/DRIVEWAY),REAR END,CURVE & LEVEL,DARK (UNKNOWN ROADWAY LIGHTING),,,10/4/2021 8:36:05 AM,False,7376,Accepted,
28802731,0568000,LOUISVILLE METRO POLICE DEPT,Accepted,JEFFERSON,I 0065,,,,,,,,,,,38.158036764,-85.721809172,0.034,10/3/2021 12:00:00 AM,1441,2,2,0,0,CLOUDY,DRY,True,OTHER RAMP RELATED COLLISIONS NOT LISTED ABOVE,ANGLE,STRAIGHT & LEVEL,DAYLIGHT,I 0065,KY1631,10/7/2021 8:09:45 AM,False,7451,Accepted,
28789590,0568000,LOUISVILLE METRO POLICE DEPT,Accepted,JEFFERSON,KY1065,,OUTER,LOOP,,KY0061,PRESTON,,,,,38.138402865,-85.686720099,6.063,10/3/2021 12:00:00 AM,0323,2,2,0,0,CLOUDY,WET,True,ANGLE COLLISION - ONE VEHICLE TURNING LEFT,ANGLE,STRAIGHT & LEVEL,DARK-HWY LIGHTED/ON,,,10/4/2021 8:27:30 AM,True,7100,Accepted,
28789565,0560300,ST. MATTHEWS POLICE DEPARTMENT,Accepted,JEFFERSON,US0060,5000,SHELBYVILLE,RD,,,,,,,,38.250327816,-85.623300244,5.319,10/3/2021 12:00:00 AM,1439,2,2,0,0,CLOUDY,DRY,False,OTHER ROADWAY OR MID-BLOCK COLLISION,REAR END,STRAIGHT & LEVEL,DAYLIGHT,,,10/4/2021 8:24:34 AM,False,9155,Accepted,
28789592,0568000,LOUISVILLE METRO POLICE DEPT,Accepted,JEFFERSON,,4001,CARBINE,LN,,,,,,,,38.098493903,-85.688962133,0.294,10/3/2021 12:00:00 AM,0345,3,3,0,0,RAINING,WET,False,1 VEHICLE PARKED POSITION (NOT PARKING LOT/DRIVEWAY),REAR END,STRAIGHT & LEVEL,DARK-HWY LIGHTED/OFF,,,10/4/2021 8:27:40 AM,False,5040,Accepted,
28789598,0568000,LOUISVILLE METRO POLICE DEPT,Accepted,JEFFERSON,US0031W,7400,DIXIE,HWY,,,,,,,,38.143458584,-85.839703374,11.688,10/3/2021 12:00:00 AM,0218,2,2,0,0,CLEAR,DRY,False,COLLISION IN PARKING LOT,REAR END,STRAIGHT & LEVEL,OTHER,,,10/4/2021 8:28:32 AM,False,5059,Accepted,
28789633,0568000,LOUISVILLE METRO POLICE DEPT,Accepted,JEFFERSON,US0060A,,EASTERN,PKWY,,,LYDIA,,,,,38.220734763,-85.733186697,5.242,10/3/2021 12:00:00 AM,1800,2,2,0,0,CLOUDY,WET,False,ANGLE COLLISION - OTHER,ANGLE,STRAIGHT & LEVEL,DAYLIGHT,,,10/4/2021 8:33:52 AM,False,5175,Accepted,
28789634,0568000,LOUISVILLE METRO POLICE DEPT,Accepted,JEFFERSON,I 0065,,I65 S,,,,,,,,,38.240888042,-85.753172280,134.920,10/3/2021 12:00:00 AM,1159,2,2,0,0,RAINING,WATER (STANDING OR MOVING),False,REAR END IN TRAFFIC LANES BOTH VEHICLES MOVING,REAR END,STRAIGHT & LEVEL,DAYLIGHT,,,10/4/2021 8:34:03 AM,False,5378,Accepted,
28789643,0568000,LOUISVILLE METRO POLICE DEPT,Accepted,JEFFERSON,,,ST ANTHONY CHURCH,RD,,,,,,,,38.150521310,-85.821653382,0.010,10/3/2021 12:00:00 AM,1345,1,1,0,0,RAINING,WET,False,COLLISION WITH FIXED OBJECT NON - INTERSECTION - FIRST EVENT COLLISION 09 - 32 EXCLUDING 16,SINGLE VEHICLE,STRAIGHT & LEVEL,DAYLIGHT,,,10/4/2021 8:35:26 AM,False,7331,Accepted,
28789649,0568000,LOUISVILLE METRO POLICE DEPT,Accepted,JEFFERSON,I 0071,8,I71 N,,,,,,,,,38.310304323,-85.590704837,8.516,10/3/2021 12:00:00 AM,1603,2,2,0,0,CLEAR,WET,False,SIDESWIPE COLLISION - SAME DIRECTION,SIDESWIPE-SAME DIRECTION,STRAIGHT & HILLCREST,DAYLIGHT,,,10/4/2021 8:36:01 AM,False,7369,Accepted,
28854785,0568000,LOUISVILLE METRO POLICE DEPT,Accepted,JEFFERSON,,,11TH,ST,S,US0031W,MARKET,,,,,38.256614427,-85.768402729,0.088,10/3/2021 12:00:00 AM,2121,2,2,0,0,CLEAR,DRY,True,OTHER INTERSECTION COLLISIONS,REAR END,STRAIGHT & LEVEL,DARK-HWY LIGHTED/ON,,,10/11/2021 8:22:34 AM,False,5354,Accepted,
28798590,0568000,LOUISVILLE METRO POLICE DEPT,Accepted,JEFFERSON,US0031W,,DIXIE,HWY,,US0031W,US31W RAMP FROM KY841,,,,,38.092579522,-85.875598344,7.506,10/3/2021 12:00:00 AM,1429,2,2,0,0,RAINING,WET,False,OTHER INTERSECTION COLLISIONS,REAR END,STRAIGHT & LEVEL,DAYLIGHT,,,10/6/2021 8:17:31 AM,False,2311,Accepted,
28802761,0568000,LOUISVILLE METRO POLICE DEPT,Accepted,JEFFERSON,I 0265,,I265 S,,,,,I 0265,I265 S EXIT29 OFF RAMP TO KY3084,I 0265,I265 S EXIT30 ON RAMP FROM KY146,38.285158398,-85.505063247,29.878,10/3/2021 12:00:00 AM,2333,1,1,0,4,CLOUDY,WET,False,COLLISION WITH FIXED OBJECT NON - INTERSECTION - FIRST EVENT COLLISION 09 - 32 EXCLUDING 16,SINGLE VEHICLE,CURVE & LEVEL,DARK-HWY NOT LIGHTED,,,10/7/2021 8:13:14 AM,False,5289,Accepted,
28882619,0568000,LOUISVILLE METRO POLICE DEPT,Accepted,JEFFERSON,I 0064,,I64 W,,,,,,,,,38.269857214,-85.782173324,2.648,10/3/2021 12:00:00 AM,0840,2,2,0,1,RAINING,WET,False,COLLISION WITH FIXED OBJECT NON - INTERSECTION - FIRST EVENT COLLISION 09 - 32 EXCLUDING 16,ANGLE,STRAIGHT & LEVEL,DAYLIGHT,,,10/12/2021 8:55:29 AM,False,5025,Accepted,
29677036,0568000,LOUISVILLE METRO POLICE DEPT,Accepted,JEFFERSON,,,BROADWAY,,W,,34TH,,,,,38.249883561,-85.807595567,1.056,10/3/2021 12:00:00 AM,1702,2,2,0,0,RAINING,WET,False,OTHER INTERSECTION COLLISIONS,REAR END,STRAIGHT & LEVEL,DAYLIGHT,,,2/9/2022 8:10:36 AM,False,5160,Accepted,
29182759,0568000,LOUISVILLE METRO POLICE DEPT,Accepted,JEFFERSON,US0150,,BROADWAY,,E,KY0864,SHELBY,,,,,38.244708039,-85.739555652,3.402,10/3/2021 12:00:00 AM,0800,2,2,0,0,CLEAR,DRY,False,ANGLE COLLISION - OTHER,ANGLE,STRAIGHT & LEVEL,DAYLIGHT,,,11/4/2021 8:25:18 AM,False,7216,Accepted,
29855031,0568000,LOUISVILLE METRO POLICE DEPT,Accepted,JEFFERSON,,,BROADWAY,,W,,,,,,,38.249894838,-85.807844717,1.069,10/2/2021 12:00:00 AM,1656,2,2,0,0,CLEAR,DRY,False,OTHER ROADWAY OR MID-BLOCK COLLISION,REAR END,STRAIGHT & LEVEL,DAYLIGHT,,,3/24/2022 8:35:50 AM,False,5160,Accepted,
28803370,0150100,SHEPHERDSVILLE POLICE DEPT.,Accepted,JEFFERSON,KY0061,6000,PRESTON,HWY,,,,,,,,38.163157124,-85.700788691,5.841,10/2/2021 12:00:00 AM,1421,2,2,0,0,CLEAR,DRY,False,COLLISION IN PARKING LOT,REAR END,STRAIGHT & LEVEL,DAYLIGHT,,,10/7/2021 11:36:33 AM,False,061,Accepted,