IncidentID,AgencyORI,AgencyName,IncidentStatusDesc,County,RdwyNumber,Street,RoadwayName,StreetSfx,StreetDir,IntersectionRdwy,IntersectionRdwyName,BetweenStRdwy1,BetweenStRdwyName1,BetweenStRdwy2,BetweenStRdwyName2,Latitude,Longitude,Milepoint,CollisionDate,CollisionTime,UnitsInvolved,MotorVehiclesInvolved,NumberKilled,NumberInjured,Weather,RdwyConditionCode,HitandRun,DirAnalysisCode,MannerofCollision,RdwyCharacter,LightCondition,RampFromRdwyId,RampToRdwyId,AcceptedDate,IsSecondaryCollision,OwnerBadge,IncidentStatus,
28789625,0568000,LOUISVILLE METRO POLICE DEPT,Accepted,JEFFERSON,,,HILL,ST,W,,MCCLOSKEY,,,,,38.228182795,-85.787355166,1.669,10/2/2021 12:00:00 AM,1500,2,2,0,0,CLOUDY,DRY,False,ANGLE COLLISION - OTHER,ANGLE,STRAIGHT & LEVEL,DAYLIGHT,,,10/4/2021 8:32:59 AM,False,5253,Accepted,
28789607,0568000,LOUISVILLE METRO POLICE DEPT,Accepted,JEFFERSON,,1316,43RD,ST,S,,,,,,,38.238189591,-85.825686479,1.873,10/2/2021 12:00:00 AM,2034,2,2,0,0,CLEAR,DRY,False,1 VEHICLE PARKED POSITION (NOT PARKING LOT/DRIVEWAY),REAR END,STRAIGHT & LEVEL,DUSK,,,10/4/2021 8:29:43 AM,False,7309,Accepted,
28789608,0568000,LOUISVILLE METRO POLICE DEPT,Accepted,JEFFERSON,,,CEDAR,ST,,US0031W,DR W J HODGE,,,,,38.255617192,-85.785382455,0.636,10/2/2021 12:00:00 AM,1230,2,2,0,3,CLEAR,DRY,False,ANGLE COLLISION - OTHER,ANGLE,STRAIGHT & LEVEL,DAYLIGHT,,,10/4/2021 8:29:48 AM,False,5173,Accepted,
28789583,0568000,LOUISVILLE METRO POLICE DEPT,Accepted,JEFFERSON,KY1934,,CANE RUN,RD,,KY1727,TERRY,,,,,38.178056333,-85.861836567,7.183,10/2/2021 12:00:00 AM,1846,2,2,0,1,CLEAR,DRY,False,ANGLE COLLISION - OTHER,ANGLE,STRAIGHT & LEVEL,DAYLIGHT,,,10/4/2021 8:26:36 AM,False,7483,Accepted,
28789584,0568000,LOUISVILLE METRO POLICE DEPT,Accepted,JEFFERSON,KY1865,,NEW CUT,RD,,,,,,,,38.143047064,-85.774655747,2.476,10/2/2021 12:00:00 AM,1433,2,2,0,2,CLEAR,DRY,False,1 VEHICLE ENTERING/LEAVING ENTRANCE,ANGLE,STRAIGHT & LEVEL,DAYLIGHT,,,10/4/2021 8:26:40 AM,False,7331,Accepted,
28789600,0568000,LOUISVILLE METRO POLICE DEPT,Accepted,JEFFERSON,KY1065,,OUTER,LOOP,,KY0061,PRESTON,,,,,38.138488206,-85.686940554,6.047,10/2/2021 12:00:00 AM,1854,2,2,0,3,RAINING,WET,False,ANGLE COLLISION - OTHER,ANGLE,STRAIGHT & LEVEL,DARK-HWY LIGHTED/ON,,,10/4/2021 8:28:50 AM,False,5336,Accepted,
28789601,0568000,LOUISVILLE METRO POLICE DEPT,Accepted,JEFFERSON,,,JEFFERSON,ST,E,US0031E,BAXTER,,,,,38.251237749,-85.733043384,0.006,10/2/2021 12:00:00 AM,2012,2,2,0,0,CLEAR,DRY,False,ANGLE COLLISION - OTHER,ANGLE,STRAIGHT & LEVEL,DARK-HWY LIGHTED/ON,,,10/4/2021 8:28:58 AM,False,5135,Accepted,
28789582,0568000,LOUISVILLE METRO POLICE DEPT,Accepted,JEFFERSON,US0031E,,BARDSTOWN,RD,,,,,,,,38.142248975,-85.583439787,4.974,10/2/2021 12:00:00 AM,1849,2,2,0,0,CLOUDY,DRY,False,REAR END IN TRAFFIC LANES BOTH VEHICLES MOVING,REAR END,STRAIGHT & LEVEL,DAYLIGHT,,,10/4/2021 8:26:32 AM,False,7698,Accepted,
28789574,0568000,LOUISVILLE METRO POLICE DEPT,Accepted,JEFFERSON,I 0264,,I264 W,,,,,,,,,38.191719715,-85.714819244,12.901,10/2/2021 12:00:00 AM,1253,4,4,0,0,CLOUDY,DRY,False,REAR END IN TRAFFIC LANES BOTH VEHICLES MOVING,REAR END,STRAIGHT & LEVEL,DAYLIGHT,,,10/4/2021 8:25:31 AM,False,7872,Accepted,
28789575,0568000,LOUISVILLE METRO POLICE DEPT,Accepted,JEFFERSON,US0031E,,MAIN,ST,E,,,KY0061,JACKSON,KY0061,PRESTON,38.255245554,-85.744725744,17.392,10/2/2021 12:00:00 AM,1245,4,4,0,1,CLOUDY,DRY,False,1 VEHICLE PARKED POSITION (NOT PARKING LOT/DRIVEWAY),REAR END,STRAIGHT & LEVEL,DAYLIGHT,,,10/4/2021 8:25:42 AM,False,6360,Accepted,
28789559,0568000,LOUISVILLE METRO POLICE DEPT,Accepted,JEFFERSON,,6607,MOORHAMPTON,DR,,,,,,,,38.153096294,-85.643717802,0.029,10/2/2021 12:00:00 AM,0359,2,2,0,0,CLEAR,DRY,False,1 VEHICLE PARKED POSITION (NOT PARKING LOT/DRIVEWAY),HEAD ON,STRAIGHT & LEVEL,DARK (UNKNOWN ROADWAY LIGHTING),,,10/4/2021 8:24:04 AM,False,5138,Accepted,
28806744,0568000,LOUISVILLE METRO POLICE DEPT,Accepted,JEFFERSON,,,GAGEL,AVE,,,SANDERS,,,,,38.172906849,-85.808921010,0.751,10/2/2021 12:00:00 AM,1708,2,2,0,1,CLEAR,DRY,False,ANGLE COLLISION - OTHER,ANGLE,STRAIGHT & HILLCREST,DAYLIGHT,,,10/8/2021 8:12:48 AM,False,5123,Accepted,
28789654,0568000,LOUISVILLE METRO POLICE DEPT,Accepted,JEFFERSON,KY0061,,JACKSON,ST,S,KY0061,PRESTON,,,,,38.227797878,-85.750560287,10.956,10/2/2021 12:00:00 AM,2047,2,2,0,0,CLOUDY,DRY,False,ANGLE COLLISION - OTHER,ANGLE,STRAIGHT & GRADE,DAYLIGHT,,,10/4/2021 8:36:09 AM,False,5379,Accepted,
28789620,0568000,LOUISVILLE METRO POLICE DEPT,Accepted,JEFFERSON,I 0264,,I264 W,,,I 0264,I264 W EXIT4 OFF RAMP TO KY2056,,,,,38.222255325,-85.822098848,4.053,10/2/2021 12:00:00 AM,1539,3,3,0,0,CLOUDY,DRY,False,OTHER INTERSECTION COLLISIONS,REAR END,STRAIGHT & LEVEL,DAYLIGHT,,,10/4/2021 8:32:36 AM,False,2569,Accepted,
28789595,0568000,LOUISVILLE METRO POLICE DEPT,Accepted,JEFFERSON,I 0264,,I264 W,,,,,,,,,38.189826987,-85.739176747,11.574,10/2/2021 12:00:00 AM,1921,2,2,0,1,CLEAR,DRY,False,REAR END IN TRAFFIC LANES BOTH VEHICLES MOVING,REAR END,STRAIGHT & LEVEL,DARK-HWY LIGHTED/ON,,,10/4/2021 8:28:07 AM,False,5317,Accepted,
28789602,0568000,LOUISVILLE METRO POLICE DEPT,Accepted,JEFFERSON,KY0864,,GOSS,AVE,,,BOYLE,,,,,38.229602159,-85.739210476,14.339,10/2/2021 12:00:00 AM,1109,2,2,0,0,CLEAR,DRY,False,ANGLE COLLISION - OTHER,ANGLE,STRAIGHT & LEVEL,DAYLIGHT,,,10/4/2021 8:29:08 AM,False,5175,Accepted,
28789578,0568000,LOUISVILLE METRO POLICE DEPT,Accepted,JEFFERSON,,3138,COMMANDER,DR,,,,,,,,38.217606224,-85.655083852,0.088,10/2/2021 12:00:00 AM,1551,2,2,0,1,CLEAR,DRY,False,1 VEHICLE PARKED POSITION (NOT PARKING LOT/DRIVEWAY),HEAD ON,STRAIGHT & LEVEL,DAYLIGHT,,,10/4/2021 8:26:01 AM,False,5247,Accepted,
28789585,0568000,LOUISVILLE METRO POLICE DEPT,Accepted,JEFFERSON,,,MANSLICK,RD,,,MCNAIR,,,,,38.134572483,-85.795838965,1.343,10/2/2021 12:00:00 AM,1617,1,1,0,0,CLEAR,DRY,False,COLLISION WITH FIXED OBJECT IN INTERSECTION - FIRST EVENT COLLISION 09 - 32,SINGLE VEHICLE,CURVE & GRADE,DAYLIGHT,,,10/4/2021 8:26:45 AM,False,7139,Accepted,
28789586,0568000,LOUISVILLE METRO POLICE DEPT,Accepted,JEFFERSON,KY2048,,CANNONS,LN,,I 0064,I64 E EXIT10 OFF RAMP TO KY2048,,,,,38.234792559,-85.657784325,1.203,10/2/2021 12:00:00 AM,2020,2,2,0,1,CLOUDY,DRY,False,ANGLE COLLISION - OTHER,ANGLE,STRAIGHT & HILLCREST,DARK-HWY LIGHTED/ON,,,10/4/2021 8:26:54 AM,False,7916,Accepted,
28789596,0568000,LOUISVILLE METRO POLICE DEPT,Accepted,JEFFERSON,,,UPPER HUNTERS,TRCE,,,DOYLE,,,,,38.167173646,-85.838604077,0.574,10/2/2021 12:00:00 AM,1958,2,2,0,0,CLEAR,DRY,False,OPPOSITE DIRECTION - BOTH VEHICLES GOING STRAIGHT AHEAD,SIDESWIPE-OPPOSITE DIRECTION,CURVE & LEVEL,DAYLIGHT,,,10/4/2021 8:28:14 AM,False,5059,Accepted,
28789605,0568000,LOUISVILLE METRO POLICE DEPT,Accepted,JEFFERSON,KY0061,5215,PRESTON,HWY,,,,,,,,38.172594904,-85.710574391,6.685,10/2/2021 12:00:00 AM,2008,2,2,0,2,CLEAR,DRY,False,OTHER ROADWAY OR MID-BLOCK COLLISION,OPPOSING LEFT TURN,STRAIGHT & LEVEL,DARK-HWY LIGHTED/ON,,,10/4/2021 8:29:34 AM,False,5189,Accepted,
28789555,0568000,LOUISVILLE METRO POLICE DEPT,Accepted,JEFFERSON,,,7TH,ST,S,,11TH,,,,,38.222580607,-85.773852272,0.250,10/2/2021 12:00:00 AM,0344,2,2,0,0,CLEAR,DRY,True,ANGLE COLLISION - OTHER,ANGLE,STRAIGHT & HILLCREST,DARK-HWY LIGHTED/ON,,,10/4/2021 8:23:06 AM,False,5183,Accepted,
28789579,0568000,LOUISVILLE METRO POLICE DEPT,Accepted,JEFFERSON,I 0264,,I264 W,,,,,,,,,38.190216472,-85.732853586,11.912,10/2/2021 12:00:00 AM,1338,2,2,0,0,CLEAR,DRY,True,1 VEHICLE PARKED POSITION (NOT PARKING LOT/DRIVEWAY),REAR END,STRAIGHT & LEVEL,DAYLIGHT,,,10/4/2021 8:26:18 AM,False,5378,Accepted,
28789580,0568000,LOUISVILLE METRO POLICE DEPT,Accepted,JEFFERSON,,,UPPER HUNTERS,TRCE,,,WEBER,,,,,38.166900678,-85.840993156,0.708,10/2/2021 12:00:00 AM,1040,2,2,0,0,CLEAR,DRY,False,ANGLE COLLISION - OTHER,ANGLE,CURVE & LEVEL,DAYLIGHT,,,10/4/2021 8:26:23 AM,False,7340,Accepted,
28789587,0568000,LOUISVILLE METRO POLICE DEPT,Accepted,JEFFERSON,I 0065,,I65 S,,,,,I 0065,I65 S EXIT127 ON RAMP FROM KY1065,I 0065,I65 S EXIT125 OFF RAMP,38.125194967,-85.702927171,125.868,10/2/2021 12:00:00 AM,0328,2,2,0,0,CLEAR,DRY,False,1 VEHICLE ENTERING/LEAVING ENTRANCE,ANGLE,CURVE & GRADE,DARK-HWY LIGHTED/ON,,,10/4/2021 8:27:00 AM,False,7100,Accepted,
28786012,0560300,ST. MATTHEWS POLICE DEPARTMENT,Accepted,JEFFERSON,US0060,5000,SHELBYVILLE,RD,,I 0264,I264 W EXIT20B OFF RAMP TO US60,,,,,38.250096893,-85.620469379,5.473,10/2/2021 12:00:00 AM,1555,2,2,0,0,CLEAR,DRY,False,OTHER INTERSECTION COLLISIONS,REAR END,STRAIGHT & LEVEL,DAYLIGHT,,,10/2/2021 11:03:49 PM,False,9187,Accepted,
28789696,0568000,LOUISVILLE METRO POLICE DEPT,Accepted,JEFFERSON,,,OAK,ST,E,,,,,,,38.233290443,-85.734304643,1.171,10/2/2021 12:00:00 AM,1223,2,2,0,0,CLEAR,DRY,False,1 VEHICLE PARKED POSITION (NOT PARKING LOT/DRIVEWAY),REAR END,STRAIGHT & LEVEL,DAYLIGHT,,,10/4/2021 8:43:04 AM,False,7433,Accepted,
28789697,0568000,LOUISVILLE METRO POLICE DEPT,Accepted,JEFFERSON,,,MUHAMMAD ALI,BLVD,W,,,,,,,38.256978442,-85.809977190,3.157,10/1/2021 12:00:00 AM,1510,2,2,0,2,CLEAR,DRY,False,1 VEHICLE PARKED POSITION (NOT PARKING LOT/DRIVEWAY),REAR END,STRAIGHT & LEVEL,DAYLIGHT,,,10/4/2021 8:43:46 AM,False,2469,Accepted,
28789706,0568000,LOUISVILLE METRO POLICE DEPT,Accepted,JEFFERSON,KY1747,,HURSTBOURNE,PKWY,,,,,HAMES,US0031E,BARDSTOWN,38.167604549,-85.605891658,7.387,10/1/2021 12:00:00 AM,1243,2,2,0,0,CLEAR,DRY,False,1 VEHICLE ENTERING/LEAVING ENTRANCE,ANGLE,STRAIGHT & LEVEL,DAYLIGHT,,,10/4/2021 8:47:35 AM,False,2324,Accepted,
28789638,0568000,LOUISVILLE METRO POLICE DEPT,Accepted,JEFFERSON,,,CHAMBERLAIN,LN,,,,,,,,38.299401804,-85.541738058,2.115,10/1/2021 12:00:00 AM,1700,2,2,0,0,CLEAR,DRY,True,REAR END IN TRAFFIC LANES BOTH VEHICLES MOVING,REAR END,STRAIGHT & LEVEL,DAYLIGHT,,,10/4/2021 8:35:05 AM,False,7615,Accepted,
28791426,0561500,UNIV. OF LOUISVILLE POLICE,Accepted,JEFFERSON,,,4TH,ST,S,,,,,,,38.217537605,-85.763428686,2.722,10/1/2021 12:00:00 AM,0400,2,2,0,0,CLEAR,DRY,False,OTHER ROADWAY OR MID-BLOCK COLLISION,OPPOSING LEFT TURN,STRAIGHT & GRADE,DARK-HWY LIGHTED/ON,,,10/4/2021 3:36:53 PM,False,5709,Accepted,
28794057,0568000,LOUISVILLE METRO POLICE DEPT,Accepted,JEFFERSON,KY3064,,PORTLAND,AVE,,,,,,,,38.271073903,-85.789957571,0.444,10/1/2021 12:00:00 AM,0950,2,2,0,0,CLEAR,DRY,False,SIDESWIPE COLLISION - SAME DIRECTION,SIDESWIPE-SAME DIRECTION,STRAIGHT & LEVEL,DAYLIGHT,,,10/5/2021 8:11:16 AM,False,5025,Accepted,
28800047,0568000,LOUISVILLE METRO POLICE DEPT,Accepted,JEFFERSON,,706,LEXINGTON,PL,,,,,,,,38.244322739,-85.692875832,0.068,10/1/2021 12:00:00 AM,2346,1,1,0,0,CLEAR,DRY,False,COLLISION WITH FIXED OBJECT NON - INTERSECTION - FIRST EVENT COLLISION 09 - 32 EXCLUDING 16,SINGLE VEHICLE,CURVE & LEVEL,DARK-HWY NOT LIGHTED,,,10/6/2021 2:43:21 PM,False,2034,Accepted,
28789454,0568000,LOUISVILLE METRO POLICE DEPT,Accepted,JEFFERSON,KY1020,,2ND,ST,S,,LIBERTY,,,,,38.252698943,-85.753849713,12.572,10/1/2021 12:00:00 AM,0642,2,2,0,0,CLEAR,DRY,True,OPPOSING LEFT TURN,OPPOSING LEFT TURN,STRAIGHT & LEVEL,DAWN,,,10/4/2021 8:15:58 AM,False,5311,Accepted,
28789522,0568000,LOUISVILLE METRO POLICE DEPT,Accepted,JEFFERSON,KY2052,,SHEPHERDSVILLE,RD,,,,,MONACO,KY1065,OUTER,38.139567999,-85.657714710,0.041,10/1/2021 12:00:00 AM,1604,2,2,0,0,CLEAR,DRY,False,1 VEHICLE ENTERING/LEAVING ENTRANCE,ANGLE,STRAIGHT & LEVEL,DAYLIGHT,,,10/4/2021 8:19:24 AM,False,2324,Accepted,
28789529,0568000,LOUISVILLE METRO POLICE DEPT,Accepted,JEFFERSON,US0060A,,EASTERN,PKWY,,,BURNETT,,,,,38.218882937,-85.735284156,5.070,10/1/2021 12:00:00 AM,1600,2,2,0,0,CLEAR,DRY,False,ANGLE COLLISION - ONE VEHICLE TURNING RIGHT,ANGLE,STRAIGHT & LEVEL,DAYLIGHT,,,10/4/2021 8:20:00 AM,False,5175,Accepted,
28789537,0568000,LOUISVILLE METRO POLICE DEPT,Accepted,JEFFERSON,,4566,MELTON,AVE,,,,,,,,38.145787606,-85.731543327,0.328,10/1/2021 12:00:00 AM,1703,2,2,0,0,CLEAR,DRY,False,OTHER ROADWAY OR MID-BLOCK COLLISION,OPPOSING LEFT TURN,STRAIGHT & LEVEL,DAYLIGHT,,,10/4/2021 8:20:49 AM,False,7669,Accepted,
28789544,0568000,LOUISVILLE METRO POLICE DEPT,Accepted,JEFFERSON,,,ROY WILKINS,AVE,,,CHESTNUT,,,,,38.249902938,-85.766174294,0.535,10/1/2021 12:00:00 AM,1402,2,2,0,0,CLEAR,DRY,False,OTHER INTERSECTION COLLISIONS,REAR END,STRAIGHT & LEVEL,DAYLIGHT,,,10/4/2021 8:21:30 AM,False,5173,Accepted,
28789553,0568000,LOUISVILLE METRO POLICE DEPT,Accepted,JEFFERSON,KY0061,6911,PRESTON,HWY,,,,,,,,38.149230005,-85.692740482,4.764,10/1/2021 12:00:00 AM,2018,2,2,0,1,CLEAR,DRY,False,HEAD-ON COLLISION,HEAD ON,STRAIGHT & LEVEL,DARK-HWY NOT LIGHTED,,,10/4/2021 8:21:59 AM,False,5336,Accepted,
28789554,0568000,LOUISVILLE METRO POLICE DEPT,Accepted,JEFFERSON,,,ZORN,AVE,,,,,RIVER,,RIVER,38.280220222,-85.701516334,1.983,10/1/2021 12:00:00 AM,2347,2,2,0,0,CLOUDY,DRY,False,COLLISION IN PARKING LOT,SIDESWIPE-SAME DIRECTION,STRAIGHT & LEVEL,DARK-HWY LIGHTED/ON,,,10/4/2021 8:22:09 AM,False,7159,Accepted,
28789535,0568000,LOUISVILLE METRO POLICE DEPT,Accepted,JEFFERSON,US0031W,5100,DIXIE,HWY,,,,,,,,38.168495423,-85.828613108,13.267,10/1/2021 12:00:00 AM,1528,2,2,0,0,CLEAR,DRY,False,1 VEHICLE ENTERING/LEAVING ENTRANCE,ANGLE,STRAIGHT & LEVEL,DAYLIGHT,,,10/4/2021 8:20:44 AM,False,7483,Accepted,
28780654,0568000,LOUISVILLE METRO POLICE DEPT,Accepted,JEFFERSON,KY0864,4520,POPLAR LEVEL,RD,,,,,,,,38.188154231,-85.702572179,10.730,10/1/2021 12:00:00 AM,0300,1,1,0,0,CLEAR,DRY,False,OTHER COLLISIONS ON SHOULDER,SINGLE VEHICLE,STRAIGHT & LEVEL,DARK-HWY LIGHTED/ON,,,10/1/2021 8:06:12 AM,False,5189,Accepted,
28780661,0568000,LOUISVILLE METRO POLICE DEPT,Accepted,JEFFERSON,,,DISTRIBUTION,DR,,KY1934,GREENBELT,,,,,38.150616461,-85.886199102,0.008,10/1/2021 12:00:00 AM,0600,1,1,0,1,CLEAR,DRY,False,NON-COLLISION OBJECT COLLISION,SINGLE VEHICLE,STRAIGHT & LEVEL,DARK-HWY LIGHTED/ON,,,10/1/2021 8:07:05 AM,False,7295,Accepted,
28780747,0568000,LOUISVILLE METRO POLICE DEPT,Accepted,JEFFERSON,KY0061,,PRESTON,HWY,,,INDIAN,,,,,38.170145288,-85.707967423,6.401,10/1/2021 12:00:00 AM,0458,2,2,0,0,CLEAR,DRY,False,HEAD-ON COLLISION,HEAD ON,STRAIGHT & LEVEL,DARK-HWY LIGHTED/ON,,,10/1/2021 8:07:28 AM,False,5239,Accepted,
28789571,0568000,LOUISVILLE METRO POLICE DEPT,Accepted,JEFFERSON,,500,GAULBERT,AVE,W,,,CS1007F,5TH,CS1004F,6TH,38.224925863,-85.764304629,0.301,10/1/2021 12:00:00 AM,0904,2,2,0,0,CLEAR,DRY,False,1 VEHICLE ENTERING OR LEAVING PARKED POSITION (NOT PARKING LOT),SIDESWIPE-OPPOSITE DIRECTION,STRAIGHT & LEVEL,DAYLIGHT,,,10/4/2021 8:24:46 AM,False,7400,Accepted,
28789594,0568000,LOUISVILLE METRO POLICE DEPT,Accepted,JEFFERSON,,350,CHESTNUT,ST,W,,,,,,,38.248895886,-85.757067060,2.408,10/1/2021 12:00:00 AM,2240,2,1,0,1,CLEAR,DRY,False,COLLISION WITH PEDESTRIAN NON - INTERSECTION,SINGLE VEHICLE,STRAIGHT & LEVEL,DARK-HWY LIGHTED/ON,,,10/4/2021 8:28:03 AM,False,5354,Accepted,
28789627,0568000,LOUISVILLE METRO POLICE DEPT,Accepted,JEFFERSON,,,26TH,ST,S,,CEDAR,,,,,38.256584885,-85.794103378,0.288,10/1/2021 12:00:00 AM,1812,3,3,0,3,CLEAR,DRY,True,ANGLE COLLISION - OTHER,ANGLE,STRAIGHT & LEVEL,DAYLIGHT,,,10/4/2021 8:33:04 AM,False,5173,Accepted,
28789523,0568000,LOUISVILLE METRO POLICE DEPT,Accepted,JEFFERSON,KY1447,,WESTPORT,RD,,,MURPHY,,,,,38.302032983,-85.532561818,7.560,10/1/2021 12:00:00 AM,1550,3,3,0,0,CLEAR,DRY,False,OTHER INTERSECTION COLLISIONS,REAR END,STRAIGHT & GRADE,DAYLIGHT,,,10/4/2021 8:19:36 AM,False,7316,Accepted,
28789524,0568000,LOUISVILLE METRO POLICE DEPT,Accepted,JEFFERSON,KY1020,8104,NATIONAL,TPKE,,,,,,,,38.133645320,-85.751525294,4.138,10/1/2021 12:00:00 AM,1424,2,2,0,1,CLEAR,DRY,False,OTHER ROADWAY OR MID-BLOCK COLLISION,OPPOSING LEFT TURN,STRAIGHT & LEVEL,DAYLIGHT,,,10/4/2021 8:19:41 AM,False,7252,Accepted,
28789532,0568000,LOUISVILLE METRO POLICE DEPT,Accepted,JEFFERSON,I 0064,,I64 W,,,,,I 0064,I64 W EXIT1 RAMP TO I264 E,I 0264,I264 W,38.277234924,-85.807269408,1.126,10/1/2021 12:00:00 AM,1500,2,2,0,1,CLEAR,DRY,False,OTHER ROADWAY OR MID-BLOCK COLLISION,REAR END,STRAIGHT & LEVEL,DAYLIGHT,,,10/4/2021 8:20:07 AM,False,7751,Accepted,
28789540,0568000,LOUISVILLE METRO POLICE DEPT,Accepted,JEFFERSON,,,JEFFERSON,ST,W,,12TH,,,,,38.255299218,-85.770248832,0.999,10/1/2021 12:00:00 AM,1125,2,2,0,0,CLEAR,DRY,True,OTHER INTERSECTION COLLISIONS,REAR END,STRAIGHT & LEVEL,DAYLIGHT,,,10/4/2021 8:20:57 AM,False,5173,Accepted,
28789548,0568000,LOUISVILLE METRO POLICE DEPT,Accepted,JEFFERSON,I 0065,,I65 N,,,,,,,,,38.195780625,-85.733284072,131.178,10/1/2021 12:00:00 AM,1414,2,2,0,1,CLEAR,DRY,False,SIDESWIPE COLLISION - SAME DIRECTION,SIDESWIPE-SAME DIRECTION,STRAIGHT & LEVEL,DAYLIGHT,,,10/4/2021 8:21:48 AM,False,7578,Accepted,
28780660,0568000,LOUISVILLE METRO POLICE DEPT,Accepted,JEFFERSON,I 0264,,I264 E,,,,,,,,,38.228415290,-85.821682123,3.631,10/1/2021 12:00:00 AM,0430,1,1,0,1,CLEAR,DRY,False,OTHER ROADWAY OR MID-BLOCK COLLISION,SINGLE VEHICLE,STRAIGHT & LEVEL,DARK-HWY LIGHTED/ON,,,10/1/2021 8:06:59 AM,False,7154,Accepted,
28789516,0568000,LOUISVILLE METRO POLICE DEPT,Accepted,JEFFERSON,,2512,FRANKLIN,AVE,,,,,,,,38.197971758,-85.728204160,0.033,10/1/2021 12:00:00 AM,0915,2,2,0,0,CLEAR,DRY,False,1 VEHICLE PARKED POSITION (NOT PARKING LOT/DRIVEWAY),BACKING,STRAIGHT & LEVEL,DAYLIGHT,,,10/4/2021 8:17:43 AM,False,7645,Accepted,
28789567,0568000,LOUISVILLE METRO POLICE DEPT,Accepted,JEFFERSON,US0150,,BROADWAY,,W,,7TH,,,,,38.246466458,-85.763387382,2.106,10/1/2021 12:00:00 AM,1940,2,2,0,1,CLEAR,DRY,False,ANGLE COLLISION - OTHER,ANGLE,STRAIGHT & LEVEL,DARK-HWY LIGHTED/ON,,,10/4/2021 8:24:37 AM,False,5021,Accepted,
28789593,0568000,LOUISVILLE METRO POLICE DEPT,Accepted,JEFFERSON,KY1865,,NEW CUT,RD,,KY0907,SOUTHSIDE,,,,,38.146006472,-85.775421328,2.684,10/1/2021 12:00:00 AM,2355,2,2,0,0,CLEAR,DRY,False,OPPOSING LEFT TURN,OPPOSING LEFT TURN,STRAIGHT & LEVEL,DARK-HWY LIGHTED/ON,,,10/4/2021 8:27:55 AM,False,5110,Accepted,
28789618,0568000,LOUISVILLE METRO POLICE DEPT,Accepted,JEFFERSON,,,MAPLE,ST,,,,,,,,38.246202863,-85.777555599,0.057,10/1/2021 12:00:00 AM,0950,2,1,0,1,CLEAR,DRY,False,COLLISION WITH PEDESTRIAN NON - INTERSECTION,SINGLE VEHICLE,STRAIGHT & LEVEL,DAYLIGHT,,,10/4/2021 8:31:33 AM,False,2469,Accepted,
28789648,0568000,LOUISVILLE METRO POLICE DEPT,Accepted,JEFFERSON,US0031E,,MAIN,ST,E,,BROOK,,,,,38.255898003,-85.749932071,17.698,10/1/2021 12:00:00 AM,0005,2,1,0,1,CLEAR,DRY,True,COLLISION WITH PEDESTRIAN IN INTERSECTION,SINGLE VEHICLE,STRAIGHT & LEVEL,DARK-HWY LIGHTED/ON,,,10/4/2021 8:35:54 AM,False,5365,Accepted,
28789659,0568000,LOUISVILLE METRO POLICE DEPT,Accepted,JEFFERSON,US0031E,,BAXTER,AVE,,,HIGHLAND,,,,,38.240220753,-85.724225148,15.656,10/1/2021 12:00:00 AM,2128,2,2,0,1,CLEAR,DRY,False,OPPOSING LEFT TURN,OPPOSING LEFT TURN,STRAIGHT & LEVEL,DARK-HWY LIGHTED/ON,,,10/4/2021 8:36:31 AM,False,5197,Accepted,
28789657,0568000,LOUISVILLE METRO POLICE DEPT,Accepted,JEFFERSON,,,7TH,ST,S,,11TH,,,,,38.222498010,-85.773757478,0.257,10/1/2021 12:00:00 AM,0441,2,2,0,0,CLOUDY,DRY,False,COLLISION WITH PARKED VEHICLE,ANGLE,STRAIGHT & HILLCREST,DARK-HWY LIGHTED/ON,,,10/4/2021 8:36:19 AM,False,7073,Accepted,
29182762,0568000,LOUISVILLE METRO POLICE DEPT,Accepted,JEFFERSON,KY1065,,OUTER,LOOP,,,,,,,,38.125467262,-85.760112778,1.897,10/1/2021 12:00:00 AM,1630,2,2,0,1,CLEAR,DRY,False,REAR END IN TRAFFIC LANES BOTH VEHICLES MOVING,REAR END,STRAIGHT & LEVEL,DAYLIGHT,,,11/4/2021 8:25:44 AM,False,7221,Accepted,
29312648,0568000,LOUISVILLE METRO POLICE DEPT,Accepted,JEFFERSON,I 0064,,I64 E,,,,,,,,,38.222515042,-85.502550237,19.115,10/1/2021 12:00:00 AM,0210,3,3,0,0,CLEAR,DRY,False,SIDESWIPE COLLISION - SAME DIRECTION,SIDESWIPE-SAME DIRECTION,STRAIGHT & LEVEL,DARK-HWY LIGHTED/ON,,,11/15/2021 8:20:08 AM,False,5329,Accepted,
28898095,0568000,LOUISVILLE METRO POLICE DEPT,Accepted,JEFFERSON,US0031W,,22ND,ST,S,,,,,,,38.228946514,-85.792824407,18.155,10/1/2021 12:00:00 AM,1550,2,2,0,0,CLOUDY,DRY,True,1 VEHICLE ENTERING/LEAVING ENTRANCE,ANGLE,STRAIGHT & LEVEL,DAYLIGHT,,,10/13/2021 8:22:45 AM,False,5114,Accepted,
28929590,0568000,LOUISVILLE METRO POLICE DEPT,Accepted,JEFFERSON,KY1865,,TAYLOR,BLVD,,,SEELBACH,,,,,38.187890928,-85.783596169,5.616,10/1/2021 12:00:00 AM,0916,2,2,0,1,CLEAR,DRY,False,OPPOSING LEFT TURN,OPPOSING LEFT TURN,STRAIGHT & LEVEL,DAYLIGHT,,,10/21/2021 8:14:07 AM,False,5287,Accepted,