IncidentID,AgencyORI,AgencyName,IncidentStatusDesc,County,RdwyNumber,Street,RoadwayName,StreetSfx,StreetDir,IntersectionRdwy,IntersectionRdwyName,BetweenStRdwy1,BetweenStRdwyName1,BetweenStRdwy2,BetweenStRdwyName2,Latitude,Longitude,Milepoint,CollisionDate,CollisionTime,UnitsInvolved,MotorVehiclesInvolved,NumberKilled,NumberInjured,Weather,RdwyConditionCode,HitandRun,DirAnalysisCode,MannerofCollision,RdwyCharacter,LightCondition,RampFromRdwyId,RampToRdwyId,AcceptedDate,IsSecondaryCollision,OwnerBadge,IncidentStatus,
28794062,0568000,LOUISVILLE METRO POLICE DEPT,Accepted,JEFFERSON,KY1932,,BRECKENRIDGE,LN,,,COUNTRY ACRES,,,,,38.183901098,-85.626351166,0.188,9/30/2021 12:00:00 AM,2042,2,2,0,0,CLEAR,DRY,True,REAR END - ONE VEHICLE TURNING RIGHT,REAR END,,DARK-HWY LIGHTED/ON,,,10/5/2021 8:11:53 AM,False,5222,Accepted,
28798559,0568000,LOUISVILLE METRO POLICE DEPT,Accepted,JEFFERSON,,1638,HEMLOCK,ST,,,,,,,,38.235075009,-85.803323570,0.338,9/30/2021 12:00:00 AM,1215,2,2,0,0,CLEAR,DRY,False,REAR END IN TRAFFIC LANES BOTH VEHICLES MOVING,REAR END,STRAIGHT & LEVEL,DAYLIGHT,,,10/6/2021 8:15:18 AM,False,7469,Accepted,
28782521,0561500,UNIV. OF LOUISVILLE POLICE,Accepted,JEFFERSON,,2126,FLOYD,ST,S,,,,,,,38.216139872,-85.755208912,2.723,9/30/2021 12:00:00 AM,1900,2,2,0,0,CLEAR,DRY,True,COLLISION IN PARKING LOT,BACKING,STRAIGHT & LEVEL,DAYLIGHT,,,10/1/2021 4:02:37 PM,False,5710,Accepted,
28789517,0568000,LOUISVILLE METRO POLICE DEPT,Accepted,JEFFERSON,I 0265,,I265 E,,,,,I 0064,I265 N EXIT25A RAMP TO I64 E,I 0265,I265 E EXIT23 ON RAMP FROM KY155,38.206822230,-85.506989807,24.378,9/30/2021 12:00:00 AM,0832,4,4,0,1,CLEAR,DRY,False,SIDESWIPE COLLISION - SAME DIRECTION,SIDESWIPE-SAME DIRECTION,STRAIGHT & LEVEL,DAYLIGHT,,,10/4/2021 8:17:50 AM,False,7876,Accepted,
28780635,0568000,LOUISVILLE METRO POLICE DEPT,Accepted,JEFFERSON,,620,LOCUST,LN,,,,,,,,38.207028601,-85.741544428,0.357,9/30/2021 12:00:00 AM,1128,2,2,0,0,CLEAR,DRY,False,COLLISION IN PARKING LOT,BACKING,CURVE & LEVEL,DAYLIGHT,,,10/1/2021 8:04:43 AM,False,5383,Accepted,
28780649,0568000,LOUISVILLE METRO POLICE DEPT,Accepted,JEFFERSON,US0150,,BROADWAY,,E,KY0061,JACKSON,,,,,38.245233208,-85.745644967,3.068,9/30/2021 12:00:00 AM,1316,2,2,0,1,CLEAR,DRY,False,ANGLE COLLISION - OTHER,ANGLE,STRAIGHT & LEVEL,DAYLIGHT,,,10/1/2021 8:05:53 AM,False,5367,Accepted,
28780642,0568000,LOUISVILLE METRO POLICE DEPT,Accepted,JEFFERSON,KY2845,7617,MANSLICK,RD,E,,,,BRAEBURN RIDGE,KY0864,BEULAH CHURCH,38.126963568,-85.619613235,3.480,9/30/2021 12:00:00 AM,1045,1,1,0,0,CLEAR,DRY,False,COLLISION WITH ANIMAL NON INTERSECTION,SINGLE VEHICLE,STRAIGHT & LEVEL,DAYLIGHT,,,10/1/2021 8:05:24 AM,False,2324,Accepted,
28780643,0568000,LOUISVILLE METRO POLICE DEPT,Accepted,JEFFERSON,KY2052,5501,SHEPHERDSVILLE,RD,,,,,,,,38.154446238,-85.659699838,1.091,9/30/2021 12:00:00 AM,1130,2,2,0,0,CLEAR,DRY,False,COLLISION IN PARKING LOT,REAR END,STRAIGHT & LEVEL,DAYLIGHT,,,10/1/2021 8:05:34 AM,False,2324,Accepted,
28780650,0568000,LOUISVILLE METRO POLICE DEPT,Accepted,JEFFERSON,,,JOHNSONTOWN,RD,,,,,,,,38.121232703,-85.856401707,0.039,9/30/2021 12:00:00 AM,1752,2,2,0,0,CLEAR,DRY,False,1 VEHICLE ENTERING/LEAVING ENTRANCE,ANGLE,STRAIGHT & LEVEL,DAYLIGHT,,,10/1/2021 8:05:56 AM,False,7234,Accepted,
28780651,0568000,LOUISVILLE METRO POLICE DEPT,Accepted,JEFFERSON,KY0061,,PRESTON,HWY,,,PIGEON PASS,,,,,38.175901285,-85.714084266,6.989,9/30/2021 12:00:00 AM,1902,2,2,0,1,CLEAR,DRY,True,OTHER INTERSECTION COLLISIONS,REAR END,STRAIGHT & LEVEL,DAYLIGHT,,,10/1/2021 8:06:00 AM,False,5269,Accepted,
28780652,0568000,LOUISVILLE METRO POLICE DEPT,Accepted,JEFFERSON,US0060,,SHELBYVILLE,RD,,,VIEUX CARRE,,,,,38.246228410,-85.574629943,7.982,9/30/2021 12:00:00 AM,0428,1,0,0,1,CLEAR,DRY,False,OTHER INTERSECTION COLLISIONS,SINGLE VEHICLE,STRAIGHT & GRADE,DARK-HWY LIGHTED/ON,,,10/1/2021 8:06:04 AM,False,5041,Accepted,
28780617,0568000,LOUISVILLE METRO POLICE DEPT,Accepted,JEFFERSON,,,WOODLAND,AVE,,,BEECH,,,,,38.234428231,-85.804771422,0.810,9/30/2021 12:00:00 AM,1000,1,1,0,0,CLEAR,DRY,True,COLLISION WITH FIXED OBJECT IN INTERSECTION - FIRST EVENT COLLISION 09 - 32,SINGLE VEHICLE,STRAIGHT & LEVEL,DAYLIGHT,,,10/1/2021 8:03:58 AM,False,5355,Accepted,
28780618,0568000,LOUISVILLE METRO POLICE DEPT,Accepted,JEFFERSON,,,PARK,RD,S,,,,,,,38.116340249,-85.712930968,2.142,9/30/2021 12:00:00 AM,1159,1,1,0,1,CLEAR,DRY,False,OTHER ROADWAY OR MID-BLOCK COLLISION,SINGLE VEHICLE,CURVE & GRADE,DAYLIGHT,,,10/1/2021 8:04:01 AM,False,4693,Accepted,
28780626,0568000,LOUISVILLE METRO POLICE DEPT,Accepted,JEFFERSON,US0031W,1440,22ND,ST,S,,,,WOODLAND,,STANDARD,38.232442068,-85.791398261,18.419,9/30/2021 12:00:00 AM,1259,1,1,0,0,CLEAR,DRY,False,OTHER ROADWAY OR MID-BLOCK COLLISION,SINGLE VEHICLE,STRAIGHT & HILLCREST,DAYLIGHT,,,10/1/2021 8:04:35 AM,False,7437,Accepted,
28780640,0568000,LOUISVILLE METRO POLICE DEPT,Accepted,JEFFERSON,I 0065,,,,,,,I 0065,I65 N,I 0065,I65 S EXIT125 RAMP TO I265 N,38.112802651,-85.699128338,0.287,9/30/2021 12:00:00 AM,1205,2,2,0,0,CLEAR,DRY,False,SIDESWIPE COLLISION - SAME DIRECTION,SIDESWIPE-SAME DIRECTION,CURVE & HILLCREST,DAYLIGHT,,,10/1/2021 8:05:04 AM,False,7751,Accepted,
28780648,0568000,LOUISVILLE METRO POLICE DEPT,Accepted,JEFFERSON,US0031E,,BARDSTOWN,RD,,I 0264,I264 W EXIT16 ON RAMP FROM US31E N,,,,,38.211231253,-85.671386307,12.051,9/30/2021 12:00:00 AM,1717,2,2,0,0,CLEAR,DRY,False,OPPOSING LEFT TURN,OPPOSING LEFT TURN,STRAIGHT & LEVEL,DAYLIGHT,,,10/1/2021 8:05:48 AM,False,6813,Accepted,
28776331,0568000,LOUISVILLE METRO POLICE DEPT,Accepted,JEFFERSON,,5603,RIATA,CT,,,,,,,,38.167225138,-85.665902568,0.035,9/30/2021 12:00:00 AM,0255,2,2,0,0,CLEAR,DRY,False,1 VEHICLE PARKED POSITION (NOT PARKING LOT/DRIVEWAY),REAR END,CURVE & LEVEL,DARK-HWY LIGHTED/ON,,,9/30/2021 8:24:39 AM,False,5328,Accepted,
28780623,0568000,LOUISVILLE METRO POLICE DEPT,Accepted,JEFFERSON,I 0264,,I264 E,,,,,,,,,38.233253458,-85.627163680,18.518,9/30/2021 12:00:00 AM,1510,2,2,0,0,CLEAR,DRY,False,SIDESWIPE COLLISION - SAME DIRECTION,SIDESWIPE-SAME DIRECTION,CURVE & LEVEL,DAYLIGHT,,,10/1/2021 8:04:26 AM,False,2013,Accepted,
28780746,0568000,LOUISVILLE METRO POLICE DEPT,Accepted,JEFFERSON,KY1020,,NATIONAL,TPKE,,,TOLLS,,,,,38.135626447,-85.752323468,4.279,9/30/2021 12:00:00 AM,2211,2,2,0,0,CLEAR,DRY,False,ANGLE COLLISION - OTHER,ANGLE,STRAIGHT & LEVEL,DARK-HWY LIGHTED/ON,,,10/1/2021 8:07:18 AM,False,7115,Accepted,
28780656,0568000,LOUISVILLE METRO POLICE DEPT,Accepted,JEFFERSON,KY2051,,ROCKFORD,LN,,,,,,,,38.181433909,-85.853166149,1.768,9/30/2021 12:00:00 AM,1901,2,2,0,3,CLEAR,DRY,False,HEAD-ON COLLISION,HEAD ON,CURVE & LEVEL,DAYLIGHT,,,10/1/2021 8:06:22 AM,False,5170,Accepted,
28780614,0568000,LOUISVILLE METRO POLICE DEPT,Accepted,JEFFERSON,I 0264,,I264 E,,,,,,,,,38.234592798,-85.625336566,18.654,9/30/2021 12:00:00 AM,0920,2,2,0,2,CLOUDY,DRY,False,SIDESWIPE COLLISION - SAME DIRECTION,SIDESWIPE-SAME DIRECTION,CURVE & LEVEL,DAYLIGHT,,,10/1/2021 8:03:42 AM,False,2013,Accepted,
28789527,0568000,LOUISVILLE METRO POLICE DEPT,Accepted,JEFFERSON,I 0264,,I264 W,,,,,,,,,38.192397123,-85.713201982,12.999,9/30/2021 12:00:00 AM,1656,2,2,0,0,CLEAR,DRY,False,COLLISION WITH FIXED OBJECT NON - INTERSECTION - FIRST EVENT COLLISION 09 - 32 EXCLUDING 16,SIDESWIPE-SAME DIRECTION,STRAIGHT & GRADE,DAYLIGHT,,,10/4/2021 8:19:54 AM,False,2142,Accepted,
28780622,0568000,LOUISVILLE METRO POLICE DEPT,Accepted,JEFFERSON,,2910,RODMAN,ST,,,,,IOWA,,HEYWOOD,38.207264607,-85.770356968,0.077,9/30/2021 12:00:00 AM,1004,2,2,0,0,CLEAR,DRY,True,1 VEHICLE PARKED POSITION (NOT PARKING LOT/DRIVEWAY),ANGLE,STRAIGHT & LEVEL,DAYLIGHT,,,10/1/2021 8:04:21 AM,False,5358,Accepted,
28798596,0568000,LOUISVILLE METRO POLICE DEPT,Accepted,JEFFERSON,US0031W,10713,DIXIE,HWY,,,,,,,,38.053850261,-85.892414100,4.624,9/30/2021 12:00:00 AM,1731,2,2,0,0,CLEAR,DRY,True,COLLISION IN PARKING LOT,SIDESWIPE-SAME DIRECTION,STRAIGHT & LEVEL,DAYLIGHT,,,10/6/2021 8:18:04 AM,False,5266,Accepted,
28776330,0568000,LOUISVILLE METRO POLICE DEPT,Accepted,JEFFERSON,,,ST ANTHONY CHURCH,RD,,,,,,,,38.135125040,-85.805085933,1.507,9/30/2021 12:00:00 AM,0500,2,2,0,0,FOG,DRY,False,SIDESWIPE COLLISION - OPPOSITE DIRECTION,SIDESWIPE-OPPOSITE DIRECTION,CURVE & HILLCREST,DARK (UNKNOWN ROADWAY LIGHTING),,,9/30/2021 8:24:36 AM,False,5259,Accepted,
28798586,0568000,LOUISVILLE METRO POLICE DEPT,Accepted,JEFFERSON,,500,INVERNESS,AVE,,,5TH,,,,,38.167769604,-85.772293653,0.394,9/30/2021 12:00:00 AM,1957,3,3,0,0,CLEAR,DRY,False,ANGLE COLLISION - OTHER,ANGLE,STRAIGHT & LEVEL,DARK-HWY LIGHTED/ON,,,10/6/2021 8:17:01 AM,False,5321,Accepted,
28798552,0568000,LOUISVILLE METRO POLICE DEPT,Accepted,JEFFERSON,US0060A,,EASTERN,PKWY,,,FERNWOOD,,,,,38.231709070,-85.709808774,6.797,9/30/2021 12:00:00 AM,1810,2,2,0,0,CLEAR,DRY,False,ANGLE COLLISION - OTHER,ANGLE,STRAIGHT & LEVEL,DAYLIGHT,,,10/6/2021 8:14:41 AM,False,2228,Accepted,
28780631,0568000,LOUISVILLE METRO POLICE DEPT,Accepted,JEFFERSON,KY0155,,TAYLORSVILLE,RD,,,YORKSHIRE,,,,,38.219912939,-85.627957891,13.433,9/30/2021 12:00:00 AM,1623,3,3,0,2,CLEAR,DRY,False,OPPOSING LEFT TURN,OPPOSING LEFT TURN,STRAIGHT & LEVEL,DAYLIGHT,,,10/1/2021 8:04:39 AM,False,5351,Accepted,
28780636,0568000,LOUISVILLE METRO POLICE DEPT,Accepted,JEFFERSON,I 0264,,I264 E,,,,,,,,,38.272983852,-85.629480769,21.500,9/30/2021 12:00:00 AM,1449,2,2,0,0,CLEAR,DRY,True,SIDESWIPE COLLISION - SAME DIRECTION,SIDESWIPE-SAME DIRECTION,STRAIGHT & LEVEL,DAYLIGHT,,,10/1/2021 8:04:47 AM,False,7316,Accepted,
28780637,0568000,LOUISVILLE METRO POLICE DEPT,Accepted,JEFFERSON,I 0064,,I64 E,,,I 0064,I64 W EXIT19B RAMP TO I265 N,,,,,38.222638697,-85.505788994,18.960,9/30/2021 12:00:00 AM,1658,3,3,0,0,CLEAR,DRY,False,SIDESWIPE-SAME DIRECTION,SIDESWIPE-SAME DIRECTION,STRAIGHT & LEVEL,DAYLIGHT,,,10/1/2021 8:04:54 AM,False,7316,Accepted,
28780638,0568000,LOUISVILLE METRO POLICE DEPT,Accepted,JEFFERSON,,3215,VIRGINIA,AVE,,,,,,,,38.238572432,-85.805378461,0.501,9/30/2021 12:00:00 AM,1539,2,2,0,0,CLEAR,DRY,False,1 VEHICLE PARKED POSITION (NOT PARKING LOT/DRIVEWAY),REAR END,STRAIGHT & GRADE,DAYLIGHT,,,10/1/2021 8:05:00 AM,False,5386,Accepted,
28780646,0568000,LOUISVILLE METRO POLICE DEPT,Accepted,JEFFERSON,KY0061,9500,PRESTON,HWY,,,,,,,,38.113818004,-85.676094675,2.118,9/30/2021 12:00:00 AM,1614,2,2,0,0,CLEAR,DRY,False,COLLISION IN PARKING LOT,HEAD ON,STRAIGHT & LEVEL,DAYLIGHT,,,10/1/2021 8:05:41 AM,False,2324,Accepted,
28776325,0568000,LOUISVILLE METRO POLICE DEPT,Accepted,JEFFERSON,,,FRANKFORT,AVE,,US0042,STORY,,,,,38.258862993,-85.721467081,0.001,9/29/2021 12:00:00 AM,2035,2,2,0,0,CLEAR,DRY,False,SIDESWIPE-SAME DIRECTION,SIDESWIPE-SAME DIRECTION,STRAIGHT & LEVEL,DARK-HWY LIGHTED/ON,,,9/30/2021 8:24:22 AM,False,7386,Accepted,
28776326,0568000,LOUISVILLE METRO POLICE DEPT,Accepted,JEFFERSON,I 0065,,I65 S,,,I 0065,I65 S EXIT130 OFF RAMP TO  GRADE LN,,,,,38.181847753,-85.721950754,130.015,9/29/2021 12:00:00 AM,2220,2,2,0,0,CLEAR,DRY,False,OTHER INTERSECTION COLLISIONS,REAR END,STRAIGHT & LEVEL,DARK-HWY LIGHTED/ON,,,9/30/2021 8:24:26 AM,False,5269,Accepted,
28776327,0568000,LOUISVILLE METRO POLICE DEPT,Accepted,JEFFERSON,I 0065,,I65 S,,,,,,,,,38.182163867,-85.722163620,130.041,9/29/2021 12:00:00 AM,2153,2,2,0,0,CLEAR,DRY,False,REAR END IN TRAFFIC LANES BOTH VEHICLES MOVING,REAR END,STRAIGHT & LEVEL,DARK (UNKNOWN ROADWAY LIGHTING),,,9/30/2021 8:24:29 AM,False,5326,Accepted,
28780620,0568000,LOUISVILLE METRO POLICE DEPT,Accepted,JEFFERSON,,,MADISON,ST,W,,24TH,,,,,38.253852474,-85.791695613,1.043,9/29/2021 12:00:00 AM,2100,2,2,0,4,CLOUDY,DRY,False,ANGLE COLLISION - OTHER,ANGLE,STRAIGHT & LEVEL,DARK-HWY LIGHTED/ON,,,10/1/2021 8:04:08 AM,False,5251,Accepted,
28776316,0568000,LOUISVILLE METRO POLICE DEPT,Accepted,JEFFERSON,,2706,GARLAND,AVE,,,,,,,,38.244868858,-85.797820997,1.692,9/29/2021 12:00:00 AM,1641,3,3,0,1,CLEAR,DRY,False,1 VEHICLE PARKED POSITION (NOT PARKING LOT/DRIVEWAY),HEAD ON,STRAIGHT & GRADE,DAYLIGHT,,,9/30/2021 8:23:52 AM,False,5386,Accepted,
28776332,0568000,LOUISVILLE METRO POLICE DEPT,Accepted,JEFFERSON,I 0065,,I65 S,,,I 0065,I65 S EXIT134 OFF RAMP TO  ARTHUR ST,,,,,38.225441838,-85.751473275,133.827,9/29/2021 12:00:00 AM,2352,2,2,0,1,CLEAR,DRY,False,OTHER INTERSECTION COLLISIONS,REAR END,CURVE & LEVEL,DARK-HWY LIGHTED/ON,,,9/30/2021 8:24:43 AM,False,5267,Accepted,
28776333,0568000,LOUISVILLE METRO POLICE DEPT,Accepted,JEFFERSON,,,HIKES,LN,,,GREEN MEADOWS,,,,,38.201033564,-85.657022431,1.079,9/29/2021 12:00:00 AM,1955,2,2,0,4,CLEAR,DRY,False,ANGLE COLLISION - OTHER,ANGLE,STRAIGHT & LEVEL,DARK-HWY LIGHTED/ON,,,9/30/2021 8:24:46 AM,False,5239,Accepted,
28780611,0568000,LOUISVILLE METRO POLICE DEPT,Accepted,JEFFERSON,,,LA SALLE,AVE,,,ALMA,,,,,38.180792763,-85.791428534,0.309,9/29/2021 12:00:00 AM,1313,2,2,0,0,CLEAR,DRY,False,ANGLE COLLISION - ONE VEHICLE TURNING RIGHT,ANGLE,STRAIGHT & LEVEL,DAYLIGHT,,,10/1/2021 8:03:26 AM,False,7471,Accepted,
28752060,0568000,LOUISVILLE METRO POLICE DEPT,Accepted,JEFFERSON,I 0265,,I265 E,,,,,,,,,38.110355701,-85.683820074,11.259,9/29/2021 12:00:00 AM,0544,2,2,0,0,CLEAR,DRY,False,1 VEHICLE ENTERING/LEAVING ENTRANCE,ANGLE,STRAIGHT & LEVEL,DARK-HWY NOT LIGHTED,,,9/29/2021 8:16:50 AM,False,5138,Accepted,
28776292,0568000,LOUISVILLE METRO POLICE DEPT,Accepted,JEFFERSON,KY1932,,BRECKENRIDGE,LN,,,BRONNER,,,,,38.184799444,-85.626266595,0.250,9/29/2021 12:00:00 AM,0833,2,2,0,1,CLEAR,DRY,False,OTHER INTERSECTION COLLISIONS,REAR END,STRAIGHT & HILLCREST,DAYLIGHT,,,9/30/2021 8:22:26 AM,False,4693,Accepted,
28776293,0568000,LOUISVILLE METRO POLICE DEPT,Accepted,JEFFERSON,KY1932,,BRECKENRIDGE,LN,,,,,,,,38.196302212,-85.625313341,1.024,9/29/2021 12:00:00 AM,0936,2,2,0,2,CLEAR,DRY,False,REAR END IN TRAFFIC LANES BOTH VEHICLES MOVING,REAR END,STRAIGHT & HILLCREST,DAYLIGHT,,,9/30/2021 8:22:31 AM,False,4693,Accepted,
28776301,0568000,LOUISVILLE METRO POLICE DEPT,Accepted,JEFFERSON,KY0061,5613,PRESTON,HWY,,,,,,,,38.167853874,-85.704869145,6.069,9/29/2021 12:00:00 AM,1252,2,2,0,0,CLEAR,DRY,False,COLLISION IN PARKING LOT,BACKING,STRAIGHT & LEVEL,DAYLIGHT,,,9/30/2021 8:22:52 AM,False,5383,Accepted,
28776302,0568000,LOUISVILLE METRO POLICE DEPT,Accepted,JEFFERSON,I 0264,,,,,,,,,,,38.210603393,-85.671003076,0.319,9/29/2021 12:00:00 AM,1342,2,2,0,0,CLEAR,DRY,False,REAR END IN TRAFFIC LANES BOTH VEHICLES MOVING,REAR END,STRAIGHT & LEVEL,DAYLIGHT,I 0264,US31E S,9/30/2021 8:22:56 AM,False,5191,Accepted,
28776309,0568000,LOUISVILLE METRO POLICE DEPT,Accepted,JEFFERSON,,,9TH,ST,S,,OAK,,,,,38.236120828,-85.767340303,0.753,9/29/2021 12:00:00 AM,1540,2,2,0,0,CLEAR,DRY,False,OTHER INTERSECTION COLLISIONS,REAR END,STRAIGHT & HILLCREST,DAYLIGHT,,,9/30/2021 8:23:25 AM,False,7495,Accepted,
28776310,0568000,LOUISVILLE METRO POLICE DEPT,Accepted,JEFFERSON,,8706,WALTLEE,RD,,,,,OAK CREEK,,CRANWOOD,38.169862560,-85.580699582,0.934,9/29/2021 12:00:00 AM,1324,1,1,0,1,CLEAR,DRY,False,OTHER ROADWAY OR MID-BLOCK COLLISION,SINGLE VEHICLE,STRAIGHT & LEVEL,DAYLIGHT,,,9/30/2021 8:23:30 AM,False,2324,Accepted,
28776318,0568000,LOUISVILLE METRO POLICE DEPT,Accepted,JEFFERSON,KY2052,5000,SHEPHERDSVILLE,RD,,,,,,,,38.177275061,-85.659406085,2.668,9/29/2021 12:00:00 AM,1820,3,3,0,1,CLEAR,DRY,False,OTHER ROADWAY OR MID-BLOCK COLLISION,REAR END,STRAIGHT & LEVEL,DAYLIGHT,,,9/30/2021 8:24:00 AM,False,7864,Accepted,
28759505,0561000,JEFFERSONTOWN POLICE DEPT,Accepted,JEFFERSON,I 0064,,I64 W,,,,,,,,,38.223463558,-85.578215177,14.906,9/29/2021 12:00:00 AM,0757,2,2,0,0,CLEAR,DRY,False,SIDESWIPE COLLISION - SAME DIRECTION,SIDESWIPE-SAME DIRECTION,STRAIGHT & LEVEL,DAYLIGHT,,,9/29/2021 2:04:17 PM,False,8309,Accepted,
28776268,0568000,LOUISVILLE METRO POLICE DEPT,Accepted,JEFFERSON,I 0264,,I264 E,,,,,,,,,38.190140211,-85.757396983,10.559,9/29/2021 12:00:00 AM,0709,1,1,0,0,CLEAR,DRY,False,COLLISION WITH NON-FIXED OBJECT ,SINGLE VEHICLE,STRAIGHT & LEVEL,DAYLIGHT,,,9/30/2021 8:20:25 AM,False,4903,Accepted,
28776291,0568000,LOUISVILLE METRO POLICE DEPT,Accepted,JEFFERSON,KY1932,,BRECKENRIDGE,LN,,,,,,,,38.208597939,-85.626495920,1.984,9/29/2021 12:00:00 AM,0727,2,2,0,0,CLEAR,DRY,False,REAR END IN TRAFFIC LANES BOTH VEHICLES MOVING,REAR END,STRAIGHT & LEVEL,DAYLIGHT,,,9/30/2021 8:22:18 AM,False,4693,Accepted,
28776299,0568000,LOUISVILLE METRO POLICE DEPT,Accepted,JEFFERSON,KY2056,,BELLS,LN,,,,,,,,38.222544325,-85.821603634,1.082,9/29/2021 12:00:00 AM,1336,2,2,0,1,CLEAR,DRY,False,1 VEHICLE ENTERING/LEAVING ENTRANCE,ANGLE,STRAIGHT & LEVEL,DAYLIGHT,,,9/30/2021 8:22:42 AM,False,5161,Accepted,
28776297,0568000,LOUISVILLE METRO POLICE DEPT,Accepted,JEFFERSON,US0031E,,BARDSTOWN,RD,,,CEDARLOOK,,,,,38.147073508,-85.585894623,5.331,9/29/2021 12:00:00 AM,1434,2,2,0,0,CLEAR,DRY,False,OTHER INTERSECTION COLLISIONS,REAR END,STRAIGHT & LEVEL,DAYLIGHT,,,9/30/2021 8:22:38 AM,False,7755,Accepted,
28776304,0568000,LOUISVILLE METRO POLICE DEPT,Accepted,JEFFERSON,KY1934,,GREENBELT,HWY,,,,,,,,38.165354952,-85.878427383,5.850,9/29/2021 12:00:00 AM,1524,2,2,0,0,CLEAR,DRY,False,REAR END IN TRAFFIC LANES BOTH VEHICLES MOVING,REAR END,STRAIGHT & LEVEL,DAYLIGHT,,,9/30/2021 8:23:04 AM,False,7244,Accepted,
28752063,0568000,LOUISVILLE METRO POLICE DEPT,Accepted,JEFFERSON,,736,PALATKA,RD,,,,,,,,38.147932541,-85.770528459,0.225,9/29/2021 12:00:00 AM,0033,2,2,0,1,CLEAR,DRY,False,1 VEHICLE PARKED POSITION (NOT PARKING LOT/DRIVEWAY),SIDESWIPE-OPPOSITE DIRECTION,STRAIGHT & GRADE,DARK-HWY LIGHTED/ON,,,9/29/2021 8:16:55 AM,False,5220,Accepted,
28776295,0568000,LOUISVILLE METRO POLICE DEPT,Accepted,JEFFERSON,,,GRADE,LN,,,,,,,,38.156842719,-85.732111100,2.163,9/29/2021 12:00:00 AM,1324,2,2,0,0,CLEAR,DRY,False,VEHICLE BACKING NON INTERSECTION,BACKING,STRAIGHT & LEVEL,DAYLIGHT,,,9/30/2021 8:22:35 AM,False,4693,Accepted,
28794034,0568000,LOUISVILLE METRO POLICE DEPT,Accepted,JEFFERSON,KY0061,,PRESTON,HWY,,,,,,,,38.212222952,-85.741043450,9.897,9/29/2021 12:00:00 AM,2212,1,1,0,0,CLEAR,DRY,False,COLLISION WITH FIXED OBJECT NON - INTERSECTION - FIRST EVENT COLLISION 09 - 32 EXCLUDING 16,SINGLE VEHICLE,STRAIGHT & LEVEL,DARK-HWY LIGHTED/ON,,,10/5/2021 8:09:07 AM,False,6886,Accepted,
28752056,0568000,LOUISVILLE METRO POLICE DEPT,Accepted,JEFFERSON,,324,39TH,ST,S,,,,,,,38.260384749,-85.814482794,1.354,9/29/2021 12:00:00 AM,0011,4,4,0,0,CLEAR,DRY,False,1 VEHICLE PARKED POSITION (NOT PARKING LOT/DRIVEWAY),SIDESWIPE-SAME DIRECTION,STRAIGHT & LEVEL,DARK-HWY LIGHTED/ON,,,9/29/2021 8:16:35 AM,False,5057,Accepted,
28776305,0568000,LOUISVILLE METRO POLICE DEPT,Accepted,JEFFERSON,,,8TH,ST,S,,CAWTHON,,,,,38.244118312,-85.765477970,0.921,9/29/2021 12:00:00 AM,1134,2,2,0,0,CLEAR,DRY,False,ANGLE COLLISION - OTHER,ANGLE,STRAIGHT & LEVEL,DAYLIGHT,,,9/30/2021 8:23:07 AM,False,5186,Accepted,
28798570,0568000,LOUISVILLE METRO POLICE DEPT,Accepted,JEFFERSON,KY1020,,SOUTHERN,PKWY,,,WELLINGTON,,,,,38.184092477,-85.767597654,7.999,9/29/2021 12:00:00 AM,1151,2,2,0,0,CLEAR,DRY,True,SIDESWIPE-SAME DIRECTION,SIDESWIPE-SAME DIRECTION,STRAIGHT & LEVEL,DAYLIGHT,,,10/6/2021 8:15:54 AM,False,5139,Accepted,
28798571,0568000,LOUISVILLE METRO POLICE DEPT,Accepted,JEFFERSON,,,SOUTHERN,PKWY,,,LONE OAK,,,,,38.172852146,-85.776889765,0.797,9/29/2021 12:00:00 AM,1555,2,1,0,1,CLEAR,DRY,True,COLLISION WITH PEDESTRIAN IN INTERSECTION,SINGLE VEHICLE,STRAIGHT & LEVEL,DAYLIGHT,,,10/6/2021 8:15:58 AM,False,5139,Accepted,
28776323,0568000,LOUISVILLE METRO POLICE DEPT,Accepted,JEFFERSON,KY0864,7314,FEGENBUSH,LN,,,,,,,,38.142724346,-85.623164114,4.888,9/29/2021 12:00:00 AM,2045,1,1,0,1,CLEAR,DRY,False,OTHER ROADWAY OR MID-BLOCK COLLISION,SINGLE VEHICLE,STRAIGHT & LEVEL,DARK-HWY NOT LIGHTED,,,9/30/2021 8:24:18 AM,False,7106,Accepted,
28776313,0568000,LOUISVILLE METRO POLICE DEPT,Accepted,JEFFERSON,I 0264,11.4,I264 E,,,,,,,,,38.189409020,-85.746452569,11.159,9/29/2021 12:00:00 AM,0814,5,5,0,0,CLEAR,DRY,False,REAR END IN TRAFFIC LANES BOTH VEHICLES MOVING,REAR END,STRAIGHT & LEVEL,DAYLIGHT,,,9/30/2021 8:23:41 AM,False,7251,Accepted,
28776314,0568000,LOUISVILLE METRO POLICE DEPT,Accepted,JEFFERSON,KY2048,,CANNONS,LN,,,GAST,,,,,38.224157848,-85.654690331,0.227,9/29/2021 12:00:00 AM,1527,2,2,0,2,CLEAR,DRY,False,OPPOSING LEFT TURN,OPPOSING LEFT TURN,STRAIGHT & LEVEL,DAYLIGHT,,,9/30/2021 8:23:45 AM,False,6813,Accepted,