IncidentID,AgencyORI,AgencyName,IncidentStatusDesc,County,RdwyNumber,Street,RoadwayName,StreetSfx,StreetDir,IntersectionRdwy,IntersectionRdwyName,BetweenStRdwy1,BetweenStRdwyName1,BetweenStRdwy2,BetweenStRdwyName2,Latitude,Longitude,Milepoint,CollisionDate,CollisionTime,UnitsInvolved,MotorVehiclesInvolved,NumberKilled,NumberInjured,Weather,RdwyConditionCode,HitandRun,DirAnalysisCode,MannerofCollision,RdwyCharacter,LightCondition,RampFromRdwyId,RampToRdwyId,AcceptedDate,IsSecondaryCollision,OwnerBadge,IncidentStatus,
28780613,0568000,LOUISVILLE METRO POLICE DEPT,Accepted,JEFFERSON,KY0155,,TAYLORSVILLE,RD,,,LOWE,,,,,38.219047782,-85.606872347,12.300,9/29/2021 12:00:00 AM,1448,2,2,0,1,CLEAR,DRY,False,ANGLE COLLISION - ONE VEHICLE TURNING LEFT,ANGLE,STRAIGHT & LEVEL,DAYLIGHT,,,10/1/2021 8:03:37 AM,False,5351,Accepted,
28780621,0568000,LOUISVILLE METRO POLICE DEPT,Accepted,JEFFERSON,KY1934,,CANE RUN,RD,,,TEAKWOOD,,,,,38.187522166,-85.851718039,8.052,9/29/2021 12:00:00 AM,1530,2,2,0,1,CLEAR,DRY,False,OTHER INTERSECTION COLLISIONS,REAR END,STRAIGHT & LEVEL,DAYLIGHT,,,10/1/2021 8:04:15 AM,False,5208,Accepted,
28780748,0568000,LOUISVILLE METRO POLICE DEPT,Accepted,JEFFERSON,I 0265,,I265 N,,,,,I 0265,I265 N EXIT33 ON RAMP FROM KY1447,I 0265,I265 N EXIT34 OFF RAMP TO KY22,38.302856854,-85.556727635,33.114,9/29/2021 12:00:00 AM,2129,2,2,0,2,CLOUDY,DRY,False,REAR END IN TRAFFIC LANES BOTH VEHICLES MOVING,REAR END,CURVE & LEVEL,DARK-HWY LIGHTED/ON,,,10/1/2021 8:07:39 AM,False,7159,Accepted,
28780624,0568000,LOUISVILLE METRO POLICE DEPT,Accepted,JEFFERSON,I 0065,,I65 S,,,,,I 0065,I65 S EXIT10 RAMP TO I65,I 0065,I65 S EXIT125 ON RAMP FROM KY481,38.113103593,-85.701656262,125.027,9/29/2021 12:00:00 AM,1910,2,2,0,0,CLOUDY,DRY,False,SIDESWIPE COLLISION - SAME DIRECTION,SIDESWIPE-SAME DIRECTION,STRAIGHT & LEVEL,DARK-HWY LIGHTED/ON,,,10/1/2021 8:04:31 AM,False,2583,Accepted,
28776312,0568000,LOUISVILLE METRO POLICE DEPT,Accepted,JEFFERSON,US0031W,,DR W J HODGE,ST,,,CONGRESS,,,,,38.257656218,-85.785022717,20.220,9/29/2021 12:00:00 AM,1620,1,1,0,1,CLEAR,DRY,False,COLLISION WITH FIXED OBJECT IN INTERSECTION - FIRST EVENT COLLISION 09 - 32,SINGLE VEHICLE,STRAIGHT & LEVEL,DAYLIGHT,,,9/30/2021 8:23:37 AM,False,7463,Accepted,
28777050,0560300,ST. MATTHEWS POLICE DEPARTMENT,Accepted,JEFFERSON,I 0264,,I264 W,,,,,I 0264,I264 W EXIT20 OFF RAMP US60,I 0264,I264 W EXIT21 ON RAMP FROM KY1447,38.260529270,-85.623272343,20.524,9/29/2021 12:00:00 AM,2116,2,2,0,1,CLEAR,DRY,True,REAR END IN TRAFFIC LANES BOTH VEHICLES MOVING,REAR END,STRAIGHT & LEVEL,DARK-HWY NOT LIGHTED,,,9/30/2021 11:36:03 AM,False,9151,Accepted,
28780615,0568000,LOUISVILLE METRO POLICE DEPT,Accepted,JEFFERSON,,,BRECKINRIDGE,ST,E,KY0061,PRESTON,,,,,38.240732177,-85.748315974,1.281,9/29/2021 12:00:00 AM,0839,2,2,0,0,CLEAR,DRY,False,ANGLE COLLISION - OTHER,ANGLE,STRAIGHT & LEVEL,DAYLIGHT,,,10/1/2021 8:03:51 AM,False,5120,Accepted,
28780616,0568000,LOUISVILLE METRO POLICE DEPT,Accepted,JEFFERSON,I 0265,,I265 W,,,,,,,,,38.130728716,-85.602791646,15.959,9/29/2021 12:00:00 AM,1838,2,2,0,1,CLEAR,DRY,False,REAR END IN TRAFFIC LANES BOTH VEHICLES MOVING,REAR END,STRAIGHT & GRADE,DAYLIGHT,,,10/1/2021 8:03:55 AM,False,2321,Accepted,
28782512,0561500,UNIV. OF LOUISVILLE POLICE,Accepted,JEFFERSON,,,SHELBURNE,CIR,,,RUGGLES,,,,,38.225201322,-85.768155854,0.007,9/29/2021 12:00:00 AM,1840,2,2,0,0,CLEAR,DRY,False,COLLISION IN PARKING LOT,SIDESWIPE-OPPOSITE DIRECTION,STRAIGHT & LEVEL,DAYLIGHT,,,10/1/2021 4:01:31 PM,False,5710,Accepted,
28789515,0568000,LOUISVILLE METRO POLICE DEPT,Accepted,JEFFERSON,I 0264,,I264 E,,,,,,,,,38.220549199,-85.652715992,16.869,9/29/2021 12:00:00 AM,1748,2,2,0,0,CLEAR,DRY,False,SIDESWIPE COLLISION - SAME DIRECTION,SIDESWIPE-SAME DIRECTION,STRAIGHT & GRADE,DAYLIGHT,,,10/4/2021 8:17:03 AM,False,8278,Accepted,
28798551,0568000,LOUISVILLE METRO POLICE DEPT,Accepted,JEFFERSON,,,DIXIE,HWY,,,OAK,,,,,38.237397009,-85.786778610,0.836,9/29/2021 12:00:00 AM,0030,2,2,0,2,CLEAR,DRY,False,ANGLE COLLISION - OTHER,ANGLE,CURVE & LEVEL,DARK-HWY LIGHTED/ON,,,10/6/2021 8:14:35 AM,False,7720,Accepted,
28854768,0568000,LOUISVILLE METRO POLICE DEPT,Accepted,JEFFERSON,,,WOODLAWN,AVE,W,,SOUTHERN,,,,,38.181649233,-85.766611259,0.756,9/29/2021 12:00:00 AM,1730,2,2,0,1,CLEAR,DRY,False,ANGLE COLLISION - OTHER,ANGLE,STRAIGHT & LEVEL,DAYLIGHT,,,10/11/2021 8:21:03 AM,False,5139,Accepted,
28854777,0568000,LOUISVILLE METRO POLICE DEPT,Accepted,JEFFERSON,KY1703,,BAXTER,AVE,,US0060A,EASTERN,,,,,38.228922459,-85.715277315,4.764,9/29/2021 12:00:00 AM,2128,2,2,0,1,CLEAR,DRY,False,ANGLE COLLISION - OTHER,ANGLE,STRAIGHT & LEVEL,DARK-HWY LIGHTED/ON,,,10/11/2021 8:22:00 AM,False,7488,Accepted,
28793844,0560400,SHIVELY POLICE DEPARTMENT,Accepted,JEFFERSON,US0031W,2500,DIXIE,HWY,,,,,KENNEDY,,MILLERS,38.214653528,-85.795814931,17.083,9/29/2021 12:00:00 AM,0940,2,2,0,0,CLEAR,DRY,False,1 VEHICLE ENTERING/LEAVING ENTRANCE,ANGLE,STRAIGHT & LEVEL,DAYLIGHT,,,10/5/2021 7:06:38 AM,False,7082,Accepted,
29417537,0568000,LOUISVILLE METRO POLICE DEPT,Accepted,JEFFERSON,,,OAK,ST,E,,,,,,,38.234557715,-85.755171003,0.009,9/29/2021 12:00:00 AM,1640,2,2,0,0,CLEAR,DRY,False,REAR END IN TRAFFIC LANES BOTH VEHICLES MOVING,REAR END,STRAIGHT & LEVEL,DAYLIGHT,,,12/13/2021 8:29:19 AM,False,5346,Accepted,
28981463,0568000,LOUISVILLE METRO POLICE DEPT,Accepted,JEFFERSON,,,6TH,ST,S,,CEDAR,,,,,38.252784753,-85.760622300,0.287,9/28/2021 12:00:00 AM,1051,2,2,0,0,CLEAR,DRY,True,OTHER INTERSECTION COLLISIONS,REAR END,STRAIGHT & LEVEL,DAYLIGHT,,,10/26/2021 8:45:47 AM,False,5003,Accepted,
28798589,0568000,LOUISVILLE METRO POLICE DEPT,Accepted,JEFFERSON,I 0264,,I264 E,,,,,,,,,38.189789108,-85.739871812,11.516,9/28/2021 12:00:00 AM,1703,2,2,0,1,CLEAR,DRY,False,REAR END IN TRAFFIC LANES BOTH VEHICLES MOVING,REAR END,STRAIGHT & LEVEL,DAYLIGHT,,,10/6/2021 8:17:25 AM,False,5258,Accepted,
28789518,0568000,LOUISVILLE METRO POLICE DEPT,Accepted,JEFFERSON,,,BRECKINRIDGE,ST,E,,,,SWAN,KY0864,LOGAN,38.239565165,-85.737090729,0.665,9/28/2021 12:00:00 AM,1420,1,1,0,0,CLEAR,DRY,False,OTHER ROADWAY OR MID-BLOCK COLLISION,SINGLE VEHICLE,STRAIGHT & HILLCREST,DAYLIGHT,,,10/4/2021 8:18:03 AM,False,7441,Accepted,
28780612,0568000,LOUISVILLE METRO POLICE DEPT,Accepted,JEFFERSON,,,GILMORE,LN,,,GILMORE INDUSTRIAL,,,,,38.181814179,-85.700111911,0.850,9/28/2021 12:00:00 AM,1701,2,2,0,0,CLEAR,DRY,False,OPPOSING LEFT TURN,OPPOSING LEFT TURN,STRAIGHT & LEVEL,DAYLIGHT,,,10/1/2021 8:03:33 AM,False,5027,Accepted,
28789519,0568000,LOUISVILLE METRO POLICE DEPT,Accepted,JEFFERSON,I 0264,,I264 E,,,,,I 0264,I264 E EXIT10 ON RAMP FROM KY1020,I 0264,I264 E EXIT11 OFF RAMP,38.190113111,-85.756897576,10.587,9/28/2021 12:00:00 AM,1646,3,3,0,1,CLEAR,DRY,False,REAR END IN TRAFFIC LANES BOTH VEHICLES MOVING,REAR END,STRAIGHT & LEVEL,DAYLIGHT,,,10/4/2021 8:18:36 AM,False,7441,Accepted,
28780653,0568000,LOUISVILLE METRO POLICE DEPT,Accepted,JEFFERSON,US0060A,2530,3RD,ST,S,,,US0060A,EASTERN,US0060A,WINKLER,38.213346115,-85.762379499,3.381,9/28/2021 12:00:00 AM,1420,2,2,0,0,CLEAR,DRY,False,OTHER ROADWAY OR MID-BLOCK COLLISION,REAR END,STRAIGHT & GRADE,DAYLIGHT,,,10/1/2021 8:06:08 AM,False,2745,Accepted,
28789552,0568000,LOUISVILLE METRO POLICE DEPT,Accepted,JEFFERSON,KY0155,3726,TAYLORSVILLE,RD,,,,,,,,38.220934717,-85.645372520,14.348,9/28/2021 12:00:00 AM,2212,1,1,0,0,CLEAR,DRY,False,COLLISION WITH FIXED OBJECT NON - INTERSECTION - FIRST EVENT COLLISION 09 - 32 EXCLUDING 16,SINGLE VEHICLE,STRAIGHT & LEVEL,DARK-HWY LIGHTED/ON,,,10/4/2021 8:21:53 AM,False,5305,Accepted,
28732160,0566700,MIDDLETOWN POLICE DEPARTMENT,Accepted,JEFFERSON,US0060,,SHELBYVILLE,RD,,,,,BECKLEY WOODS,,SPREADING OAK,38.241608278,-85.498314695,12.300,9/28/2021 12:00:00 AM,0715,2,2,0,0,CLEAR,DRY,False,OTHER ROADWAY OR MID-BLOCK COLLISION,REAR END,STRAIGHT & LEVEL,DAWN,,,9/28/2021 10:17:47 AM,False,2012,Accepted,
28789513,0568000,LOUISVILLE METRO POLICE DEPT,Accepted,JEFFERSON,,,BERRY,BLVD,,US0060A,TAYLOR,,,,,38.196316825,-85.782953793,,9/28/2021 12:00:00 AM,1949,2,2,1,0,CLEAR,DRY,False,ANGLE COLLISION - OTHER,ANGLE,STRAIGHT & LEVEL,DUSK,,,10/4/2021 8:16:47 AM,False,7628,Accepted,
28749198,0561000,JEFFERSONTOWN POLICE DEPT,Accepted,JEFFERSON,I 0064,,I64 E,,,,,,,,,38.223006960,-85.576994502,15.137,9/28/2021 12:00:00 AM,1909,1,1,0,0,CLEAR,DRY,False,OTHER COLLISIONS ON SHOULDER,SINGLE VEHICLE,STRAIGHT & LEVEL,DAYLIGHT,,,9/28/2021 10:23:05 PM,False,8265,Accepted,
28789572,0568000,LOUISVILLE METRO POLICE DEPT,Accepted,JEFFERSON,KY2054,,ALGONQUIN,PKWY,,,SHARP,,,,,38.217553172,-85.775536675,2.716,9/28/2021 12:00:00 AM,1630,2,2,0,0,CLEAR,DRY,False,SIDESWIPE-SAME DIRECTION,SIDESWIPE-SAME DIRECTION,STRAIGHT & LEVEL,DAYLIGHT,,,10/4/2021 8:24:50 AM,False,5253,Accepted,
28752030,0568000,LOUISVILLE METRO POLICE DEPT,Accepted,JEFFERSON,I 0065,,I65 S COLLECTOR DISTRIBUTOR,,,,,,,,,38.261966332,-85.725469435,0.060,9/28/2021 12:00:00 AM,0643,3,3,0,0,CLEAR,DRY,False,REAR END IN TRAFFIC LANES BOTH VEHICLES MOVING,REAR END,STRAIGHT & LEVEL,DAWN,,,9/29/2021 8:14:20 AM,False,4903,Accepted,
28752031,0568000,LOUISVILLE METRO POLICE DEPT,Accepted,JEFFERSON,KY0864,,CEDAR CREEK,RD,,,,,,,,38.088482005,-85.622997557,0.441,9/28/2021 12:00:00 AM,0900,2,2,0,0,CLEAR,DRY,False,SIDESWIPE COLLISION - OPPOSITE DIRECTION,SIDESWIPE-OPPOSITE DIRECTION,STRAIGHT & LEVEL,DAYLIGHT,,,9/29/2021 8:14:29 AM,False,7698,Accepted,
28789570,0568000,LOUISVILLE METRO POLICE DEPT,Accepted,JEFFERSON,KY1020,1315,3RD,ST,S,,,,,,,38.232446028,-85.759095172,11.153,9/28/2021 12:00:00 AM,1327,3,3,0,1,CLEAR,DRY,False,1 VEHICLE PARKED POSITION (NOT PARKING LOT/DRIVEWAY),SIDESWIPE-SAME DIRECTION,STRAIGHT & LEVEL,DAYLIGHT,,,10/4/2021 8:24:41 AM,False,7132,Accepted,
28731691,0568000,LOUISVILLE METRO POLICE DEPT,Accepted,JEFFERSON,US0031W,,DIXIE,HWY,,,ORELL,,,,,38.082353273,-85.881669697,6.710,9/28/2021 12:00:00 AM,0607,2,2,0,1,CLEAR,DRY,False,OTHER INTERSECTION COLLISIONS,REAR END,STRAIGHT & LEVEL,DARK-HWY NOT LIGHTED,,,9/28/2021 8:14:21 AM,False,5312,Accepted,
28794056,0568000,LOUISVILLE METRO POLICE DEPT,Accepted,JEFFERSON,US0150,,BROADWAY,,W,,4TH,,,,,38.246169633,-85.758695739,2.364,9/28/2021 12:00:00 AM,0743,2,1,0,1,CLEAR,DRY,False,COLLISION WITH PEDESTRIAN IN INTERSECTION,SINGLE VEHICLE,STRAIGHT & LEVEL,DAYLIGHT,,,10/5/2021 8:10:59 AM,False,5025,Accepted,
28752053,0568000,LOUISVILLE METRO POLICE DEPT,Accepted,JEFFERSON,,,ESTHER,BLVD,,,HILLBROOK,,,,,38.226230715,-85.634016722,0.001,9/28/2021 12:00:00 AM,1528,2,2,0,0,CLEAR,DRY,True,ANGLE COLLISION - OTHER,ANGLE,STRAIGHT & LEVEL,DAYLIGHT,,,9/29/2021 8:16:22 AM,False,7294,Accepted,
28757278,0561500,UNIV. OF LOUISVILLE POLICE,Accepted,JEFFERSON,,,FLOYD,ST,S,,BLOOM,,,,,38.219258800,-85.754277424,2.502,9/28/2021 12:00:00 AM,,1,1,0,0,CLEAR,DRY,True,OTHER INTERSECTION COLLISIONS,SINGLE VEHICLE,STRAIGHT & LEVEL,UNKNOWN,,,9/29/2021 12:44:29 PM,False,5708,Accepted,
28752038,0568000,LOUISVILLE METRO POLICE DEPT,Accepted,JEFFERSON,KY1450,9909,BLUE LICK,RD,,,,,,,,38.104020400,-85.693223217,1.296,9/28/2021 12:00:00 AM,1647,3,3,0,0,CLEAR,DRY,True,1 VEHICLE PARKED POSITION (NOT PARKING LOT/DRIVEWAY),SIDESWIPE-SAME DIRECTION,STRAIGHT & LEVEL,DAYLIGHT,,,9/29/2021 8:14:59 AM,False,7474,Accepted,
28752039,0568000,LOUISVILLE METRO POLICE DEPT,Accepted,JEFFERSON,I 0071,,I71 S,,,I 0064,I64 S EXIT1A RAMP TO I64 W,,,,,38.262099219,-85.724975754,0.005,9/28/2021 12:00:00 AM,0651,3,3,0,0,CLEAR,DRY,True,SIDESWIPE-SAME DIRECTION,SIDESWIPE-SAME DIRECTION,STRAIGHT & LEVEL,DARK-HWY LIGHTED/ON,,,9/29/2021 8:15:03 AM,False,7325,Accepted,
28752040,0568000,LOUISVILLE METRO POLICE DEPT,Accepted,JEFFERSON,KY0061,,PRESTON,HWY,,KY1747,FERN VALLEY,,,,,38.156799515,-85.696832378,5.358,9/28/2021 12:00:00 AM,1725,2,2,0,0,CLEAR,DRY,True,OTHER INTERSECTION COLLISIONS,REAR END,STRAIGHT & LEVEL,DAYLIGHT,,,9/29/2021 8:15:10 AM,False,7669,Accepted,
28752046,0568000,LOUISVILLE METRO POLICE DEPT,Accepted,JEFFERSON,KY1747,,FERN VALLEY,RD,,KY1747,KY1747 CROSSOVER,,,,,38.157384501,-85.695645369,2.017,9/28/2021 12:00:00 AM,1604,2,2,0,0,CLEAR,DRY,False,ANGLE COLLISION - OTHER,ANGLE,STRAIGHT & LEVEL,DAYLIGHT,,,9/29/2021 8:15:52 AM,False,2324,Accepted,
28752047,0568000,LOUISVILLE METRO POLICE DEPT,Accepted,JEFFERSON,I 0071,,I71 N,,,I 0071,I71 TURN AROUND6,,,,,38.298109427,-85.622711324,6.554,9/28/2021 12:00:00 AM,1729,2,2,0,0,CLEAR,DRY,False,OTHER INTERSECTION COLLISIONS,REAR END,STRAIGHT & LEVEL,DAYLIGHT,,,9/29/2021 8:15:55 AM,False,7316,Accepted,
28752048,0568000,LOUISVILLE METRO POLICE DEPT,Accepted,JEFFERSON,,1115,CHESTNUT,ST,W,,,,,,,38.250389771,-85.771045196,1.555,9/28/2021 12:00:00 AM,1300,2,2,0,2,CLEAR,DRY,False,SIDESWIPE COLLISION - SAME DIRECTION,SIDESWIPE-SAME DIRECTION,STRAIGHT & LEVEL,DAYLIGHT,,,9/29/2021 8:15:59 AM,False,5168,Accepted,
28752055,0568000,LOUISVILLE METRO POLICE DEPT,Accepted,JEFFERSON,US0031E,,BARDSTOWN,RD,,,TREVILIAN,,,,,38.223122575,-85.684982659,13.144,9/28/2021 12:00:00 AM,0500,2,2,0,0,CLEAR,DRY,True,OTHER INTERSECTION COLLISIONS,REAR END,CURVE & HILLCREST,DARK-HWY LIGHTED/ON,,,9/29/2021 8:16:31 AM,False,7916,Accepted,
28776275,0568000,LOUISVILLE METRO POLICE DEPT,Accepted,JEFFERSON,,,MUHAMMAD ALI,BLVD,W,US0031W,22ND,,,,,38.254424807,-85.787287975,1.909,9/28/2021 12:00:00 AM,1748,2,2,0,2,CLEAR,DRY,False,ANGLE COLLISION - OTHER,ANGLE,STRAIGHT & LEVEL,DAYLIGHT,,,9/30/2021 8:20:59 AM,False,5124,Accepted,
28776267,0568000,LOUISVILLE METRO POLICE DEPT,Accepted,JEFFERSON,KY2054,,ALGONQUIN,PKWY,,,16TH,,,,,38.222184551,-85.782826833,2.169,9/28/2021 12:00:00 AM,1958,3,3,0,4,CLEAR,DRY,False,OPPOSITE DIRECTION - BOTH VEHICLES GOING STRAIGHT AHEAD,SIDESWIPE-OPPOSITE DIRECTION,STRAIGHT & LEVEL,DARK-HWY LIGHTED/ON,,,9/30/2021 8:20:19 AM,False,5256,Accepted,
28752050,0568000,LOUISVILLE METRO POLICE DEPT,Accepted,JEFFERSON,,,WILSON,AVE,,,,,,,,38.232289469,-85.800975309,1.462,9/28/2021 12:00:00 AM,1342,2,2,0,3,CLEAR,DRY,False,1 VEHICLE ENTERING/LEAVING ENTRANCE,ANGLE,STRAIGHT & LEVEL,DAYLIGHT,,,9/29/2021 8:16:09 AM,False,5114,Accepted,
28752058,0568000,LOUISVILLE METRO POLICE DEPT,Accepted,JEFFERSON,KY0022,9597,BROWNSBORO,RD,,,,,,,,38.307655936,-85.574884412,3.841,9/28/2021 12:00:00 AM,0541,2,2,0,0,CLEAR,DRY,True,SIDESWIPE COLLISION - SAME DIRECTION,SIDESWIPE-SAME DIRECTION,STRAIGHT & LEVEL,DARK-HWY LIGHTED/OFF,,,9/29/2021 8:16:43 AM,False,5155,Accepted,
28752044,0568000,LOUISVILLE METRO POLICE DEPT,Accepted,JEFFERSON,I 0264,,,,,,,,,,,38.189696952,-85.763480116,0.073,9/28/2021 12:00:00 AM,1729,2,2,0,0,CLEAR,DRY,False,COLLISION WITH FIXED OBJECT NOT IN GORE ,SIDESWIPE-SAME DIRECTION,CURVE & GRADE,DAYLIGHT,KY1020,I 0264,9/29/2021 8:15:42 AM,False,7872,Accepted,
28752051,0568000,LOUISVILLE METRO POLICE DEPT,Accepted,JEFFERSON,,1810,CYPRESS,ST,,,,,,,,38.226012429,-85.799481238,0.780,9/28/2021 12:00:00 AM,1650,3,3,0,0,CLEAR,DRY,False,1 VEHICLE ENTERING/LEAVING ENTRANCE,ANGLE,STRAIGHT & LEVEL,DAYLIGHT,,,9/29/2021 8:16:13 AM,False,5114,Accepted,
28752032,0568000,LOUISVILLE METRO POLICE DEPT,Accepted,JEFFERSON,KY1703,,BAXTER,AVE,,,,,TYLER PARK,,CASTLEWOOD,38.230953602,-85.716851012,4.928,9/28/2021 12:00:00 AM,0733,4,4,0,1,CLEAR,DRY,False,REAR END IN TRAFFIC LANES BOTH VEHICLES MOVING,REAR END,STRAIGHT & HILLCREST,DAYLIGHT,,,9/29/2021 8:14:37 AM,False,7793,Accepted,
28752041,0568000,LOUISVILLE METRO POLICE DEPT,Accepted,JEFFERSON,KY2052,,SHEPHERDSVILLE,RD,,,WHISPERING HILLS,,,,,38.148644753,-85.659901221,0.692,9/28/2021 12:00:00 AM,1336,2,2,0,1,CLEAR,DRY,False,ANGLE COLLISION - OTHER,ANGLE,STRAIGHT & LEVEL,DAYLIGHT,,,9/29/2021 8:15:17 AM,False,7484,Accepted,
28752049,0568000,LOUISVILLE METRO POLICE DEPT,Accepted,JEFFERSON,KY2054,,ALGONQUIN,PKWY,,,,,,,,38.223528231,-85.797632268,1.362,9/28/2021 12:00:00 AM,0903,2,2,0,0,CLEAR,DRY,False,OTHER ROADWAY OR MID-BLOCK COLLISION,OPPOSING LEFT TURN,STRAIGHT & LEVEL,DAYLIGHT,,,9/29/2021 8:16:04 AM,False,5114,Accepted,
28752052,0568000,LOUISVILLE METRO POLICE DEPT,Accepted,JEFFERSON,,,RALPH,AVE,,,,,,,,38.209124191,-85.827253317,1.623,9/28/2021 12:00:00 AM,1503,2,2,0,0,CLEAR,DRY,False,1 VEHICLE ENTERING/LEAVING ENTRANCE,ANGLE,STRAIGHT & LEVEL,DAYLIGHT,,,9/29/2021 8:16:17 AM,False,5240,Accepted,
28752059,0568000,LOUISVILLE METRO POLICE DEPT,Accepted,JEFFERSON,,,GARLAND,AVE,,,12TH,,,,,38.242177114,-85.772568487,0.258,9/28/2021 12:00:00 AM,1932,2,2,0,0,CLEAR,DRY,False,ANGLE COLLISION - ONE VEHICLE TURNING LEFT,ANGLE,STRAIGHT & LEVEL,DAYLIGHT,,,9/29/2021 8:16:46 AM,False,5327,Accepted,
28731685,0568000,LOUISVILLE METRO POLICE DEPT,Accepted,JEFFERSON,KY1747,,FERN VALLEY,RD,,,JEFFERSON,,,,,38.156898668,-85.671501658,3.333,9/28/2021 12:00:00 AM,0334,2,2,0,2,CLEAR,DRY,False,ANGLE COLLISION - OTHER,ANGLE,STRAIGHT & LEVEL,DARK-HWY NOT LIGHTED,,,9/28/2021 8:14:11 AM,False,5336,Accepted,
28752035,0568000,LOUISVILLE METRO POLICE DEPT,Accepted,JEFFERSON,US0031E,2427,BARDSTOWN,RD,,,,,,,,38.223676505,-85.687721268,13.303,9/28/2021 12:00:00 AM,1110,2,2,0,0,CLEAR,DRY,True,1 VEHICLE PARKED POSITION (NOT PARKING LOT/DRIVEWAY),SIDESWIPE-SAME DIRECTION,STRAIGHT & LEVEL,DAYLIGHT,,,9/29/2021 8:14:50 AM,False,7570,Accepted,
28752036,0568000,LOUISVILLE METRO POLICE DEPT,Accepted,JEFFERSON,US0031W,,DIXIE,HWY,,,,,VESPER,,BARRETT,38.105416150,-85.868167322,8.462,9/28/2021 12:00:00 AM,1222,2,1,0,1,CLEAR,DRY,False,COLLISION WITH BICYCLIST NON INTERSECTION,SINGLE VEHICLE,STRAIGHT & LEVEL,DAYLIGHT,,,9/29/2021 8:14:53 AM,False,6318,Accepted,
28752042,0568000,LOUISVILLE METRO POLICE DEPT,Accepted,JEFFERSON,,,WATTERSON,TRL,S,,FERNDALE,,,,,38.156294281,-85.614684962,1.991,9/28/2021 12:00:00 AM,1710,3,3,0,0,CLEAR,DRY,False,OTHER INTERSECTION COLLISIONS,REAR END,STRAIGHT & GRADE,DAYLIGHT,,,9/29/2021 8:15:24 AM,False,7484,Accepted,
28752043,0568000,LOUISVILLE METRO POLICE DEPT,Accepted,JEFFERSON,KY1020,,3RD,ST,S,,CENTRAL,,,,,38.204900414,-85.763910564,9.481,9/28/2021 12:00:00 AM,1437,2,2,0,0,CLEAR,DRY,False,OTHER INTERSECTION COLLISIONS,REAR END,STRAIGHT & LEVEL,DAYLIGHT,,,9/29/2021 8:15:30 AM,False,7872,Accepted,
28731661,0568000,LOUISVILLE METRO POLICE DEPT,Accepted,JEFFERSON,US0031W,,DR W J HODGE,ST,,,,,,,,38.255623842,-85.785412320,20.069,9/27/2021 12:00:00 AM,0938,2,2,0,0,CLEAR,DRY,False,REAR END IN TRAFFIC LANES BOTH VEHICLES MOVING,REAR END,STRAIGHT & LEVEL,DAYLIGHT,,,9/28/2021 8:12:54 AM,False,7805,Accepted,
28731662,0568000,LOUISVILLE METRO POLICE DEPT,Accepted,JEFFERSON,I 0264,,I264 E,,,,,,,,,38.224823220,-85.643340341,17.461,9/27/2021 12:00:00 AM,0728,1,1,0,1,CLEAR,DRY,False,COLLISION WITH FIXED OBJECT NON - INTERSECTION - FIRST EVENT COLLISION 09 - 32 EXCLUDING 16,SINGLE VEHICLE,STRAIGHT & LEVEL,DAYLIGHT,,,9/28/2021 8:12:58 AM,False,4903,Accepted,
28731668,0568000,LOUISVILLE METRO POLICE DEPT,Accepted,JEFFERSON,,7310,GRADE,LN,,,DON HUTSON,,,,,38.133719270,-85.737918498,3.789,9/27/2021 12:00:00 AM,1427,2,2,0,0,CLEAR,DRY,False,OTHER INTERSECTION COLLISIONS,REAR END,STRAIGHT & LEVEL,DAYLIGHT,,,9/28/2021 8:13:23 AM,False,2324,Accepted,
28731669,0568000,LOUISVILLE METRO POLICE DEPT,Accepted,JEFFERSON,US0060A,,WINKLER,AVE,,,,KY1020,3RD,,4TH,38.210208717,-85.763843181,3.114,9/27/2021 12:00:00 AM,1724,2,2,0,0,CLEAR,DRY,False,REAR END IN TRAFFIC LANES BOTH VEHICLES MOVING,REAR END,STRAIGHT & LEVEL,DAYLIGHT,,,9/28/2021 8:13:31 AM,False,7872,Accepted,
28731670,0568000,LOUISVILLE METRO POLICE DEPT,Accepted,JEFFERSON,,,34TH,ST,S,,LARKWOOD,,,,,38.257792958,-85.807628336,0.303,9/27/2021 12:00:00 AM,1604,2,2,0,0,CLEAR,DRY,True,ANGLE COLLISION - OTHER,ANGLE,STRAIGHT & LEVEL,DAYLIGHT,,,9/28/2021 8:13:34 AM,False,5282,Accepted,
28731678,0568000,LOUISVILLE METRO POLICE DEPT,Accepted,JEFFERSON,US0031W,8400,DIXIE,HWY,,,,,PAGES,,STEPHAN,38.129661938,-85.848242196,10.459,9/27/2021 12:00:00 AM,2052,2,2,0,1,CLEAR,DRY,False,OTHER ROADWAY OR MID-BLOCK COLLISION,OPPOSING LEFT TURN,STRAIGHT & LEVEL,DARK-HWY NOT LIGHTED,,,9/28/2021 8:13:51 AM,False,5211,Accepted,
28708546,0566900,LOUISVILLE AIRPORT POLICE,Accepted,JEFFERSON,,911,GRADE,LN,,,,,,,,38.163886254,-85.721612348,1.232,9/27/2021 12:00:00 AM,0603,1,1,0,0,CLEAR,DRY,False,COLLISION IN PARKING LOT,SINGLE VEHICLE,CURVE & LEVEL,DARK-HWY LIGHTED/ON,,,9/27/2021 7:52:44 AM,False,5870,Accepted,