IncidentID,AgencyORI,AgencyName,IncidentStatusDesc,County,RdwyNumber,Street,RoadwayName,StreetSfx,StreetDir,IntersectionRdwy,IntersectionRdwyName,BetweenStRdwy1,BetweenStRdwyName1,BetweenStRdwy2,BetweenStRdwyName2,Latitude,Longitude,Milepoint,CollisionDate,CollisionTime,UnitsInvolved,MotorVehiclesInvolved,NumberKilled,NumberInjured,Weather,RdwyConditionCode,HitandRun,DirAnalysisCode,MannerofCollision,RdwyCharacter,LightCondition,RampFromRdwyId,RampToRdwyId,AcceptedDate,IsSecondaryCollision,OwnerBadge,IncidentStatus,
28708819,0370200,KY STATE POLICE CVE,Accepted,JEFFERSON,I 0065,,I65 S,,,,,,,,,38.098527229,-85.701011795,124.021,9/27/2021 12:00:00 AM,0503,2,2,0,2,CLEAR,DRY,True,SIDESWIPE COLLISION - SAME DIRECTION,SIDESWIPE-SAME DIRECTION,STRAIGHT & LEVEL,DARK-HWY LIGHTED/ON,,,9/27/2021 8:49:07 AM,False,C-359,Accepted,
28776307,0568000,LOUISVILLE METRO POLICE DEPT,Accepted,JEFFERSON,I 0071,,I71 S,,,,,,,,,38.294360104,-85.631297063,5.997,9/27/2021 12:00:00 AM,1621,2,2,0,0,CLEAR,DRY,False,REAR END IN TRAFFIC LANES BOTH VEHICLES MOVING,REAR END,STRAIGHT & LEVEL,DAYLIGHT,,,9/30/2021 8:23:16 AM,False,2142,Accepted,
28731663,0568000,LOUISVILLE METRO POLICE DEPT,Accepted,JEFFERSON,,,RAGGARD,RD,,KY1934,GREENBELT,,,,,38.174558736,-85.871167572,0.008,9/27/2021 12:00:00 AM,1459,2,2,0,0,CLEAR,DRY,True,OTHER INTERSECTION COLLISIONS,REAR END,STRAIGHT & LEVEL,DAYLIGHT,,,9/28/2021 8:13:04 AM,False,2098,Accepted,
28731689,0568000,LOUISVILLE METRO POLICE DEPT,Accepted,JEFFERSON,KY0864,,POPLAR LEVEL,RD,,,,,,,,38.195576982,-85.707641945,11.316,9/27/2021 12:00:00 AM,2027,2,2,0,1,CLEAR,DRY,False,1 VEHICLE ENTERING/LEAVING ENTRANCE,ANGLE,STRAIGHT & LEVEL,DARK-HWY LIGHTED/ON,,,9/28/2021 8:14:17 AM,False,5317,Accepted,
28731667,0568000,LOUISVILLE METRO POLICE DEPT,Accepted,JEFFERSON,KY1747,3000,FERN VALLEY,RD,,,,,,,,38.157000760,-85.708074512,1.325,9/27/2021 12:00:00 AM,1215,2,2,0,0,CLEAR,DRY,False,COLLISION IN PARKING LOT,ANGLE,STRAIGHT & LEVEL,DAYLIGHT,,,9/28/2021 8:13:19 AM,False,2324,Accepted,
28731664,0568000,LOUISVILLE METRO POLICE DEPT,Accepted,JEFFERSON,KY1447,13000,WESTPORT,RD,,,,,,,,38.296075071,-85.553481940,6.373,9/27/2021 12:00:00 AM,1600,1,1,0,1,CLEAR,DRY,False,COLLISION WITH FIXED OBJECT NON - INTERSECTION - FIRST EVENT COLLISION 09 - 32 EXCLUDING 16,SINGLE VEHICLE,STRAIGHT & LEVEL,DAYLIGHT,,,9/28/2021 8:13:07 AM,False,7615,Accepted,
28731665,0568000,LOUISVILLE METRO POLICE DEPT,Accepted,JEFFERSON,,,INDIAN,TRL,E,,,,LODEMA,KY0864,POPLAR LEVEL,38.171351225,-85.685503388,1.169,9/27/2021 12:00:00 AM,1535,2,2,0,0,CLEAR,DRY,False,OTHER ROADWAY OR MID-BLOCK COLLISION,REAR END,STRAIGHT & LEVEL,DAYLIGHT,,,9/28/2021 8:13:12 AM,False,7451,Accepted,
28731666,0568000,LOUISVILLE METRO POLICE DEPT,Accepted,JEFFERSON,I 0071,,I71 N,,,,,,,,,38.291540321,-85.640289803,5.482,9/27/2021 12:00:00 AM,1630,2,2,0,1,CLEAR,DRY,True,SIDESWIPE COLLISION - SAME DIRECTION,SIDESWIPE-SAME DIRECTION,CURVE & LEVEL,DAYLIGHT,,,9/28/2021 8:13:16 AM,False,7316,Accepted,
28731672,0568000,LOUISVILLE METRO POLICE DEPT,Accepted,JEFFERSON,,,NANCY,LN,,,LILA,,,,,38.137083853,-85.851591971,0.474,9/27/2021 12:00:00 AM,1804,2,2,0,0,CLEAR,DRY,False,ANGLE COLLISION - OTHER,ANGLE,STRAIGHT & LEVEL,DAYLIGHT,,,9/28/2021 8:13:43 AM,False,7234,Accepted,
28854892,0568000,LOUISVILLE METRO POLICE DEPT,Accepted,JEFFERSON,,,STILZ,AVE,,,,,,,,38.254563904,-85.685387177,0.003,9/27/2021 12:00:00 AM,0622,2,2,0,0,CLEAR,DRY,False,SIDESWIPE COLLISION - SAME DIRECTION,SIDESWIPE-SAME DIRECTION,STRAIGHT & HILLCREST,DARK-HWY LIGHTED/ON,,,10/11/2021 8:28:18 AM,False,5104,Accepted,
28789576,0568000,LOUISVILLE METRO POLICE DEPT,Accepted,JEFFERSON,KY1932,,BRECKENRIDGE,LN,,,SUDBURY,,,,,38.208652789,-85.626567659,1.989,9/27/2021 12:00:00 AM,0944,3,3,0,0,CLEAR,DRY,True,OTHER INTERSECTION COLLISIONS,REAR END,STRAIGHT & LEVEL,DAYLIGHT,,,10/4/2021 8:25:53 AM,False,5247,Accepted,
28854799,0568000,LOUISVILLE METRO POLICE DEPT,Accepted,JEFFERSON,,,DUMESNIL,ST,,,,,DIXIE,,17TH,38.236051426,-85.783341934,1.951,9/26/2021 12:00:00 AM,0446,2,2,0,0,CLEAR,DRY,False,SIDESWIPE COLLISION - SAME DIRECTION,SIDESWIPE-SAME DIRECTION,STRAIGHT & LEVEL,DARK-HWY LIGHTED/ON,,,10/11/2021 8:23:37 AM,False,2186,Accepted,
28854776,0568000,LOUISVILLE METRO POLICE DEPT,Accepted,JEFFERSON,KY1932,,BRECKENRIDGE,LN,,,HIKES,,,,,38.218177426,-85.628597791,2.693,9/26/2021 12:00:00 AM,1056,2,2,0,0,CLEAR,DRY,False,ANGLE COLLISION - ONE VEHICLE TURNING LEFT,ANGLE,STRAIGHT & LEVEL,DAYLIGHT,,,10/11/2021 8:21:55 AM,False,7200,Accepted,
28800775,0568000,LOUISVILLE METRO POLICE DEPT,Accepted,JEFFERSON,,1313,BRECKINRIDGE,ST,E,,,,,,,38.240415658,-85.731079915,0.308,9/26/2021 12:00:00 AM,1502,3,1,0,0,CLEAR,DRY,False,1 VEHICLE PARKED POSITION (NOT PARKING LOT/DRIVEWAY),SIDESWIPE-SAME DIRECTION,STRAIGHT & LEVEL,DAYLIGHT,,,10/6/2021 4:31:38 PM,False,2228,Accepted,
28708862,0568000,LOUISVILLE METRO POLICE DEPT,Accepted,JEFFERSON,,,FLOYD,ST,S,,HAHN,,,,,38.212060492,-85.755540413,3.004,9/26/2021 12:00:00 AM,0024,2,2,0,1,CLEAR,DRY,False,OPPOSING LEFT TURN,OPPOSING LEFT TURN,STRAIGHT & LEVEL,DARK-HWY LIGHTED/ON,,,9/27/2021 8:52:43 AM,False,5304,Accepted,
28708863,0568000,LOUISVILLE METRO POLICE DEPT,Accepted,JEFFERSON,,2040,4TH,ST,S,,,,,,,38.220178660,-85.762929872,2.538,9/26/2021 12:00:00 AM,2211,2,2,0,0,CLEAR,DRY,False,MEDIAN CROSS-OVER COLLISION ,ANGLE,STRAIGHT & LEVEL,DARK-HWY NOT LIGHTED,,,9/27/2021 8:52:56 AM,False,5304,Accepted,
28792288,0560400,SHIVELY POLICE DEPARTMENT,Accepted,JEFFERSON,I 0264,,I264 W,,,,,,,,,38.190102401,-85.830477046,6.458,9/26/2021 12:00:00 AM,0400,1,1,0,1,CLEAR,DRY,False,COLLISION WITH FIXED OBJECT NON - INTERSECTION - FIRST EVENT COLLISION 09 - 32 EXCLUDING 16,SINGLE VEHICLE,CURVE & LEVEL,DARK-HWY LIGHTED/ON,,,10/4/2021 7:11:50 PM,False,7129,Accepted,
28776315,0568000,LOUISVILLE METRO POLICE DEPT,Accepted,JEFFERSON,,3200,RIVER PARK,DR,,,,,,,,38.254339356,-85.806091925,1.117,9/26/2021 12:00:00 AM,1620,3,3,0,1,CLEAR,DRY,False,OTHER ROADWAY OR MID-BLOCK COLLISION,REAR END,STRAIGHT & LEVEL,DAYLIGHT,,,9/30/2021 8:23:48 AM,False,7469,Accepted,
28798595,0568000,LOUISVILLE METRO POLICE DEPT,Accepted,JEFFERSON,KY2055,10418,MANSLICK,RD,W,,,,,,,38.105201932,-85.758979748,1.388,9/26/2021 12:00:00 AM,2025,2,2,0,2,CLEAR,DRY,False,HEAD-ON COLLISION,HEAD ON,STRAIGHT & HILLCREST,DARK-HWY LIGHTED/ON,,,10/6/2021 8:18:00 AM,False,5266,Accepted,
28776271,0568000,LOUISVILLE METRO POLICE DEPT,Accepted,JEFFERSON,,,SHAWNEE PARK,RD,,,,,,,,38.253690115,-85.828422634,0.828,9/26/2021 12:00:00 AM,1900,2,2,0,0,CLEAR,DRY,False,REAR END IN TRAFFIC LANES BOTH VEHICLES MOVING,REAR END,STRAIGHT & LEVEL,DAYLIGHT,,,9/30/2021 8:20:38 AM,False,7437,Accepted,
28776273,0568000,LOUISVILLE METRO POLICE DEPT,Accepted,JEFFERSON,KY0864,,BEULAH CHURCH,RD,,,,,,,,38.119655211,-85.615129923,3.014,9/26/2021 12:00:00 AM,0854,1,1,0,0,CLEAR,DRY,False,COLLISION WITH FIXED OBJECT NON - INTERSECTION - FIRST EVENT COLLISION 09 - 32 EXCLUDING 16,SINGLE VEHICLE,STRAIGHT & LEVEL,DAYLIGHT,,,9/30/2021 8:20:43 AM,False,2321,Accepted,
28798563,0568000,LOUISVILLE METRO POLICE DEPT,Accepted,JEFFERSON,,3700,MUHAMMAD ALI,BLVD,W,,,,,,,38.257445442,-85.813645406,3.352,9/26/2021 12:00:00 AM,1747,2,2,0,0,CLEAR,DRY,False,SIDESWIPE COLLISION - SAME DIRECTION,SIDESWIPE-SAME DIRECTION,STRAIGHT & LEVEL,DAYLIGHT,,,10/6/2021 8:15:32 AM,False,7469,Accepted,
28776274,0568000,LOUISVILLE METRO POLICE DEPT,Accepted,JEFFERSON,KY0155,,TAYLORSVILLE,RD,,,CHENOWETH RUN,,,,,38.188274543,-85.551978912,8.462,9/26/2021 12:00:00 AM,1409,2,2,0,1,CLEAR,DRY,False,OTHER INTERSECTION COLLISIONS,REAR END,STRAIGHT & GRADE,DAYLIGHT,,,9/30/2021 8:20:49 AM,False,2321,Accepted,
28708835,0568000,LOUISVILLE METRO POLICE DEPT,Accepted,JEFFERSON,,,TEXAS,AVE,,KY0864,GOSS,,,,,38.225937462,-85.733328325,0.848,9/26/2021 12:00:00 AM,0005,2,2,0,0,CLEAR,DRY,False,COLLISION WITH PARKED VEHICLE,ANGLE,STRAIGHT & LEVEL,DARK-HWY LIGHTED/ON,,,9/27/2021 8:50:21 AM,False,5349,Accepted,
28776308,0568000,LOUISVILLE METRO POLICE DEPT,Accepted,JEFFERSON,KY1020,,2ND,ST,S,,,,,,,38.223730989,-85.759006329,10.489,9/26/2021 12:00:00 AM,1450,2,2,0,0,CLEAR,DRY,False,SIDESWIPE COLLISION - SAME DIRECTION,SIDESWIPE-SAME DIRECTION,STRAIGHT & LEVEL,DAYLIGHT,,,9/30/2021 8:23:21 AM,False,7495,Accepted,
28776319,0568000,LOUISVILLE METRO POLICE DEPT,Accepted,JEFFERSON,US0031E,,BARDSTOWN,RD,,,GRINSTEAD,,,,,38.238418651,-85.720917916,15.420,9/26/2021 12:00:00 AM,0130,2,2,0,0,CLEAR,DRY,False,OTHER INTERSECTION COLLISIONS,REAR END,STRAIGHT & LEVEL,DARK-HWY LIGHTED/ON,,,9/30/2021 8:24:05 AM,False,7488,Accepted,
28776317,0568000,LOUISVILLE METRO POLICE DEPT,Accepted,JEFFERSON,,,BELRAD,DR,,,,,,,,38.180203864,-85.641750090,0.169,9/26/2021 12:00:00 AM,1209,1,1,0,0,CLEAR,DRY,False,COLLISION WITH FIXED OBJECT NON - INTERSECTION - FIRST EVENT COLLISION 09 - 32 EXCLUDING 16,SINGLE VEHICLE,CURVE & LEVEL,DAYLIGHT,,,9/30/2021 8:23:56 AM,False,7864,Accepted,
28708853,0568000,LOUISVILLE METRO POLICE DEPT,Accepted,JEFFERSON,,,MUHAMMAD ALI,BLVD,W,,,,,,,38.256306976,-85.803352100,2.793,9/26/2021 12:00:00 AM,0900,1,1,0,1,CLEAR,DRY,False,OTHER ROADWAY OR MID-BLOCK COLLISION,SINGLE VEHICLE,STRAIGHT & LEVEL,DAYLIGHT,,,9/27/2021 8:51:47 AM,False,7220,Accepted,
28708860,0568000,LOUISVILLE METRO POLICE DEPT,Accepted,JEFFERSON,,3700,WHEATMORE,DR,W,,,,,,,38.191104181,-85.799143396,0.047,9/26/2021 12:00:00 AM,1731,3,3,0,0,CLEAR,DRY,False,COLLISION IN PARKING LOT,SIDESWIPE-SAME DIRECTION,STRAIGHT & LEVEL,DAYLIGHT,,,9/27/2021 8:52:19 AM,False,5221,Accepted,
28708836,0568000,LOUISVILLE METRO POLICE DEPT,Accepted,JEFFERSON,,,SENECA PARK,RD,,,,,,,,38.233321461,-85.679810250,0.932,9/26/2021 12:00:00 AM,0258,1,1,0,0,CLEAR,DRY,False,COLLISION WITH FIXED OBJECT NON - INTERSECTION - FIRST EVENT COLLISION 09 - 32 EXCLUDING 16,SINGLE VEHICLE,STRAIGHT & LEVEL,DARK-HWY NOT LIGHTED,,,9/27/2021 8:50:29 AM,False,5104,Accepted,
28708843,0568000,LOUISVILLE METRO POLICE DEPT,Accepted,JEFFERSON,US0031E,,BARDSTOWN,RD,,,,,OLDHAM,,FAIRGROUND,38.163424313,-85.596641154,6.641,9/26/2021 12:00:00 AM,1335,2,2,0,0,CLEAR,DRY,False,HEAD-ON COLLISION,HEAD ON,STRAIGHT & LEVEL,DAYLIGHT,,,9/27/2021 8:51:11 AM,False,7755,Accepted,
28708856,0568000,LOUISVILLE METRO POLICE DEPT,Accepted,JEFFERSON,KY1865,,NEW CUT,RD,,,,,,,,38.145421219,-85.775417878,2.690,9/26/2021 12:00:00 AM,2000,2,2,0,1,CLEAR,DRY,False,OTHER ROADWAY OR MID-BLOCK COLLISION,REAR END,STRAIGHT & LEVEL,DARK-HWY LIGHTED/ON,,,9/27/2021 8:52:01 AM,False,5259,Accepted,
28708857,0568000,LOUISVILLE METRO POLICE DEPT,Accepted,JEFFERSON,US0031W,,DIXIE,HWY,,,,,,,,38.140575979,-85.841121427,11.435,9/26/2021 12:00:00 AM,2048,2,2,0,1,CLEAR,DRY,False,1 VEHICLE ENTERING/LEAVING ENTRANCE,ANGLE,STRAIGHT & LEVEL,DUSK,,,9/27/2021 8:52:06 AM,False,7264,Accepted,
28708834,0568000,LOUISVILLE METRO POLICE DEPT,Accepted,JEFFERSON,KY0061,,PRESTON,HWY,,KY1747,FERN VALLEY,,,,,38.156827591,-85.696846343,5.356,9/26/2021 12:00:00 AM,0138,2,2,0,0,CLEAR,DRY,False,ANGLE COLLISION - OTHER,ANGLE,STRAIGHT & LEVEL,DARK-HWY LIGHTED/ON,,,9/27/2021 8:50:09 AM,False,5264,Accepted,
28708832,0568000,LOUISVILLE METRO POLICE DEPT,Accepted,JEFFERSON,US0060A,,EASTERN,PKWY,,US0060A,WILLOW,,,,,38.232939436,-85.707896263,6.932,9/26/2021 12:00:00 AM,0133,2,2,0,1,CLEAR,DRY,False,COLLISION WITH PARKED VEHICLE,ANGLE,STRAIGHT & LEVEL,DARK-HWY LIGHTED/OFF,,,9/27/2021 8:49:58 AM,False,6886,Accepted,
28708833,0568000,LOUISVILLE METRO POLICE DEPT,Accepted,JEFFERSON,I 0264,,I264 E,,,I 0264,I264 E EXIT14 OFF RAMP TO KY864 N,,,,,38.194888489,-85.708513507,13.308,9/26/2021 12:00:00 AM,0350,2,2,0,2,CLEAR,DRY,True,NON-COLLISION OBJECT COLLISION,SIDESWIPE-SAME DIRECTION,STRAIGHT & LEVEL,DARK-HWY LIGHTED/ON,,,9/27/2021 8:50:04 AM,False,7972,Accepted,
28708839,0568000,LOUISVILLE METRO POLICE DEPT,Accepted,JEFFERSON,,,16TH,ST,S,,,,CEDAR,,MUHAMMAD ALI,38.254501326,-85.777183541,0.301,9/26/2021 12:00:00 AM,1053,5,5,0,0,CLEAR,DRY,False,1 VEHICLE PARKED POSITION (NOT PARKING LOT/DRIVEWAY),REAR END,STRAIGHT & LEVEL,DAYLIGHT,,,9/27/2021 8:50:48 AM,False,5251,Accepted,
28708840,0568000,LOUISVILLE METRO POLICE DEPT,Accepted,JEFFERSON,KY0061,,SHELBY,ST,S,,FETTER,,,,,38.215788604,-85.743257107,10.178,9/26/2021 12:00:00 AM,1307,1,1,0,1,CLEAR,DRY,False,COLLISION WITH FIXED OBJECT IN INTERSECTION - FIRST EVENT COLLISION 09 - 32,SINGLE VEHICLE,STRAIGHT & LEVEL,DAYLIGHT,,,9/27/2021 8:50:52 AM,False,2927,Accepted,
28708841,0568000,LOUISVILLE METRO POLICE DEPT,Accepted,JEFFERSON,,,HANCOCK,ST,S,,MARSHALL,,,,,38.250228581,-85.742670677,0.332,9/26/2021 12:00:00 AM,1446,2,2,0,0,CLEAR,DRY,True,ANGLE COLLISION - OTHER,ANGLE,STRAIGHT & LEVEL,DAYLIGHT,,,9/27/2021 8:50:58 AM,False,7406,Accepted,
28708858,0568000,LOUISVILLE METRO POLICE DEPT,Accepted,JEFFERSON,I 0065,,I65 S,,,,,,,,,38.203040093,-85.738267217,131.753,9/26/2021 12:00:00 AM,0239,2,2,0,0,CLEAR,DRY,True,REAR END IN TRAFFIC LANES BOTH VEHICLES MOVING,REAR END,CURVE & LEVEL,DARK-HWY LIGHTED/ON,,,9/27/2021 8:52:09 AM,False,5127,Accepted,
28708864,0568000,LOUISVILLE METRO POLICE DEPT,Accepted,JEFFERSON,,,SKY BLUE,AVE,,,,,,,,38.146216110,-85.851851734,0.152,9/26/2021 12:00:00 AM,0301,2,2,0,0,CLEAR,DRY,False,SIDESWIPE COLLISION - OPPOSITE DIRECTION,SIDESWIPE-OPPOSITE DIRECTION,STRAIGHT & LEVEL,DARK-HWY LIGHTED/ON,,,9/27/2021 8:53:08 AM,False,5170,Accepted,
28708842,0568000,LOUISVILLE METRO POLICE DEPT,Accepted,JEFFERSON,KY1065,4249,OUTER,LOOP,,,,,,,,38.139539387,-85.681944451,6.641,9/26/2021 12:00:00 AM,1600,2,1,0,1,CLEAR,DRY,False,COLLISION IN PARKING LOT,SINGLE VEHICLE,STRAIGHT & LEVEL,DAYLIGHT,,,9/27/2021 8:51:01 AM,False,2547,Accepted,
28708851,0568000,LOUISVILLE METRO POLICE DEPT,Accepted,JEFFERSON,,,HIKES,LN,,,DOWNING,,,,,38.202629289,-85.654254383,1.264,9/26/2021 12:00:00 AM,1737,2,2,0,1,CLEAR,DRY,False,ANGLE COLLISION - OTHER,ANGLE,STRAIGHT & LEVEL,DAYLIGHT,,,9/27/2021 8:51:39 AM,False,5191,Accepted,
28708867,0568000,LOUISVILLE METRO POLICE DEPT,Accepted,JEFFERSON,I 0071,,I71 N,,,,,I 0071,I264 E EXIT23 RAMP TO I64 E,I 0071,I71 TURN AROUND6,38.290444769,-85.642319360,5.347,9/26/2021 12:00:00 AM,2010,3,3,0,0,CLEAR,DRY,False,SIDESWIPE COLLISION - SAME DIRECTION,SIDESWIPE-SAME DIRECTION,STRAIGHT & LEVEL,DARK-HWY LIGHTED/ON,,,9/27/2021 8:53:30 AM,False,5056,Accepted,
29141471,0568000,LOUISVILLE METRO POLICE DEPT,Accepted,JEFFERSON,,,SHELBY,ST,S,,DELOR,,,,,38.221492768,-85.743506868,0.633,9/26/2021 12:00:00 AM,2139,2,2,0,0,CLEAR,DRY,False,ANGLE COLLISION - OTHER,ANGLE,STRAIGHT & LEVEL,DARK-HWY LIGHTED/ON,,,10/29/2021 7:44:32 AM,False,5349,Accepted,
28706239,0560400,SHIVELY POLICE DEPARTMENT,Accepted,JEFFERSON,I 0264,,I264 W,,,,,I 0264,I264 W EXIT8 ON RAMP FROM US31W N,I 0264,I264 E EXIT8B OFF RAMP TO US31W S,38.185877484,-85.811676582,7.648,9/25/2021 12:00:00 AM,1553,2,2,0,0,CLEAR,DRY,False,SIDESWIPE COLLISION - SAME DIRECTION,SIDESWIPE-SAME DIRECTION,STRAIGHT & LEVEL,DAYLIGHT,,,9/26/2021 4:04:29 PM,False,7105,Accepted,
28711055,0560300,ST. MATTHEWS POLICE DEPARTMENT,Accepted,JEFFERSON,,,DUTCHMANS,LN,,KY2048,CANNONS,,,,,38.225979585,-85.650518461,0.001,9/25/2021 12:00:00 AM,0110,1,1,0,3,CLEAR,DRY,False,COLLISION WITH FIXED OBJECT IN INTERSECTION - FIRST EVENT COLLISION 09 - 32,SINGLE VEHICLE,STRAIGHT & LEVEL,DUSK,,,9/27/2021 11:34:23 AM,False,9151,Accepted,
28708865,0568000,LOUISVILLE METRO POLICE DEPT,Accepted,JEFFERSON,US0031W,,DIXIE,HWY,,KY1931,GREENWOOD,,,,,38.143663539,-85.839570700,11.676,9/25/2021 12:00:00 AM,0001,2,2,0,0,CLEAR,DRY,False,REAR END - ONE VEHICLE TURNING LEFT,REAR END,STRAIGHT & LEVEL,DARK-HWY LIGHTED/ON,,,9/27/2021 8:53:19 AM,False,5170,Accepted,
28708817,0568000,LOUISVILLE METRO POLICE DEPT,Accepted,JEFFERSON,KY2801,,SOUTHERN HEIGHTS,AVE,W,,3RD,,,,,38.189153427,-85.764874453,0.086,9/25/2021 12:00:00 AM,1234,2,2,0,0,CLOUDY,DRY,False,ANGLE COLLISION - OTHER,ANGLE,STRAIGHT & LEVEL,DAYLIGHT,,,9/27/2021 8:49:03 AM,False,5230,Accepted,
28708823,0568000,LOUISVILLE METRO POLICE DEPT,Accepted,JEFFERSON,,,7TH,ST,S,,SHIPP,,,,,38.226242814,-85.769297941,0.614,9/25/2021 12:00:00 AM,1709,2,2,0,0,CLEAR,DRY,False,ANGLE COLLISION - OTHER,ANGLE,STRAIGHT & LEVEL,DAYLIGHT,,,9/27/2021 8:49:21 AM,False,7360,Accepted,
28708831,0568000,LOUISVILLE METRO POLICE DEPT,Accepted,JEFFERSON,,,BROOK,ST,S,,JEFFERSON,,,,,38.253137000,-85.750350781,3.393,9/25/2021 12:00:00 AM,2212,2,2,0,1,CLEAR,DRY,False,ANGLE COLLISION - OTHER,ANGLE,STRAIGHT & LEVEL,DARK-HWY LIGHTED/ON,,,9/27/2021 8:49:54 AM,False,7386,Accepted,
28708807,0568000,LOUISVILLE METRO POLICE DEPT,Accepted,JEFFERSON,I 0265,,I265 E,,,,,I 0265,I265 E EXIT23 OFF RAMP TO KY155,I 0265,I265 E EXIT19 ON RAMP FROM KY1819,38.171178578,-85.517694063,21.750,9/25/2021 12:00:00 AM,1608,2,2,0,0,CLEAR,DRY,False,REAR END IN TRAFFIC LANES BOTH VEHICLES MOVING,REAR END,STRAIGHT & LEVEL,DAYLIGHT,,,9/27/2021 8:48:19 AM,False,6878,Accepted,
28703045,0560300,ST. MATTHEWS POLICE DEPARTMENT,Accepted,JEFFERSON,US0060,3800,FRANKFORT,AVE,,,,,,,,38.252919886,-85.656489726,3.490,9/25/2021 12:00:00 AM,0154,2,2,0,0,CLEAR,DRY,True,REAR END IN TRAFFIC LANES BOTH VEHICLES MOVING,REAR END,STRAIGHT & LEVEL,DARK-HWY NOT LIGHTED,,,9/25/2021 7:38:59 AM,False,9171,Accepted,
28708815,0568000,LOUISVILLE METRO POLICE DEPT,Accepted,JEFFERSON,KY0907,,VALLEY STATION,RD,,,,US0031W,DIXIE,,DEERING,38.107122387,-85.865187723,0.091,9/25/2021 12:00:00 AM,1242,2,2,0,0,CLEAR,DRY,False,1 VEHICLE ENTERING/LEAVING ENTRANCE,ANGLE,STRAIGHT & LEVEL,DAYLIGHT,,,9/27/2021 8:48:56 AM,False,2021,Accepted,
28708816,0568000,LOUISVILLE METRO POLICE DEPT,Accepted,JEFFERSON,KY1020,8310,NATIONAL,TPKE,,,,,,,,38.128465099,-85.749636351,3.770,9/25/2021 12:00:00 AM,1435,2,2,0,3,CLEAR,DRY,False,1 VEHICLE ENTERING/LEAVING ENTRANCE,ANGLE,STRAIGHT & LEVEL,DAYLIGHT,,,9/27/2021 8:48:59 AM,False,7356,Accepted,
28708852,0568000,LOUISVILLE METRO POLICE DEPT,Accepted,JEFFERSON,US0031W,,MARKET,ST,W,,,,,,,38.255451907,-85.758409561,21.756,9/25/2021 12:00:00 AM,1810,2,1,0,1,CLEAR,DRY,True,COLLISION WITH PEDESTRIAN NON - INTERSECTION,SINGLE VEHICLE,STRAIGHT & LEVEL,DAYLIGHT,,,9/27/2021 8:51:43 AM,False,5148,Accepted,
28708837,0568000,LOUISVILLE METRO POLICE DEPT,Accepted,JEFFERSON,KY1065,1001,OUTER,LOOP,,,,,,,,38.127210311,-85.747712473,2.585,9/25/2021 12:00:00 AM,1538,2,2,0,0,CLEAR,DRY,False,1 VEHICLE ENTERING/LEAVING ENTRANCE,ANGLE,STRAIGHT & LEVEL,DAYLIGHT,,,9/27/2021 8:50:40 AM,False,7252,Accepted,
28708820,0568000,LOUISVILLE METRO POLICE DEPT,Accepted,JEFFERSON,,,SOUTHERN,PKWY,,,BLUEGRASS,,,,,38.178913713,-85.771289837,0.262,9/25/2021 12:00:00 AM,1546,2,2,0,0,CLEAR,DRY,False,ANGLE COLLISION - OTHER,ANGLE,CURVE & LEVEL,DAYLIGHT,,,9/27/2021 8:49:10 AM,False,5230,Accepted,
28708829,0568000,LOUISVILLE METRO POLICE DEPT,Accepted,JEFFERSON,,9802,EL PRADO,ST,,,,,,,,38.110091615,-85.855406059,0.401,9/25/2021 12:00:00 AM,1540,1,1,0,1,CLEAR,DRY,False,1 VEHICLE ENTERING OR LEAVING PARKED POSITION (NOT PARKING LOT),SINGLE VEHICLE,STRAIGHT & LEVEL,DAYLIGHT,,,9/27/2021 8:49:45 AM,False,7485,Accepted,
28708812,0568000,LOUISVILLE METRO POLICE DEPT,Accepted,JEFFERSON,US0031E,,BARDSTOWN,RD,,,WROCKLAGE,,,,,38.223874119,-85.688870047,13.362,9/25/2021 12:00:00 AM,1507,2,2,0,0,CLEAR,DRY,False,OTHER INTERSECTION COLLISIONS,REAR END,STRAIGHT & LEVEL,DAYLIGHT,,,9/27/2021 8:48:43 AM,False,5020,Accepted,
28708827,0568000,LOUISVILLE METRO POLICE DEPT,Accepted,JEFFERSON,,,NORTHWESTERN,PKWY,,,33RD,,,,,38.274931217,-85.801041852,1.779,9/25/2021 12:00:00 AM,1809,4,4,0,0,CLEAR,DRY,False,ANGLE COLLISION - OTHER,ANGLE,CURVE & LEVEL,DAYLIGHT,,,9/27/2021 8:49:35 AM,False,7292,Accepted,
28708828,0568000,LOUISVILLE METRO POLICE DEPT,Accepted,JEFFERSON,,8926,BRANDYWYNE,DR,,,,,,,,38.163886071,-85.592020994,0.189,9/25/2021 12:00:00 AM,2055,2,2,0,0,CLEAR,DRY,True,1 VEHICLE PARKED POSITION (NOT PARKING LOT/DRIVEWAY),REAR END,STRAIGHT & LEVEL,DARK-HWY NOT LIGHTED,,,9/27/2021 8:49:40 AM,False,7106,Accepted,
28708804,0568000,LOUISVILLE METRO POLICE DEPT,Accepted,JEFFERSON,I 0065,,I65 N,,,,,,,,,38.165611984,-85.720590152,128.861,9/25/2021 12:00:00 AM,1231,2,2,0,0,CLEAR,DRY,False,REAR END IN TRAFFIC LANES BOTH VEHICLES MOVING,REAR END,STRAIGHT & LEVEL,DAYLIGHT,,,9/27/2021 8:48:03 AM,False,7400,Accepted,