IncidentID,AgencyORI,AgencyName,IncidentStatusDesc,County,RdwyNumber,Street,RoadwayName,StreetSfx,StreetDir,IntersectionRdwy,IntersectionRdwyName,BetweenStRdwy1,BetweenStRdwyName1,BetweenStRdwy2,BetweenStRdwyName2,Latitude,Longitude,Milepoint,CollisionDate,CollisionTime,UnitsInvolved,MotorVehiclesInvolved,NumberKilled,NumberInjured,Weather,RdwyConditionCode,HitandRun,DirAnalysisCode,MannerofCollision,RdwyCharacter,LightCondition,RampFromRdwyId,RampToRdwyId,AcceptedDate,IsSecondaryCollision,OwnerBadge,IncidentStatus,
28708794,0568000,LOUISVILLE METRO POLICE DEPT,Accepted,JEFFERSON,KY1932,,BRECKENRIDGE,LN,,,WILLIS,,,,,38.251441240,-85.654226112,5.400,9/25/2021 12:00:00 AM,0305,2,2,0,1,CLEAR,DRY,True,ANGLE COLLISION - OTHER,ANGLE,STRAIGHT & LEVEL,DARK-HWY LIGHTED/ON,,,9/27/2021 8:47:07 AM,False,2976,Accepted,
28708787,0568000,LOUISVILLE METRO POLICE DEPT,Accepted,JEFFERSON,,,PHILLIPS,LN,,KY1631,CRITTENDEN,,,,,38.192256573,-85.750712178,0.011,9/25/2021 12:00:00 AM,0040,2,2,0,0,CLEAR,DRY,False,COLLISION WITH PARKED VEHICLE,ANGLE,STRAIGHT & LEVEL,DARK-HWY LIGHTED/ON,,,9/27/2021 8:46:44 AM,False,7578,Accepted,
28708810,0568000,LOUISVILLE METRO POLICE DEPT,Accepted,JEFFERSON,KY0864,,POPLAR LEVEL,RD,,,CHEAK,,,,,38.202804827,-85.710891322,11.868,9/25/2021 12:00:00 AM,0651,1,1,0,0,CLEAR,DRY,False,COLLISION WITH FIXED OBJECT IN INTERSECTION - FIRST EVENT COLLISION 09 - 32,SINGLE VEHICLE,STRAIGHT & LEVEL,DARK-HWY LIGHTED/ON,,,9/27/2021 8:48:35 AM,False,5383,Accepted,
28708811,0568000,LOUISVILLE METRO POLICE DEPT,Accepted,JEFFERSON,I 0265,,I265 E,,,,,,,,,38.143783377,-85.558235121,18.686,9/25/2021 12:00:00 AM,1640,2,2,0,0,CLEAR,DRY,False,REAR END IN TRAFFIC LANES BOTH VEHICLES MOVING,REAR END,STRAIGHT & LEVEL,DAYLIGHT,,,9/27/2021 8:48:39 AM,False,2321,Accepted,
28748225,0566900,LOUISVILLE AIRPORT POLICE,Accepted,JEFFERSON,,4500,TOLL PLAZA,RD,,,,,,,,38.188072679,-85.740655478,0.061,9/25/2021 12:00:00 AM,0800,2,2,0,0,CLEAR,DRY,False,1 VEHICLE PARKED POSITION (NOT PARKING LOT/DRIVEWAY),SIDESWIPE-SAME DIRECTION,STRAIGHT & LEVEL,UNKNOWN,,,9/28/2021 9:35:13 PM,False,5751,Accepted,
28704193,0561000,JEFFERSONTOWN POLICE DEPT,Accepted,JEFFERSON,KY1747,,HURSTBOURNE,PKWY,S,KY6159,BLUEGRASS PKWY ACCESS,,,,,38.220354957,-85.581556215,11.646,9/25/2021 12:00:00 AM,1711,2,2,0,0,CLEAR,DRY,False,SIDESWIPE-SAME DIRECTION,SIDESWIPE-SAME DIRECTION,STRAIGHT & LEVEL,DAYLIGHT,,,9/25/2021 7:40:45 PM,False,8315,Accepted,
28708791,0568000,LOUISVILLE METRO POLICE DEPT,Accepted,JEFFERSON,,1639,RANGELAND,RD,,,,,,,,38.166507220,-85.672299661,0.513,9/25/2021 12:00:00 AM,0145,1,1,0,0,CLEAR,DRY,True,COLLISION WITH FIXED OBJECT NON - INTERSECTION - FIRST EVENT COLLISION 09 - 32 EXCLUDING 16,SINGLE VEHICLE,CURVE & LEVEL,DARK-HWY LIGHTED/ON,,,9/27/2021 8:47:03 AM,False,5171,Accepted,
28708808,0568000,LOUISVILLE METRO POLICE DEPT,Accepted,JEFFERSON,,,GRINSTEAD,DR,,,STILZ,,,,,38.253257913,-85.684368597,1.288,9/25/2021 12:00:00 AM,1620,2,2,0,0,CLEAR,DRY,False,ANGLE COLLISION - OTHER,ANGLE,STRAIGHT & GRADE,DAYLIGHT,,,9/27/2021 8:48:24 AM,False,7128,Accepted,
28708790,0568000,LOUISVILLE METRO POLICE DEPT,Accepted,JEFFERSON,KY1142,971,PALATKA,RD,,,,,PARK,,SOUTHVIEW,38.151908629,-85.783482382,1.043,9/25/2021 12:00:00 AM,0116,3,1,0,2,CLEAR,DRY,True,COLLISION WITH BICYCLIST NON INTERSECTION,SINGLE VEHICLE,STRAIGHT & GRADE,DARK-HWY LIGHTED/ON,,,9/27/2021 8:46:59 AM,False,7649,Accepted,
28708797,0568000,LOUISVILLE METRO POLICE DEPT,Accepted,JEFFERSON,,3000B,GREENWOOD,AVE,,,,,,,,38.242687610,-85.803710726,1.006,9/25/2021 12:00:00 AM,0037,2,2,0,0,CLEAR,DRY,False,1 VEHICLE PARKED POSITION (NOT PARKING LOT/DRIVEWAY),SIDESWIPE-SAME DIRECTION,STRAIGHT & LEVEL,DARK-HWY LIGHTED/ON,,,9/27/2021 8:47:36 AM,False,5343,Accepted,
28708830,0568000,LOUISVILLE METRO POLICE DEPT,Accepted,JEFFERSON,,,UPPER HUNTERS,TRCE,,,,,,,,38.161663673,-85.844971622,1.144,9/25/2021 12:00:00 AM,2045,2,2,0,0,CLEAR,DRY,False,OTHER ROADWAY OR MID-BLOCK COLLISION,OPPOSING LEFT TURN,STRAIGHT & LEVEL,DARK-HWY NOT LIGHTED,,,9/27/2021 8:49:49 AM,False,7365,Accepted,
28708838,0568000,LOUISVILLE METRO POLICE DEPT,Accepted,JEFFERSON,,,1ST,ST,S,,CARDINAL,,,,,38.220201930,-85.757888234,2.532,9/25/2021 12:00:00 AM,0857,2,2,0,2,RAINING,WET,False,OPPOSING LEFT TURN,OPPOSING LEFT TURN,STRAIGHT & LEVEL,DAYLIGHT,,,9/27/2021 8:50:44 AM,False,5346,Accepted,
28789581,0568000,LOUISVILLE METRO POLICE DEPT,Accepted,JEFFERSON,KY2052,,SHEPHERDSVILLE,RD,,KY0864,POPLAR LEVEL,,,,,38.160086751,-85.659977003,1.478,9/25/2021 12:00:00 AM,1902,3,3,0,1,CLEAR,DRY,False,ANGLE COLLISION - OTHER,ANGLE,CURVE & LEVEL,DAYLIGHT,,,10/4/2021 8:26:27 AM,False,5222,Accepted,
28854757,0568000,LOUISVILLE METRO POLICE DEPT,Accepted,JEFFERSON,US0031E,,BUECHEL,BYP,,,BUECHEL BANK,,,,,38.190784521,-85.647703995,10.039,9/24/2021 12:00:00 AM,0844,3,3,0,0,CLEAR,DRY,False,OTHER INTERSECTION COLLISIONS,REAR END,STRAIGHT & GRADE,DAYLIGHT,,,10/11/2021 8:20:09 AM,False,7200,Accepted,
28780659,0568000,LOUISVILLE METRO POLICE DEPT,Accepted,JEFFERSON,KY0864,,POPLAR LEVEL,RD,,KY3069,SANITA,,,,,38.192650329,-85.705979712,11.096,9/24/2021 12:00:00 AM,0841,2,2,0,0,CLOUDY,DRY,False,OTHER INTERSECTION COLLISIONS,REAR END,STRAIGHT & HILLCREST,DAYLIGHT,,,10/1/2021 8:06:53 AM,False,7304,Accepted,
28708846,0568000,LOUISVILLE METRO POLICE DEPT,Accepted,JEFFERSON,KY0061,,PRESTON,HWY,,,,KY6307,MAPLE SPRING,KY6306,KY6306,38.097258800,-85.670540403,0.954,9/24/2021 12:00:00 AM,1740,2,2,0,2,CLOUDY,DRY,False,REAR END IN TRAFFIC LANES BOTH VEHICLES MOVING,REAR END,STRAIGHT & LEVEL,DAYLIGHT,,,9/27/2021 8:51:31 AM,False,2583,Accepted,
28789614,0568000,LOUISVILLE METRO POLICE DEPT,Accepted,JEFFERSON,,,JOHNSONTOWN,RD,,,,,,,,38.121190961,-85.855698101,0.001,9/24/2021 12:00:00 AM,2232,2,2,0,1,CLEAR,DRY,False,REAR END IN TRAFFIC LANES BOTH VEHICLES MOVING,REAR END,STRAIGHT & LEVEL,DARK-HWY LIGHTED/ON,,,10/4/2021 8:30:49 AM,False,7772,Accepted,
28776303,0568000,LOUISVILLE METRO POLICE DEPT,Accepted,JEFFERSON,I 0065,,I65 N,,,,,I 0065,I65 N EXIT134B OFF RAMP TO  WOODBINE ST,I 0065,I65 N EXIT135 OFF RAMP TO  E SAINT CATHERINE ST,38.231811173,-85.750808874,134.274,9/24/2021 12:00:00 AM,1453,5,5,0,1,CLEAR,DRY,False,REAR END IN TRAFFIC LANES BOTH VEHICLES MOVING,REAR END,STRAIGHT & LEVEL,DAYLIGHT,,,9/30/2021 8:23:00 AM,False,5358,Accepted,
28789623,0564400,INDIAN HILLS POLICE DEPARTMENT,Accepted,JEFFERSON,US0042,4007,BROWNSBORO,RD,,,CHIPPEWA,,,,,38.267323678,-85.660403160,4.193,9/24/2021 12:00:00 AM,1430,2,2,0,0,CLEAR,DRY,False,OTHER INTERSECTION COLLISIONS,REAR END,STRAIGHT & LEVEL,DAYLIGHT,,,10/4/2021 8:32:44 AM,False,4433,Accepted,
28789690,0568000,LOUISVILLE METRO POLICE DEPT,Accepted,JEFFERSON,I 0264,,I264 E EXIT20 TRANSIT,,,,,,,,,38.249007306,-85.619444891,0.196,9/24/2021 12:00:00 AM,1356,3,3,0,0,CLEAR,DRY,False,REAR END IN TRAFFIC LANES BOTH VEHICLES MOVING,REAR END,STRAIGHT & GRADE,DAYLIGHT,,,10/4/2021 8:42:48 AM,False,8278,Accepted,
28708799,0568000,LOUISVILLE METRO POLICE DEPT,Accepted,JEFFERSON,US0031E,,BARDSTOWN,RD,,,,I 0265,I265 E EXIT17 OFF RAMP TO US31E,I 0265,I265 E EXIT17 ON RAMP FROM US31E,38.139808552,-85.582439572,4.787,9/24/2021 12:00:00 AM,1810,5,5,0,5,CLEAR,DRY,True,HEAD-ON COLLISION,HEAD ON,STRAIGHT & LEVEL,DAYLIGHT,,,9/27/2021 8:47:42 AM,False,6878,Accepted,
28708789,0568000,LOUISVILLE METRO POLICE DEPT,Accepted,JEFFERSON,KY1865,,TAYLOR,BLVD,,,ASHLAND,,,,,38.186673381,-85.783810160,5.532,9/24/2021 12:00:00 AM,2137,2,2,0,0,CLEAR,DRY,False,ANGLE COLLISION - OTHER,ANGLE,STRAIGHT & LEVEL,DARK-HWY LIGHTED/ON,,,9/27/2021 8:46:54 AM,False,5284,Accepted,
28708809,0568000,LOUISVILLE METRO POLICE DEPT,Accepted,JEFFERSON,KY0061,,PRESTON,HWY,,,FOREST,,,,,38.161693352,-85.699723268,5.725,9/24/2021 12:00:00 AM,1650,2,2,0,1,CLEAR,DRY,False,ANGLE COLLISION - ONE VEHICLE TURNING LEFT,ANGLE,STRAIGHT & LEVEL,DAYLIGHT,,,9/27/2021 8:48:30 AM,False,5383,Accepted,
28708742,0568000,LOUISVILLE METRO POLICE DEPT,Accepted,JEFFERSON,I 0264,,I264 W,,,,,,,,,38.235427245,-85.818118466,3.103,9/24/2021 12:00:00 AM,0739,1,1,0,1,CLEAR,DRY,False,COLLISION WITH FIXED OBJECT NON - INTERSECTION - FIRST EVENT COLLISION 09 - 32 EXCLUDING 16,SINGLE VEHICLE,STRAIGHT & LEVEL,DAYLIGHT,,,9/27/2021 8:43:15 AM,False,5132,Accepted,
28708748,0568000,LOUISVILLE METRO POLICE DEPT,Accepted,JEFFERSON,,,WATTERSON,TRL,S,,,,,,,38.178255399,-85.622603280,0.041,9/24/2021 12:00:00 AM,0837,2,2,0,0,CLEAR,DRY,False,REAR END IN TRAFFIC LANES BOTH VEHICLES MOVING,REAR END,STRAIGHT & LEVEL,DAYLIGHT,,,9/27/2021 8:43:52 AM,False,7864,Accepted,
28708757,0568000,LOUISVILLE METRO POLICE DEPT,Accepted,JEFFERSON,,,HANSES,DR,,,,,,,,38.157455296,-85.679730224,0.352,9/24/2021 12:00:00 AM,0652,1,1,0,0,CLEAR,DRY,False,COLLISION WITH FIXED OBJECT NON - INTERSECTION - FIRST EVENT COLLISION 09 - 32 EXCLUDING 16,SINGLE VEHICLE,STRAIGHT & LEVEL,DARK (UNKNOWN ROADWAY LIGHTING),,,9/27/2021 8:44:36 AM,False,4693,Accepted,
28708758,0568000,LOUISVILLE METRO POLICE DEPT,Accepted,JEFFERSON,KY1747,,FERN VALLEY,RD,,,,,,,,38.157255917,-85.696076713,1.992,9/24/2021 12:00:00 AM,0929,3,3,0,0,CLEAR,DRY,True,1 VEHICLE ENTERING/LEAVING ENTRANCE,ANGLE,STRAIGHT & LEVEL,DAYLIGHT,,,9/27/2021 8:44:41 AM,False,4693,Accepted,
28699431,0568000,LOUISVILLE METRO POLICE DEPT,Accepted,JEFFERSON,I 0071,,I71 S,,,,,,,,,38.275033965,-85.697329467,1.790,9/24/2021 12:00:00 AM,0249,2,2,0,0,CLEAR,DRY,True,SIDESWIPE COLLISION - SAME DIRECTION,SIDESWIPE-SAME DIRECTION,STRAIGHT & LEVEL,DARK-HWY LIGHTED/ON,,,9/24/2021 8:14:55 AM,False,7091,Accepted,
28708759,0568000,LOUISVILLE METRO POLICE DEPT,Accepted,JEFFERSON,KY1747,,FERN VALLEY,RD,,,HOLIDAY TOWERS,,,,,38.157391573,-85.714580730,0.983,9/24/2021 12:00:00 AM,1443,4,4,0,1,CLEAR,DRY,False,SIDESWIPE-SAME DIRECTION,SIDESWIPE-SAME DIRECTION,STRAIGHT & GRADE,DAYLIGHT,,,9/27/2021 8:44:45 AM,False,5026,Accepted,
28708772,0568000,LOUISVILLE METRO POLICE DEPT,Accepted,JEFFERSON,,,BRECKINRIDGE,ST,E,,HANCOCK,,,,,38.240312920,-85.744375930,1.065,9/24/2021 12:00:00 AM,1639,2,2,0,0,CLEAR,DRY,False,ANGLE COLLISION - OTHER,ANGLE,STRAIGHT & LEVEL,DAYLIGHT,,,9/27/2021 8:45:48 AM,False,5346,Accepted,
28708781,0568000,LOUISVILLE METRO POLICE DEPT,Accepted,JEFFERSON,,,FAIRGROUND,RD,,,HUDSON,,,,,38.168692541,-85.585141417,0.968,9/24/2021 12:00:00 AM,1818,2,2,0,0,CLEAR,DRY,False,ANGLE COLLISION - ONE VEHICLE TURNING LEFT,ANGLE,STRAIGHT & LEVEL,DAYLIGHT,,,9/27/2021 8:46:19 AM,False,7755,Accepted,
28708767,0568000,LOUISVILLE METRO POLICE DEPT,Accepted,JEFFERSON,KY1934,,CANE RUN,RD,,,VAN WINKLE,,,,,38.202074445,-85.833903173,9.464,9/24/2021 12:00:00 AM,0704,2,2,0,1,CLEAR,DRY,True,OPPOSING LEFT TURN,OPPOSING LEFT TURN,STRAIGHT & LEVEL,DAYLIGHT,,,9/27/2021 8:45:25 AM,False,5232,Accepted,
28708774,0568000,LOUISVILLE METRO POLICE DEPT,Accepted,JEFFERSON,I 0064,,I64 W,,,,,,,,,38.277262008,-85.806409816,1.174,9/24/2021 12:00:00 AM,1727,3,3,0,0,CLEAR,DRY,False,REAR END IN TRAFFIC LANES BOTH VEHICLES MOVING,REAR END,STRAIGHT & LEVEL,DAYLIGHT,,,9/27/2021 8:45:51 AM,False,7463,Accepted,
28708782,0568000,LOUISVILLE METRO POLICE DEPT,Accepted,JEFFERSON,,521,RIDGEWOOD,RD,,,,,,,,38.265697103,-85.685739370,0.250,9/24/2021 12:00:00 AM,2150,2,2,0,0,CLEAR,DRY,False,1 VEHICLE PARKED POSITION (NOT PARKING LOT/DRIVEWAY),HEAD ON,CURVE & HILLCREST,DARK-HWY LIGHTED/ON,,,9/27/2021 8:46:23 AM,False,5330,Accepted,
28708783,0568000,LOUISVILLE METRO POLICE DEPT,Accepted,JEFFERSON,KY0061,4612,PRESTON,HWY,,,,,,,,38.180047689,-85.718404231,7.368,9/24/2021 12:00:00 AM,2200,3,3,0,2,CLEAR,DRY,False,REAR END IN TRAFFIC LANES BOTH VEHICLES MOVING,REAR END,STRAIGHT & LEVEL,DARK-HWY LIGHTED/ON,,,9/27/2021 8:46:28 AM,False,5144,Accepted,
28708802,0568000,LOUISVILLE METRO POLICE DEPT,Accepted,JEFFERSON,I 0064,,I64 E,,,,,I 0064,I64 E EXIT17 ON RAMP FROM KY913,I 0064,I64 E EXIT19A RAMP TO I265 S,38.223280116,-85.525602323,17.897,9/24/2021 12:00:00 AM,1744,4,4,0,2,CLEAR,DRY,False,OTHER ROADWAY OR MID-BLOCK COLLISION,REAR END,STRAIGHT & LEVEL,DAYLIGHT,,,9/27/2021 8:47:56 AM,False,2030,Accepted,
28708788,0568000,LOUISVILLE METRO POLICE DEPT,Accepted,JEFFERSON,KY1865,,TAYLOR,BLVD,,,LEHIGH,,,,,38.180511099,-85.783413405,5.096,9/24/2021 12:00:00 AM,2200,2,2,0,0,CLEAR,DRY,False,ANGLE COLLISION - OTHER,ANGLE,STRAIGHT & LEVEL,DARK-HWY LIGHTED/ON,,,9/27/2021 8:46:50 AM,False,5284,Accepted,
28708777,0568000,LOUISVILLE METRO POLICE DEPT,Accepted,JEFFERSON,KY0864,7609,FEGENBUSH,LN,,,,,,,,38.140916099,-85.619690242,4.663,9/24/2021 12:00:00 AM,1601,2,2,0,0,CLEAR,DRY,False,OTHER ROADWAY OR MID-BLOCK COLLISION,REAR END,STRAIGHT & LEVEL,DAYLIGHT,,,9/27/2021 8:46:05 AM,False,7812,Accepted,
28708785,0568000,LOUISVILLE METRO POLICE DEPT,Accepted,JEFFERSON,,,RANGELAND,RD,,KY0864,POPLAR LEVEL,,,,,38.167286352,-85.681624522,0.002,9/24/2021 12:00:00 AM,2044,2,2,0,0,CLEAR,DRY,False,ANGLE COLLISION - OTHER,ANGLE,STRAIGHT & LEVEL,DARK-HWY LIGHTED/ON,,,9/27/2021 8:46:36 AM,False,5326,Accepted,
28708795,0568000,LOUISVILLE METRO POLICE DEPT,Accepted,JEFFERSON,,,CHESTNUT,ST,W,,26TH,,,,,38.253046917,-85.794518983,0.349,9/24/2021 12:00:00 AM,2221,2,2,0,0,CLEAR,DRY,False,ANGLE COLLISION - OTHER,ANGLE,STRAIGHT & LEVEL,DARK-HWY LIGHTED/ON,,,9/27/2021 8:47:18 AM,False,5306,Accepted,
28776276,0568000,LOUISVILLE METRO POLICE DEPT,Accepted,JEFFERSON,US0060,3320,FRANKFORT,AVE,,,,,,,,38.254173075,-85.671989731,2.651,9/24/2021 12:00:00 AM,1710,2,2,0,0,CLOUDY,DRY,False,COLLISION IN PARKING LOT,SIDESWIPE-SAME DIRECTION,STRAIGHT & LEVEL,DAYLIGHT,,,9/30/2021 8:21:19 AM,False,2673,Accepted,
28699434,0568000,LOUISVILLE METRO POLICE DEPT,Accepted,JEFFERSON,US0031W,,DIXIE,HWY,,,FURY,,,,,38.138853396,-85.842340785,11.277,9/24/2021 12:00:00 AM,0640,2,2,0,0,CLEAR,DRY,True,ANGLE COLLISION - OTHER,ANGLE,STRAIGHT & LEVEL,DAWN,,,9/24/2021 8:15:06 AM,False,5312,Accepted,
28708753,0568000,LOUISVILLE METRO POLICE DEPT,Accepted,JEFFERSON,KY1450,,BLUE LICK,RD,,,WHISPERING BROOK,,,,,38.104254056,-85.693194319,1.304,9/24/2021 12:00:00 AM,0730,2,2,0,1,CLEAR,DRY,False,ANGLE COLLISION - OTHER,ANGLE,STRAIGHT & LEVEL,DAYLIGHT,,,9/27/2021 8:44:15 AM,False,7989,Accepted,
28708743,0568000,LOUISVILLE METRO POLICE DEPT,Accepted,JEFFERSON,I 0264E,264,I264,EXPY,,,,,,,,38.207031185,-85.828466517,0.100,9/24/2021 12:00:00 AM,0130,1,1,0,0,CLEAR,DRY,False,COLLISION WITH FIXED OBJECT NOT IN GORE ,SINGLE VEHICLE,STRAIGHT & GRADE,DARK-HWY NOT LIGHTED,,,9/27/2021 8:43:23 AM,False,2877,Accepted,
28708744,0568000,LOUISVILLE METRO POLICE DEPT,Accepted,JEFFERSON,US0031E,,BARDSTOWN,RD,,,FERN CREEK,,,,,38.157558333,-85.590921462,6.104,9/24/2021 12:00:00 AM,0815,2,2,0,0,CLEAR,DRY,False,ANGLE COLLISION - OTHER,ANGLE,STRAIGHT & LEVEL,DAYLIGHT,,,9/27/2021 8:43:27 AM,False,7755,Accepted,
28708814,0568000,LOUISVILLE METRO POLICE DEPT,Accepted,JEFFERSON,US0150,,BROADWAY,,W,,,,,,,38.247601913,-85.771628367,1.655,9/24/2021 12:00:00 AM,1832,3,3,0,0,CLEAR,DRY,False,1 VEHICLE ENTERING/LEAVING ENTRANCE,ANGLE,STRAIGHT & LEVEL,DAYLIGHT,,,9/27/2021 8:48:52 AM,False,5148,Accepted,
28708866,0568000,LOUISVILLE METRO POLICE DEPT,Accepted,JEFFERSON,US0150,,BROADWAY,,W,,19TH,,,,,38.249108481,-85.783199683,1.005,9/24/2021 12:00:00 AM,2203,2,2,0,1,CLEAR,DRY,False,COLLISION WITH PARKED VEHICLE,REAR END,STRAIGHT & LEVEL,DARK-HWY LIGHTED/ON,,,9/27/2021 8:53:26 AM,False,5008,Accepted,
28708761,0568000,LOUISVILLE METRO POLICE DEPT,Accepted,JEFFERSON,,,BUECHEL BANK,RD,,,LAMBERT,,,,,38.183288434,-85.648277426,0.627,9/24/2021 12:00:00 AM,1435,2,2,0,0,CLEAR,DRY,False,ANGLE COLLISION - OTHER,ANGLE,STRAIGHT & LEVEL,DAYLIGHT,,,9/27/2021 8:44:56 AM,False,5351,Accepted,
28708762,0568000,LOUISVILLE METRO POLICE DEPT,Accepted,JEFFERSON,I 0265,,I265 S,,,I 0265,I265 S EXIT30 OFF RAMP KY146 TO,,,,,38.286260889,-85.514673235,30.405,9/24/2021 12:00:00 AM,1651,3,3,0,0,CLEAR,DRY,False,OTHER INTERSECTION COLLISIONS,REAR END,STRAIGHT & LEVEL,DAYLIGHT,,,9/27/2021 8:45:00 AM,False,7316,Accepted,
28708763,0568000,LOUISVILLE METRO POLICE DEPT,Accepted,JEFFERSON,US0031W,,DIXIE,HWY,,,,,,,,38.139142143,-85.842175390,11.304,9/24/2021 12:00:00 AM,1647,2,2,0,0,CLEAR,DRY,False,1 VEHICLE ENTERING/LEAVING ENTRANCE,ANGLE,STRAIGHT & LEVEL,DAYLIGHT,,,9/27/2021 8:45:04 AM,False,7234,Accepted,
28708755,0568000,LOUISVILLE METRO POLICE DEPT,Accepted,JEFFERSON,,,4TH,ST,S,,,,,CS1126F,INDUSTRY,38.217831716,-85.763366089,2.701,9/24/2021 12:00:00 AM,1257,2,2,0,0,CLEAR,DRY,False,VEHICLE BACKING NON INTERSECTION,BACKING,STRAIGHT & LEVEL,DAYLIGHT,,,9/27/2021 8:44:25 AM,False,2927,Accepted,
28708768,0568000,LOUISVILLE METRO POLICE DEPT,Accepted,JEFFERSON,,1500,HEMLOCK,ST,,,,,,,,38.233671406,-85.803218250,0.241,9/24/2021 12:00:00 AM,1659,2,2,0,0,CLEAR,DRY,True,1 VEHICLE PARKED POSITION (NOT PARKING LOT/DRIVEWAY),SIDESWIPE-SAME DIRECTION,STRAIGHT & LEVEL,DAYLIGHT,,,9/27/2021 8:45:30 AM,False,5132,Accepted,
28708776,0568000,LOUISVILLE METRO POLICE DEPT,Accepted,JEFFERSON,,,LEE,ST,W,,,KY1020,3RD,KY1020,2ND,38.223123187,-85.759872892,1.272,9/24/2021 12:00:00 AM,1554,2,2,0,0,CLEAR,DRY,True,1 VEHICLE ENTERING/LEAVING ENTRANCE,ANGLE,STRAIGHT & LEVEL,DAYLIGHT,,,9/27/2021 8:46:00 AM,False,5221,Accepted,
28708760,0568000,LOUISVILLE METRO POLICE DEPT,Accepted,JEFFERSON,US0031E,,BUECHEL,BYP,,,PLAZA,,,,,38.191029468,-85.652297605,10.286,9/24/2021 12:00:00 AM,0907,2,2,0,0,CLEAR,DRY,False,OTHER INTERSECTION COLLISIONS,REAR END,STRAIGHT & LEVEL,DAYLIGHT,,,9/27/2021 8:44:50 AM,False,5351,Accepted,
28708769,0568000,LOUISVILLE METRO POLICE DEPT,Accepted,JEFFERSON,,10307,SEATONVILLE,RD,,,,,,,,38.145476713,-85.567158201,0.787,9/24/2021 12:00:00 AM,1516,1,1,0,0,CLEAR,DRY,False,COLLISION IN PARKING LOT,SINGLE VEHICLE,STRAIGHT & LEVEL,DAYLIGHT,,,9/27/2021 8:45:34 AM,False,2324,Accepted,
28708770,0568000,LOUISVILLE METRO POLICE DEPT,Accepted,JEFFERSON,KY1065,,BEULAH CHURCH,RD,,,,KY0864,FEGENBUSH,,DELIGHTFUL,38.137638400,-85.613378417,10.012,9/24/2021 12:00:00 AM,1658,2,2,0,0,CLEAR,DRY,False,1 VEHICLE ENTERING/LEAVING ENTRANCE,ANGLE,STRAIGHT & GRADE,DAYLIGHT,,,9/27/2021 8:45:39 AM,False,2324,Accepted,
28708771,0568000,LOUISVILLE METRO POLICE DEPT,Accepted,JEFFERSON,KY1931,,MANSLICK,RD,,,PARKWOOD,,,,,38.165158868,-85.797991252,6.194,9/24/2021 12:00:00 AM,1656,2,2,0,0,CLEAR,DRY,False,OTHER INTERSECTION COLLISIONS,REAR END,STRAIGHT & HILLCREST,DAYLIGHT,,,9/27/2021 8:45:44 AM,False,7356,Accepted,
28708778,0568000,LOUISVILLE METRO POLICE DEPT,Accepted,JEFFERSON,I 0071,,I71 S,,,,,,,,,38.318709949,-85.569801110,9.814,9/24/2021 12:00:00 AM,1740,2,2,0,0,CLEAR,DRY,False,REAR END IN TRAFFIC LANES BOTH VEHICLES MOVING,REAR END,STRAIGHT & LEVEL,DAYLIGHT,,,9/27/2021 8:46:08 AM,False,7483,Accepted,
29312649,0568000,LOUISVILLE METRO POLICE DEPT,Accepted,JEFFERSON,,309,LAKE FOREST,PKWY,,,,,,,,38.245222214,-85.492425931,0.351,9/24/2021 12:00:00 AM,2140,2,2,0,0,CLEAR,DRY,False,1 VEHICLE PARKED POSITION (NOT PARKING LOT/DRIVEWAY),REAR END,STRAIGHT & LEVEL,DARK-HWY LIGHTED/OFF,,,11/15/2021 8:20:16 AM,False,5329,Accepted,
28854895,0568000,LOUISVILLE METRO POLICE DEPT,Accepted,JEFFERSON,,16635,TAYLORSVILLE,RD,,,,,,,,38.167882282,-85.444544098,1.427,9/24/2021 12:00:00 AM,2346,2,2,0,3,CLEAR,DRY,False,REAR END IN TRAFFIC LANES BOTH VEHICLES MOVING,REAR END,STRAIGHT & GRADE,DARK-HWY NOT LIGHTED,,,10/11/2021 8:28:37 AM,False,5169,Accepted,
28898065,0568000,LOUISVILLE METRO POLICE DEPT,Accepted,JEFFERSON,I 0265,,I265 W,,,,,,,,,38.113505293,-85.695347495,10.600,9/24/2021 12:00:00 AM,1449,2,2,0,0,CLEAR,DRY,False,COLLISION WITH FIXED OBJECT NON - INTERSECTION - FIRST EVENT COLLISION 09 - 32 EXCLUDING 16,REAR END,STRAIGHT & LEVEL,DAYLIGHT,,,10/13/2021 8:19:47 AM,False,2142,Accepted,
28898055,0568000,LOUISVILLE METRO POLICE DEPT,Accepted,JEFFERSON,,1409,BLUEGRASS,AVE,,,,,,,,38.179418927,-85.787182313,0.639,9/23/2021 12:00:00 AM,1139,2,2,0,0,CLEAR,DRY,False,REAR END IN TRAFFIC LANES BOTH VEHICLES MOVING,REAR END,STRAIGHT & LEVEL,DAYLIGHT,,,10/13/2021 8:18:35 AM,False,5175,Accepted,
28708779,0568000,LOUISVILLE METRO POLICE DEPT,Accepted,JEFFERSON,I 0265,,,,,,,I 0265,I265 N,KY0146,LA GRANGE,38.287037123,-85.510707800,0.204,9/23/2021 12:00:00 AM,1821,1,1,0,0,CLEAR,DRY,False,COLLISION WITH FIXED OBJECT NON - INTERSECTION - FIRST EVENT COLLISION 09 - 32 EXCLUDING 16,SINGLE VEHICLE,CURVE & HILLCREST,DAYLIGHT,,,9/27/2021 8:46:11 AM,False,7751,Accepted,