IncidentID,AgencyORI,AgencyName,IncidentStatusDesc,County,RdwyNumber,Street,RoadwayName,StreetSfx,StreetDir,IntersectionRdwy,IntersectionRdwyName,BetweenStRdwy1,BetweenStRdwyName1,BetweenStRdwy2,BetweenStRdwyName2,Latitude,Longitude,Milepoint,CollisionDate,CollisionTime,UnitsInvolved,MotorVehiclesInvolved,NumberKilled,NumberInjured,Weather,RdwyConditionCode,HitandRun,DirAnalysisCode,MannerofCollision,RdwyCharacter,LightCondition,RampFromRdwyId,RampToRdwyId,AcceptedDate,IsSecondaryCollision,OwnerBadge,IncidentStatus,
28731660,0568000,LOUISVILLE METRO POLICE DEPT,Accepted,JEFFERSON,,1340,4TH,ST,S,,,,,,,38.229300239,-85.761328626,1.903,9/23/2021 12:00:00 AM,1239,2,2,0,0,CLEAR,DRY,False,COLLISION IN PARKING LOT,BACKING,STRAIGHT & LEVEL,DAYLIGHT,,,9/28/2021 8:12:50 AM,False,7689,Accepted,
28699427,0568000,LOUISVILLE METRO POLICE DEPT,Accepted,JEFFERSON,,428,26TH,ST,S,,,,,,,38.256879188,-85.794075107,0.231,9/23/2021 12:00:00 AM,2202,3,3,0,0,CLEAR,DRY,True,1 VEHICLE PARKED POSITION (NOT PARKING LOT/DRIVEWAY),SIDESWIPE-SAME DIRECTION,STRAIGHT & LEVEL,DARK-HWY LIGHTED/ON,,,9/24/2021 8:14:39 AM,False,5365,Accepted,
28699428,0568000,LOUISVILLE METRO POLICE DEPT,Accepted,JEFFERSON,US0150,,BROADWAY,,E,,,,,,,38.244552426,-85.737491975,3.514,9/23/2021 12:00:00 AM,2030,2,2,0,0,CLEAR,DRY,True,REAR END IN TRAFFIC LANES BOTH VEHICLES MOVING,REAR END,STRAIGHT & LEVEL,DARK-HWY LIGHTED/ON,,,9/24/2021 8:14:43 AM,False,5335,Accepted,
28699429,0568000,LOUISVILLE METRO POLICE DEPT,Accepted,JEFFERSON,,,ARNOLDTOWN,RD,,,MOUNTAIN BROOK,,,,,38.126760041,-85.808692245,1.842,9/23/2021 12:00:00 AM,2034,2,2,0,0,CLEAR,DRY,False,OPPOSITE DIRECTION - BOTH VEHICLES GOING STRAIGHT AHEAD,SIDESWIPE-OPPOSITE DIRECTION,STRAIGHT & LEVEL,DARK-HWY LIGHTED/OFF,,,9/24/2021 8:14:46 AM,False,5136,Accepted,
28699435,0568000,LOUISVILLE METRO POLICE DEPT,Accepted,JEFFERSON,KY0146,,LA GRANGE,RD,,I 0265,I265 N EXIT30 OFF RAMP KY146 TO,,,,,38.288203294,-85.513104242,7.467,9/23/2021 12:00:00 AM,2140,2,2,0,1,CLEAR,DRY,False,ANGLE COLLISION - OTHER,ANGLE,STRAIGHT & LEVEL,DARK-HWY NOT LIGHTED,,,9/24/2021 8:15:10 AM,False,5128,Accepted,
28699409,0568000,LOUISVILLE METRO POLICE DEPT,Accepted,JEFFERSON,KY2251,3602,BARDSTOWN,RD,,,,,,,,38.200406411,-85.662413153,1.182,9/23/2021 12:00:00 AM,0947,2,2,0,1,CLEAR,DRY,False,OTHER ROADWAY OR MID-BLOCK COLLISION,OPPOSING LEFT TURN,STRAIGHT & LEVEL,DAYLIGHT,,,9/24/2021 8:13:24 AM,False,5288,Accepted,
28699417,0568000,LOUISVILLE METRO POLICE DEPT,Accepted,JEFFERSON,I 0065,I65 S,WATERSON,,,,,,,,,38.191115319,-85.720004841,0.083,9/23/2021 12:00:00 AM,1839,2,2,0,0,CLEAR,DRY,False,REAR END IN TRAFFIC LANES BOTH VEHICLES MOVING,REAR END,STRAIGHT & LEVEL,DAYLIGHT,,,9/24/2021 8:13:57 AM,False,5316,Accepted,
28708813,0568000,LOUISVILLE METRO POLICE DEPT,Accepted,JEFFERSON,US0150,,22ND,ST,N,,,,,,,38.269894782,-85.781840753,,9/23/2021 12:00:00 AM,1831,2,2,0,0,CLEAR,DRY,False,1 VEHICLE ENTERING/LEAVING ENTRANCE,ANGLE,STRAIGHT & LEVEL,DAYLIGHT,,,9/27/2021 8:48:47 AM,False,5148,Accepted,
28699425,0568000,LOUISVILLE METRO POLICE DEPT,Accepted,JEFFERSON,KY0061,,PRESTON,HWY,,,LOCUST,,,,,38.206895169,-85.737508789,9.476,9/23/2021 12:00:00 AM,1953,2,2,0,1,CLEAR,DRY,False,OTHER INTERSECTION COLLISIONS,REAR END,STRAIGHT & LEVEL,DARK-HWY LIGHTED/ON,,,9/24/2021 8:14:30 AM,False,5174,Accepted,
28708749,0568000,LOUISVILLE METRO POLICE DEPT,Accepted,JEFFERSON,KY2251,2400,BARDSTOWN,RD,,,,,,,,38.191983384,-85.646750694,0.176,9/23/2021 12:00:00 AM,1540,1,1,0,1,CLEAR,DRY,False,OTHER ROADWAY OR MID-BLOCK COLLISION,SINGLE VEHICLE,STRAIGHT & LEVEL,DAYLIGHT,,,9/27/2021 8:43:57 AM,False,2738,Accepted,
28708756,0568000,LOUISVILLE METRO POLICE DEPT,Accepted,JEFFERSON,KY1531,,EASTWOOD FISHERVILLE,RD,,,,,,,,38.220689545,-85.449302227,8.165,9/23/2021 12:00:00 AM,1326,2,2,0,0,CLOUDY,DRY,False,COLLISION WITH NON-FIXED OBJECT ,HEAD ON,STRAIGHT & LEVEL,DAYLIGHT,,,9/27/2021 8:44:32 AM,False,7876,Accepted,
28699397,0568000,LOUISVILLE METRO POLICE DEPT,Accepted,JEFFERSON,I 0265,,I265 S,,,,,,,,,38.271541827,-85.501086312,28.822,9/23/2021 12:00:00 AM,1550,2,2,0,2,CLEAR,DRY,False,REAR END IN TRAFFIC LANES BOTH VEHICLES MOVING,REAR END,STRAIGHT & LEVEL,DAYLIGHT,,,9/24/2021 8:12:30 AM,False,7316,Accepted,
28699398,0568000,LOUISVILLE METRO POLICE DEPT,Accepted,JEFFERSON,KY0061,,PRESTON,HWY,,,,,WOLFE,,LARUE,38.196958432,-85.731138813,8.714,9/23/2021 12:00:00 AM,1522,2,2,0,0,CLOUDY,DRY,False,OTHER ROADWAY OR MID-BLOCK COLLISION,REAR END,STRAIGHT & LEVEL,DAYLIGHT,,,9/24/2021 8:12:37 AM,False,2324,Accepted,
28699386,0568000,LOUISVILLE METRO POLICE DEPT,Accepted,JEFFERSON,KY1931,,7TH ST,RD,,,LINCOLN,,,,,38.218471593,-85.779073996,10.352,9/23/2021 12:00:00 AM,0248,1,1,1,0,CLOUDY,DRY,False,OTHER INTERSECTION COLLISIONS,SINGLE VEHICLE,STRAIGHT & LEVEL,DARK-HWY LIGHTED/ON,,,9/24/2021 8:11:39 AM,False,7628,Accepted,
28699387,0568000,LOUISVILLE METRO POLICE DEPT,Accepted,JEFFERSON,I 0065,,,,,,,,,,,38.180841268,-85.720762841,0.220,9/23/2021 12:00:00 AM,0713,3,3,0,0,CLEAR,DRY,False,SIDESWIPE COLLISION - SAME DIRECTION,SIDESWIPE-SAME DIRECTION,STRAIGHT & LEVEL,DAYLIGHT,,,9/24/2021 8:11:45 AM,False,4903,Accepted,
28699393,0568000,LOUISVILLE METRO POLICE DEPT,Accepted,JEFFERSON,,,WATSON,LN,,,BEESTON,,,,,38.057210804,-85.892598976,0.129,9/23/2021 12:00:00 AM,1359,2,2,0,0,CLEAR,DRY,False,OPPOSING LEFT TURN,OPPOSING LEFT TURN,STRAIGHT & LEVEL,DAYLIGHT,,,9/24/2021 8:12:10 AM,False,7144,Accepted,
28699394,0568000,LOUISVILLE METRO POLICE DEPT,Accepted,JEFFERSON,I 0065,,I65 N,,,,,,,,,38.203027680,-85.737849275,131.749,9/23/2021 12:00:00 AM,1459,2,2,0,0,CLEAR,DRY,False,REAR END IN TRAFFIC LANES BOTH VEHICLES MOVING,REAR END,CURVE & LEVEL,DAYLIGHT,,,9/24/2021 8:12:15 AM,False,7872,Accepted,
28699395,0568000,LOUISVILLE METRO POLICE DEPT,Accepted,JEFFERSON,,,11TH,ST,S,,7TH,,,,,38.222519405,-85.773745804,2.101,9/23/2021 12:00:00 AM,1136,2,2,0,0,CLEAR,DRY,False,SIDESWIPE-SAME DIRECTION,SIDESWIPE-SAME DIRECTION,STRAIGHT & LEVEL,DAYLIGHT,,,9/24/2021 8:12:18 AM,False,5252,Accepted,
28699401,0568000,LOUISVILLE METRO POLICE DEPT,Accepted,JEFFERSON,,,RALPH,AVE,,,VOGT,,,,,38.209748036,-85.828850597,1.767,9/23/2021 12:00:00 AM,1654,2,2,0,0,CLEAR,DRY,False,ANGLE COLLISION - OTHER,ANGLE,STRAIGHT & LEVEL,DAYLIGHT,,,9/24/2021 8:12:49 AM,False,7656,Accepted,
28699403,0568000,LOUISVILLE METRO POLICE DEPT,Accepted,JEFFERSON,,,OAK,ST,E,,FLOYD,,,,,38.234250846,-85.751923579,0.187,9/23/2021 12:00:00 AM,1510,2,2,0,0,CLEAR,DRY,False,ANGLE COLLISION - OTHER,ANGLE,STRAIGHT & LEVEL,DAYLIGHT,,,9/24/2021 8:12:57 AM,False,5175,Accepted,
28699404,0568000,LOUISVILLE METRO POLICE DEPT,Accepted,JEFFERSON,KY1631,,CRITTENDEN,DR,,,,,CENTRAL,,FARMINGTON,38.202821336,-85.750726955,1.030,9/23/2021 12:00:00 AM,1152,2,2,0,0,CLEAR,DRY,False,1 VEHICLE ENTERING/LEAVING ENTRANCE,ANGLE,STRAIGHT & LEVEL,DAYLIGHT,,,9/24/2021 8:13:00 AM,False,5378,Accepted,
28699411,0568000,LOUISVILLE METRO POLICE DEPT,Accepted,JEFFERSON,KY1934,,CANE RUN,RD,,,,,,,,38.181895601,-85.857370888,7.547,9/23/2021 12:00:00 AM,1514,4,4,0,2,CLEAR,DRY,False,REAR END IN TRAFFIC LANES BOTH VEHICLES MOVING,REAR END,STRAIGHT & LEVEL,DAYLIGHT,,,9/24/2021 8:13:34 AM,False,7234,Accepted,
28699412,0568000,LOUISVILLE METRO POLICE DEPT,Accepted,JEFFERSON,US0031W,,DIXIE,HWY,,,ROSE FARM,,,,,38.146291758,-85.838457885,11.825,9/23/2021 12:00:00 AM,1813,2,2,0,0,CLEAR,DRY,False,ANGLE COLLISION - OTHER,ANGLE,STRAIGHT & LEVEL,DAYLIGHT,,,9/24/2021 8:13:38 AM,False,7234,Accepted,
28699418,0568000,LOUISVILLE METRO POLICE DEPT,Accepted,JEFFERSON,,,4TH,ST,S,,MONTANA,,,,,38.211597828,-85.764436178,3.131,9/23/2021 12:00:00 AM,2115,2,2,0,0,CLEAR,DRY,False,ANGLE COLLISION - OTHER,ANGLE,STRAIGHT & LEVEL,DARK-HWY LIGHTED/ON,,,9/24/2021 8:14:01 AM,False,5316,Accepted,
28699419,0568000,LOUISVILLE METRO POLICE DEPT,Accepted,JEFFERSON,,,ROY WILKINS,AVE,,,LIBERTY,,,,,38.253362184,-85.765237426,0.290,9/23/2021 12:00:00 AM,0418,1,1,0,0,CLOUDY,DRY,False,COLLISION WITH FIXED OBJECT IN INTERSECTION - FIRST EVENT COLLISION 09 - 32,SINGLE VEHICLE,STRAIGHT & LEVEL,DARK-HWY LIGHTED/ON,,,9/24/2021 8:14:04 AM,False,7311,Accepted,
28699420,0568000,LOUISVILLE METRO POLICE DEPT,Accepted,JEFFERSON,KY1631,,CRITTENDEN,DR,,,CENTRAL,,,,,38.203165379,-85.750729160,1.025,9/23/2021 12:00:00 AM,2251,2,2,0,0,CLEAR,DRY,False,ANGLE COLLISION - OTHER,ANGLE,STRAIGHT & LEVEL,DARK-HWY LIGHTED/ON,,,9/24/2021 8:14:08 AM,False,5316,Accepted,
28699421,0568000,LOUISVILLE METRO POLICE DEPT,Accepted,JEFFERSON,KY1934,,GREENBELT,HWY,,,,,,,,38.170054908,-85.876000043,6.194,9/23/2021 12:00:00 AM,2244,2,2,0,1,CLEAR,DRY,False,HEAD-ON COLLISION,HEAD ON,STRAIGHT & GRADE,DARK-HWY NOT LIGHTED,,,9/24/2021 8:14:13 AM,False,2395,Accepted,
28691978,0568000,LOUISVILLE METRO POLICE DEPT,Accepted,JEFFERSON,KY0907,4624,VALLEY STATION,RD,,,,,,,,38.105958747,-85.844505126,1.227,9/23/2021 12:00:00 AM,0218,1,1,0,0,CLEAR,DRY,True,COLLISION WITH FIXED OBJECT NON - INTERSECTION - FIRST EVENT COLLISION 09 - 32 EXCLUDING 16,SINGLE VEHICLE,CURVE & GRADE,DARK-HWY LIGHTED/ON,,,9/23/2021 8:13:52 AM,False,5212,Accepted,
28699390,0568000,LOUISVILLE METRO POLICE DEPT,Accepted,JEFFERSON,US0031W,,DIXIE,HWY,,US0031W,US31W N RAMP TO KY841 E,,,,,38.089409952,-85.877555775,7.237,9/23/2021 12:00:00 AM,1110,2,2,0,0,CLEAR,DRY,False,OTHER INTERSECTION COLLISIONS,REAR END,STRAIGHT & LEVEL,DAYLIGHT,,,9/24/2021 8:11:58 AM,False,2936,Accepted,
28699391,0568000,LOUISVILLE METRO POLICE DEPT,Accepted,JEFFERSON,,,MARKET,ST,W,,,,,,,38.260725384,-85.804737110,0.969,9/23/2021 12:00:00 AM,0743,2,2,0,0,CLEAR,DRY,False,REAR END IN TRAFFIC LANES BOTH VEHICLES MOVING,REAR END,STRAIGHT & GRADE,DAYLIGHT,,,9/24/2021 8:12:02 AM,False,5148,Accepted,
28699400,0568000,LOUISVILLE METRO POLICE DEPT,Accepted,JEFFERSON,KY0061,,PRESTON,HWY,,,BOURBON,,,,,38.195558602,-85.730220613,8.606,9/23/2021 12:00:00 AM,1547,3,3,0,0,CLEAR,DRY,False,OTHER INTERSECTION COLLISIONS,REAR END,STRAIGHT & LEVEL,DAYLIGHT,,,9/24/2021 8:12:45 AM,False,2307,Accepted,
28699406,0568000,LOUISVILLE METRO POLICE DEPT,Accepted,JEFFERSON,US0060A,1861,BERRY,BLVD,,,,,,,,38.196797822,-85.798785216,0.604,9/23/2021 12:00:00 AM,1744,3,3,0,0,,DRY,True,1 VEHICLE ENTERING/LEAVING ENTRANCE,ANGLE,STRAIGHT & LEVEL,DAYLIGHT,,,9/24/2021 8:13:11 AM,False,5287,Accepted,
28699407,0568000,LOUISVILLE METRO POLICE DEPT,Accepted,JEFFERSON,,1934,MAGELLAN,CT,,,,,,,,38.223575263,-85.791196254,0.035,9/23/2021 12:00:00 AM,1830,2,2,0,0,CLEAR,DRY,False,VEHICLE BACKING NON INTERSECTION,BACKING,STRAIGHT & LEVEL,DAYLIGHT,,,9/24/2021 8:13:16 AM,False,5253,Accepted,
28699408,0568000,LOUISVILLE METRO POLICE DEPT,Accepted,JEFFERSON,,,OXMOOR,LN,,US0060,SHELBYVILLE,,,,,38.248076426,-85.613481887,0.088,9/23/2021 12:00:00 AM,1715,2,2,0,0,CLEAR,DRY,False,HEAD-ON COLLISION,HEAD ON,STRAIGHT & LEVEL,DAYLIGHT,,,9/24/2021 8:13:20 AM,False,7436,Accepted,
28699414,0568000,LOUISVILLE METRO POLICE DEPT,Accepted,JEFFERSON,I 0264,,I264 W,,,,,,,,,38.196789344,-85.705892434,13.500,9/23/2021 12:00:00 AM,0756,4,4,0,0,CLEAR,DRY,False,REAR END IN TRAFFIC LANES BOTH VEHICLES MOVING,REAR END,STRAIGHT & LEVEL,DAYLIGHT,,,9/24/2021 8:13:45 AM,False,4693,Accepted,
28699415,0568000,LOUISVILLE METRO POLICE DEPT,Accepted,JEFFERSON,US0031E,,BARDSTOWN,RD,,,,,,,,38.207617679,-85.668451794,11.718,9/23/2021 12:00:00 AM,1439,3,3,0,0,CLEAR,DRY,False,REAR END IN TRAFFIC LANES BOTH VEHICLES MOVING,REAR END,STRAIGHT & LEVEL,DAYLIGHT,,,9/24/2021 8:13:50 AM,False,4693,Accepted,
28699416,0568000,LOUISVILLE METRO POLICE DEPT,Accepted,JEFFERSON,US0031W,,DIXIE,HWY,,US0031W,US31W RAMP TO KY1934,,,,,38.094295993,-85.874783122,7.626,9/23/2021 12:00:00 AM,2029,2,2,0,0,CLEAR,DRY,True,OTHER INTERSECTION COLLISIONS,REAR END,STRAIGHT & LEVEL,DARK-HWY LIGHTED/ON,,,9/24/2021 8:13:53 AM,False,5211,Accepted,
28699422,0568000,LOUISVILLE METRO POLICE DEPT,Accepted,JEFFERSON,I 0064,,I64 E,,,,,,,,,38.222420997,-85.498920106,19.295,9/23/2021 12:00:00 AM,2023,2,2,0,0,CLEAR,DRY,False,SIDESWIPE COLLISION - SAME DIRECTION,SIDESWIPE-SAME DIRECTION,STRAIGHT & LEVEL,DARK-HWY NOT LIGHTED,,,9/24/2021 8:14:17 AM,False,5289,Accepted,
28699423,0568000,LOUISVILLE METRO POLICE DEPT,Accepted,JEFFERSON,I 0264,,I264 E,,,I 0264,I264 E EXIT17 ON RAMP FROM KY155,,,,,38.223993022,-85.645147821,17.347,9/23/2021 12:00:00 AM,2356,2,2,0,0,CLEAR,DRY,False,OTHER INTERSECTION COLLISIONS,REAR END,STRAIGHT & LEVEL,DARK-HWY LIGHTED/OFF,,,9/24/2021 8:14:21 AM,False,5269,Accepted,
28699424,0568000,LOUISVILLE METRO POLICE DEPT,Accepted,JEFFERSON,KY1934,,GREENBELT,HWY,,,LOWER HUNTERS,,,,,38.170171019,-85.875936084,6.203,9/23/2021 12:00:00 AM,2157,2,2,0,1,CLEAR,DRY,False,ANGLE COLLISION - ONE VEHICLE TURNING LEFT,ANGLE,STRAIGHT & LEVEL,DARK-HWY NOT LIGHTED,,,9/24/2021 8:14:25 AM,False,5293,Accepted,
28794043,0568000,LOUISVILLE METRO POLICE DEPT,Accepted,JEFFERSON,,,6TH,ST,S,,MUHAMMAD ALI,,,,,38.251526067,-85.760905591,0.376,9/23/2021 12:00:00 AM,1430,2,2,0,0,CLEAR,DRY,False,ANGLE COLLISION - OTHER,ANGLE,STRAIGHT & GRADE,DAYLIGHT,,,10/5/2021 8:09:48 AM,False,2661,Accepted,
28798573,0568000,LOUISVILLE METRO POLICE DEPT,Accepted,JEFFERSON,,,MAGNOLIA,AVE,E,,1ST,,,,,38.228650495,-85.756398312,0.202,9/23/2021 12:00:00 AM,0803,2,2,0,2,CLEAR,DRY,False,ANGLE COLLISION - OTHER,ANGLE,CURVE & LEVEL,DAYLIGHT,,,10/6/2021 8:16:06 AM,False,7132,Accepted,
28789609,0568000,LOUISVILLE METRO POLICE DEPT,Accepted,JEFFERSON,KY1931,,GREENWOOD,RD,,,,,,,,38.144162476,-85.854943557,2.304,9/23/2021 12:00:00 AM,0924,1,1,0,0,CLEAR,DRY,False,RAN OFF ROADWAY (1 VEHICLE WITH/EARTH EMBANKMENT/DITCH),SINGLE VEHICLE,STRAIGHT & LEVEL,DAYLIGHT,,,10/4/2021 8:29:57 AM,False,7817,Accepted,
28776270,0568000,LOUISVILLE METRO POLICE DEPT,Accepted,JEFFERSON,US0031E,,BARDSTOWN,RD,,,FERN CREEK,,,,,38.157468737,-85.590887876,6.099,9/23/2021 12:00:00 AM,2148,2,2,0,0,CLEAR,DRY,True,OTHER INTERSECTION COLLISIONS,REAR END,STRAIGHT & HILLCREST,DARK-HWY LIGHTED/ON,,,9/30/2021 8:20:34 AM,False,7730,Accepted,
28731674,0568000,LOUISVILLE METRO POLICE DEPT,Accepted,JEFFERSON,KY0061,,PRESTON,HWY,,,GRADE,,,,,38.179916883,-85.718268911,7.377,9/23/2021 12:00:00 AM,1929,2,2,0,1,CLEAR,DRY,False,HEAD-ON COLLISION,HEAD ON,STRAIGHT & LEVEL,DAYLIGHT,,,9/28/2021 8:13:47 AM,False,5053,Accepted,
28789610,0568000,LOUISVILLE METRO POLICE DEPT,Accepted,JEFFERSON,,,UPPER HUNTERS,TRCE,,,,,,,,38.168513959,-85.828404792,0.002,9/23/2021 12:00:00 AM,1046,2,2,0,0,CLOUDY,DRY,False,OTHER ROADWAY OR MID-BLOCK COLLISION,REAR END,STRAIGHT & LEVEL,DAYLIGHT,,,10/4/2021 8:30:01 AM,False,7817,Accepted,
28752037,0568000,LOUISVILLE METRO POLICE DEPT,Accepted,JEFFERSON,,,CONCORD,DR,,,,,,,,38.211690194,-85.749169139,0.001,9/23/2021 12:00:00 AM,1752,2,2,0,0,CLEAR,DRY,False,OTHER ROADWAY OR MID-BLOCK COLLISION,OPPOSING LEFT TURN,STRAIGHT & LEVEL,DAYLIGHT,,,9/29/2021 8:14:56 AM,False,5258,Accepted,
28752045,0568000,LOUISVILLE METRO POLICE DEPT,Accepted,JEFFERSON,,,MARKET,ST,W,,30TH,,,,,38.260315180,-85.800882961,0.789,9/23/2021 12:00:00 AM,1713,2,2,0,0,CLEAR,DRY,False,ANGLE COLLISION - OTHER,ANGLE,STRAIGHT & LEVEL,DAYLIGHT,,,9/29/2021 8:15:48 AM,False,5124,Accepted,
28731658,0568000,LOUISVILLE METRO POLICE DEPT,Accepted,JEFFERSON,,,12TH,ST,S,,,US0150,BROADWAY,,BRECKINRIDGE,38.247246050,-85.771665718,0.401,9/23/2021 12:00:00 AM,1217,2,2,0,3,CLEAR,DRY,False,1 VEHICLE ENTERING/LEAVING ENTRANCE,ANGLE,STRAIGHT & HILLCREST,DAYLIGHT,,,9/28/2021 8:12:39 AM,False,5187,Accepted,
28752029,0568000,LOUISVILLE METRO POLICE DEPT,Accepted,JEFFERSON,,,ZORN,AVE,,,,,,,,38.259975943,-85.682383390,0.145,9/22/2021 12:00:00 AM,1505,2,2,0,0,RAINING,WET,False,REAR END IN TRAFFIC LANES BOTH VEHICLES MOVING,REAR END,STRAIGHT & LEVEL,DAYLIGHT,,,9/29/2021 8:14:13 AM,False,2738,Accepted,
28935126,0568000,LOUISVILLE METRO POLICE DEPT,Accepted,JEFFERSON,KY0146,,LA GRANGE,RD,,,,,,,,38.275035770,-85.520079825,6.528,9/22/2021 12:00:00 AM,0950,2,2,0,0,CLOUDY,DRY,False,VEHICLE BACKING NON INTERSECTION,BACKING,STRAIGHT & GRADE,DAYLIGHT,,,10/22/2021 1:40:38 PM,False,6532,Accepted,
28688200,0568000,LOUISVILLE METRO POLICE DEPT,Accepted,JEFFERSON,,,OAK,ST,W,US0031W,22ND,,,,,38.237443719,-85.790278059,1.915,9/22/2021 12:00:00 AM,0633,2,1,0,1,RAINING,WET,False,COLLISION WITH PEDESTRIAN IN INTERSECTION,SINGLE VEHICLE,STRAIGHT & GRADE,DARK-HWY LIGHTED/ON,,,9/22/2021 8:09:58 AM,False,5353,Accepted,
28691959,0568000,LOUISVILLE METRO POLICE DEPT,Accepted,JEFFERSON,KY1932,3432,BRECKENRIDGE,LN,,,,,,,,38.197750255,-85.625057711,1.139,9/22/2021 12:00:00 AM,1240,1,1,0,0,RAINING,WET,True,COLLISION WITH FIXED OBJECT NON - INTERSECTION - FIRST EVENT COLLISION 09 - 32 EXCLUDING 16,SINGLE VEHICLE,STRAIGHT & LEVEL,DAYLIGHT,,,9/23/2021 8:12:03 AM,False,5247,Accepted,
28699389,0568000,LOUISVILLE METRO POLICE DEPT,Accepted,JEFFERSON,,,RANGELAND,RD,,,ROBINWOOD,,,,,38.164696559,-85.665160088,0.937,9/22/2021 12:00:00 AM,1929,2,2,0,0,RAINING,WET,False,OPPOSING LEFT TURN,OPPOSING LEFT TURN,STRAIGHT & LEVEL,DUSK,,,9/24/2021 8:11:53 AM,False,7294,Accepted,
28691979,0568000,LOUISVILLE METRO POLICE DEPT,Accepted,JEFFERSON,US0031E,3056,BARDSTOWN,RD,,,GARDINER,,,,,38.212567833,-85.672327409,12.131,9/22/2021 12:00:00 AM,2200,2,1,0,1,RAINING,WET,True,COLLISION WITH PEDESTRIAN IN INTERSECTION,SINGLE VEHICLE,STRAIGHT & LEVEL,DARK-HWY LIGHTED/ON,,,9/23/2021 8:13:56 AM,False,5274,Accepted,
28691952,0568000,LOUISVILLE METRO POLICE DEPT,Accepted,JEFFERSON,US0031E,,MARKET,ST,E,,,,,,,38.253505203,-85.740913642,17.095,9/22/2021 12:00:00 AM,1516,2,2,0,0,RAINING,WET,False,SIDESWIPE COLLISION - SAME DIRECTION,SIDESWIPE-SAME DIRECTION,STRAIGHT & LEVEL,DAYLIGHT,,,9/23/2021 8:11:30 AM,False,7216,Accepted,
28691953,0568000,LOUISVILLE METRO POLICE DEPT,Accepted,JEFFERSON,US0150,,BROADWAY,,W,,,,15TH,,16TH,38.248472382,-85.777523706,1.320,9/22/2021 12:00:00 AM,1410,1,1,0,0,RAINING,WET,False,COLLISION WITH FIXED OBJECT NON - INTERSECTION - FIRST EVENT COLLISION 09 - 32 EXCLUDING 16,SINGLE VEHICLE,STRAIGHT & LEVEL,DAYLIGHT,,,9/23/2021 8:11:40 AM,False,7805,Accepted,
28691954,0568000,LOUISVILLE METRO POLICE DEPT,Accepted,JEFFERSON,,,MUD,LN,,,,,ANTLE,,SOUTHGATE MANOR,38.088022865,-85.670683135,0.478,9/22/2021 12:00:00 AM,1509,2,2,0,0,RAINING,WET,False,1 VEHICLE ENTERING/LEAVING ENTRANCE,ANGLE,STRAIGHT & LEVEL,DAYLIGHT,,,9/23/2021 8:11:44 AM,False,2324,Accepted,
28691960,0568000,LOUISVILLE METRO POLICE DEPT,Accepted,JEFFERSON,,,NELSON MILLER,PKWY,,,OBANNON STATION,,,,,38.280302182,-85.514596792,0.072,9/22/2021 12:00:00 AM,1335,2,2,0,2,RAINING,WET,False,ANGLE COLLISION - OTHER,ANGLE,STRAIGHT & LEVEL,DAYLIGHT,,,9/23/2021 8:12:07 AM,False,7316,Accepted,
28691962,0568000,LOUISVILLE METRO POLICE DEPT,Accepted,JEFFERSON,,517,ST CATHERINE,ST,E,,,,,,,38.235244681,-85.746296992,0.812,9/22/2021 12:00:00 AM,1215,2,2,0,0,RAINING,WET,False,1 VEHICLE PARKED POSITION (NOT PARKING LOT/DRIVEWAY),REAR END,STRAIGHT & LEVEL,DAYLIGHT,,,9/23/2021 8:12:16 AM,False,5175,Accepted,
28691963,0568000,LOUISVILLE METRO POLICE DEPT,Accepted,JEFFERSON,,,WILSON,AVE,,,,,,,,38.233799730,-85.797380221,1.242,9/22/2021 12:00:00 AM,1657,3,3,0,0,CLOUDY,WET,False,SIDESWIPE COLLISION - OPPOSITE DIRECTION,SIDESWIPE-OPPOSITE DIRECTION,STRAIGHT & LEVEL,DAYLIGHT,,,9/23/2021 8:12:19 AM,False,5114,Accepted,
28691970,0568000,LOUISVILLE METRO POLICE DEPT,Accepted,JEFFERSON,US0060,,SHELBYVILLE,RD,,,CHRISTIAN,,,,,38.248711567,-85.605267310,6.305,9/22/2021 12:00:00 AM,1749,2,2,0,0,CLOUDY,WET,False,ANGLE COLLISION - ONE VEHICLE TURNING LEFT,ANGLE,STRAIGHT & LEVEL,DAYLIGHT,,,9/23/2021 8:13:00 AM,False,7436,Accepted,
28691976,0568000,LOUISVILLE METRO POLICE DEPT,Accepted,JEFFERSON,US0031E,,BUECHEL,BYP,,,BUECHEL BANK,,,,,38.190764847,-85.647422042,10.052,9/22/2021 12:00:00 AM,1950,3,3,0,0,RAINING,WET,False,OTHER INTERSECTION COLLISIONS,REAR END,STRAIGHT & LEVEL,DARK-HWY LIGHTED/ON,,,9/23/2021 8:13:43 AM,False,2081,Accepted,
28691977,0568000,LOUISVILLE METRO POLICE DEPT,Accepted,JEFFERSON,KY1450,,BLUE LICK,RD,,,PARK,,,,,38.116406986,-85.689471276,2.170,9/22/2021 12:00:00 AM,2359,2,2,0,1,RAINING,WET,True,ANGLE COLLISION - OTHER,ANGLE,STRAIGHT & LEVEL,DARK-HWY NOT LIGHTED,,,9/23/2021 8:13:48 AM,False,7100,Accepted,
28691972,0568000,LOUISVILLE METRO POLICE DEPT,Accepted,JEFFERSON,,,34TH,ST,N,,DUNCAN,,,,,38.264836410,-85.806355291,0.534,9/22/2021 12:00:00 AM,1853,2,2,0,4,RAINING,WET,False,OPPOSING LEFT TURN,OPPOSING LEFT TURN,STRAIGHT & LEVEL,DAYLIGHT,,,9/23/2021 8:13:04 AM,False,5285,Accepted,