IncidentID,AgencyORI,AgencyName,IncidentStatusDesc,County,RdwyNumber,Street,RoadwayName,StreetSfx,StreetDir,IntersectionRdwy,IntersectionRdwyName,BetweenStRdwy1,BetweenStRdwyName1,BetweenStRdwy2,BetweenStRdwyName2,Latitude,Longitude,Milepoint,CollisionDate,CollisionTime,UnitsInvolved,MotorVehiclesInvolved,NumberKilled,NumberInjured,Weather,RdwyConditionCode,HitandRun,DirAnalysisCode,MannerofCollision,RdwyCharacter,LightCondition,RampFromRdwyId,RampToRdwyId,AcceptedDate,IsSecondaryCollision,OwnerBadge,IncidentStatus,
28691974,0568000,LOUISVILLE METRO POLICE DEPT,Accepted,JEFFERSON,KY1932,,BRECKENRIDGE,LN,,,SIX MILE,,,,,38.197602483,-85.625112228,1.130,9/22/2021 12:00:00 AM,1933,2,2,0,0,SEVERE CROSSWINDS,WET,False,ANGLE COLLISION - OTHER,ANGLE,CURVE & GRADE,DARK-HWY LIGHTED/ON,,,9/23/2021 8:13:35 AM,False,5322,Accepted,
28691975,0568000,LOUISVILLE METRO POLICE DEPT,Accepted,JEFFERSON,KY1865,,NEW CUT,RD,,KY1142,PALATKA,,,,,38.150819980,-85.776389484,3.007,9/22/2021 12:00:00 AM,2125,2,2,0,1,RAINING,WET,False,ANGLE COLLISION - ONE VEHICLE TURNING LEFT,ANGLE,STRAIGHT & LEVEL,DARK-HWY LIGHTED/ON,,,9/23/2021 8:13:39 AM,False,5312,Accepted,
28691984,0568000,LOUISVILLE METRO POLICE DEPT,Accepted,JEFFERSON,,4410,RIVER PARK,DR,,,,,,,,38.256488783,-85.825656168,0.070,9/22/2021 12:00:00 AM,0954,1,1,0,0,RAINING,WET,False,OTHER ROADWAY OR MID-BLOCK COLLISION,SINGLE VEHICLE,STRAIGHT & LEVEL,DAYLIGHT,,,9/23/2021 8:14:18 AM,False,5282,Accepted,
28691964,0568000,LOUISVILLE METRO POLICE DEPT,Accepted,JEFFERSON,,,BROOK,ST,S,,MAGNOLIA,,,,,38.228471833,-85.754742134,1.568,9/22/2021 12:00:00 AM,,2,2,0,0,RAINING,WET,True,ANGLE COLLISION - OTHER,ANGLE,STRAIGHT & LEVEL,DAYLIGHT,,,9/23/2021 8:12:39 AM,False,7132,Accepted,
28691965,0568000,LOUISVILLE METRO POLICE DEPT,Accepted,JEFFERSON,,5700,WATTERSON,TRL,S,,,,,,,38.166404886,-85.619607451,1.007,9/22/2021 12:00:00 AM,1717,2,2,0,0,RAINING,WET,False,1 VEHICLE ENTERING/LEAVING ENTRANCE,ANGLE,CURVE & GRADE,DAYLIGHT,,,9/23/2021 8:12:43 AM,False,5146,Accepted,
28691966,0568000,LOUISVILLE METRO POLICE DEPT,Accepted,JEFFERSON,KY1020,10202,NATIONAL,TPKE,,,,,,,,38.093852788,-85.727875898,0.779,9/22/2021 12:00:00 AM,1242,1,1,0,1,RAINING,WET,False,COLLISION WITH FIXED OBJECT NON - INTERSECTION - FIRST EVENT COLLISION 09 - 32 EXCLUDING 16,SINGLE VEHICLE,CURVE & LEVEL,DAYLIGHT,,,9/23/2021 8:12:47 AM,False,7234,Accepted,
28691967,0568000,LOUISVILLE METRO POLICE DEPT,Accepted,JEFFERSON,,,DODGE,LN,S,,,,,,,38.098287681,-85.848875816,0.445,9/22/2021 12:00:00 AM,1701,2,2,0,0,RAINING,WET,False,VEHICLE BACKING NON INTERSECTION,BACKING,STRAIGHT & LEVEL,DAYLIGHT,,,9/23/2021 8:12:50 AM,False,7234,Accepted,
28689541,0561500,UNIV. OF LOUISVILLE POLICE,Accepted,JEFFERSON,,2216,FLOYD,ST,S,,,,,,,38.214799814,-85.755172036,2.814,9/22/2021 12:00:00 AM,0900,2,2,0,0,RAINING,WET,False,SIDESWIPE COLLISION - SAME DIRECTION,SIDESWIPE-SAME DIRECTION,STRAIGHT & LEVEL,DAYLIGHT,,,9/22/2021 2:46:06 PM,False,5620,Accepted,
28691947,0568000,LOUISVILLE METRO POLICE DEPT,Accepted,JEFFERSON,,4811,LIBBY,LN,,,,,,,,38.112349706,-85.851283497,0.168,9/22/2021 12:00:00 AM,1240,2,2,0,0,RAINING,WET,False,1 VEHICLE PARKED POSITION (NOT PARKING LOT/DRIVEWAY),BACKING,STRAIGHT & HILLCREST,DAYLIGHT,,,9/23/2021 8:10:54 AM,False,7496,Accepted,
28691986,0568000,LOUISVILLE METRO POLICE DEPT,Accepted,JEFFERSON,US0060A,,3RD,ST,S,US0060A,EASTERN,,,,,38.213751383,-85.762286901,3.408,9/22/2021 12:00:00 AM,2306,1,1,0,0,CLOUDY,WET,False,COLLISION WITH FIXED OBJECT IN INTERSECTION - FIRST EVENT COLLISION 09 - 32,SINGLE VEHICLE,STRAIGHT & LEVEL,DARK-HWY LIGHTED/ON,,,9/23/2021 8:14:26 AM,False,5236,Accepted,
28691987,0568000,LOUISVILLE METRO POLICE DEPT,Accepted,JEFFERSON,KY0061,,PRESTON,HWY,,,,,,,,38.137622769,-85.686193649,3.896,9/22/2021 12:00:00 AM,1433,4,4,0,0,RAINING,WET,False,REAR END IN TRAFFIC LANES BOTH VEHICLES MOVING,REAR END,STRAIGHT & LEVEL,DAYLIGHT,,,9/23/2021 8:14:30 AM,False,4693,Accepted,
28699388,0568000,LOUISVILLE METRO POLICE DEPT,Accepted,JEFFERSON,I 0264,,I264 E,,,,,,,,,38.232369367,-85.628637812,18.417,9/22/2021 12:00:00 AM,1740,2,2,0,1,CLOUDY,WET,False,REAR END IN TRAFFIC LANES BOTH VEHICLES MOVING,REAR END,STRAIGHT & LEVEL,DAYLIGHT,,,9/24/2021 8:11:49 AM,False,7358,Accepted,
28691949,0568000,LOUISVILLE METRO POLICE DEPT,Accepted,JEFFERSON,I 0264,,I264 W,,,,,,,,,38.214013315,-85.822786701,4.629,9/22/2021 12:00:00 AM,0654,1,1,0,1,RAINING,WET,False,OTHER COLLISIONS ON SHOULDER,SINGLE VEHICLE,CURVE & LEVEL,DARK-HWY LIGHTED/ON,,,9/23/2021 8:11:07 AM,False,7772,Accepted,
28699430,0568000,LOUISVILLE METRO POLICE DEPT,Accepted,JEFFERSON,KY2054,,ALGONQUIN,PKWY,,,23RD,,,,,38.223537974,-85.797628598,1.361,9/22/2021 12:00:00 AM,0003,6,6,0,0,RAINING,WET,False,ANGLE COLLISION - OTHER,ANGLE,CURVE & LEVEL,DARK-HWY LIGHTED/ON,,,9/24/2021 8:14:50 AM,False,5189,Accepted,
28699432,0568000,LOUISVILLE METRO POLICE DEPT,Accepted,JEFFERSON,,,BLUEGRASS,AVE,,,HAZELWOOD,,,,,38.179513854,-85.788329368,0.574,9/22/2021 12:00:00 AM,2253,2,1,0,1,RAINING,WET,False,COLLISION WITH PEDESTRIAN IN INTERSECTION,SINGLE VEHICLE,STRAIGHT & LEVEL,DARK-HWY LIGHTED/ON,,,9/24/2021 8:14:58 AM,False,7040,Accepted,
28691950,0568000,LOUISVILLE METRO POLICE DEPT,Accepted,JEFFERSON,,,LIBERTY,ST,W,KY1020,3RD,,,,,38.252994492,-85.755587699,0.578,9/22/2021 12:00:00 AM,1246,2,2,0,0,RAINING,WET,False,SIDESWIPE-SAME DIRECTION,SIDESWIPE-SAME DIRECTION,STRAIGHT & LEVEL,DAYLIGHT,,,9/23/2021 8:11:15 AM,False,5168,Accepted,
28691955,0568000,LOUISVILLE METRO POLICE DEPT,Accepted,JEFFERSON,KY1703,,NEWBURG,RD,,,,,TREVILIAN,,THACKERAY,38.213030765,-85.700020692,3.307,9/22/2021 12:00:00 AM,1600,2,2,0,0,RAINING,WET,False,REAR END IN TRAFFIC LANES BOTH VEHICLES MOVING,REAR END,STRAIGHT & LEVEL,DAYLIGHT,,,9/23/2021 8:11:48 AM,False,7793,Accepted,
28691956,0568000,LOUISVILLE METRO POLICE DEPT,Accepted,JEFFERSON,KY2053,,MT WASHINGTON,RD,,,STANDIFORD PLAZA,,,,,38.092641341,-85.667297467,0.116,9/22/2021 12:00:00 AM,1719,2,2,0,0,RAINING,WET,False,ANGLE COLLISION - OTHER,ANGLE,STRAIGHT & LEVEL,DAYLIGHT,,,9/23/2021 8:11:52 AM,False,7474,Accepted,
28691957,0568000,LOUISVILLE METRO POLICE DEPT,Accepted,JEFFERSON,,,MARIGOLD,AVE,,,LOTUS,,,,,38.166716531,-85.717277789,0.507,9/22/2021 12:00:00 AM,0853,2,2,0,2,RAINING,WET,False,ANGLE COLLISION - OTHER,ANGLE,STRAIGHT & LEVEL,DAYLIGHT,,,9/23/2021 8:11:55 AM,False,7451,Accepted,
28708786,0568000,LOUISVILLE METRO POLICE DEPT,Accepted,JEFFERSON,I 0264,,I264 E,,,,,,,,,38.206239835,-85.827967601,5.249,9/22/2021 12:00:00 AM,0359,1,1,0,1,RAINING,WET,False,OTHER COLLISIONS ON SHOULDER,SINGLE VEHICLE,CURVE & HILLCREST,DARK-HWY LIGHTED/ON,,,9/27/2021 8:46:39 AM,False,5360,Accepted,
28699426,0568000,LOUISVILLE METRO POLICE DEPT,Accepted,JEFFERSON,,,CEDAR,ST,,,,,24TH,,26TH,38.256661242,-85.794373420,1.102,9/22/2021 12:00:00 AM,1940,2,2,0,0,RAINING,WET,False,1 VEHICLE PARKED POSITION (NOT PARKING LOT/DRIVEWAY),REAR END,STRAIGHT & LEVEL,DAYLIGHT,,,9/24/2021 8:14:34 AM,False,5365,Accepted,
28708745,0568000,LOUISVILLE METRO POLICE DEPT,Accepted,JEFFERSON,I 0071,,I71 S,,,,,,,,,38.320155795,-85.562916618,10.202,9/22/2021 12:00:00 AM,1130,4,4,0,0,RAINING,WET,False,OTHER ROADWAY OR MID-BLOCK COLLISION,REAR END,STRAIGHT & LEVEL,DAYLIGHT,,,9/27/2021 8:43:32 AM,False,7751,Accepted,
28708746,0568000,LOUISVILLE METRO POLICE DEPT,Accepted,JEFFERSON,I 0065,,,,,,,,,,,38.115858777,-85.703641052,0.129,9/22/2021 12:00:00 AM,1743,1,1,0,0,RAINING,WET,False,COLLISION WITH FIXED OBJECT NOT IN GORE ,SINGLE VEHICLE,STRAIGHT & HILLCREST,DAYLIGHT,I 0065,I 0065,9/27/2021 8:43:36 AM,False,7751,Accepted,
28691980,0568000,LOUISVILLE METRO POLICE DEPT,Accepted,JEFFERSON,KY2054,741,ALGONQUIN,PKWY,,,,,,,,38.212845562,-85.771722153,3.102,9/22/2021 12:00:00 AM,1957,2,2,0,0,RAINING,WET,True,REAR END IN TRAFFIC LANES BOTH VEHICLES MOVING,REAR END,CURVE & LEVEL,DARK-HWY LIGHTED/ON,,,9/23/2021 8:14:00 AM,False,5316,Accepted,
28691983,0568000,LOUISVILLE METRO POLICE DEPT,Accepted,JEFFERSON,,3101,DALE ANN,DR,,,,,MANNER DALE,,KLONWAY,38.208134797,-85.631083866,0.275,9/22/2021 12:00:00 AM,2052,2,2,0,0,RAINING,WET,False,1 VEHICLE PARKED POSITION (NOT PARKING LOT/DRIVEWAY),REAR END,STRAIGHT & LEVEL,DARK-HWY LIGHTED/ON,,,9/23/2021 8:14:14 AM,False,5347,Accepted,
28694847,0561500,UNIV. OF LOUISVILLE POLICE,Accepted,JEFFERSON,,,4TH,ST,S,,CARDINAL,,,,,38.220772410,-85.762834579,2.496,9/22/2021 12:00:00 AM,2125,2,1,0,1,RAINING,WET,True,COLLISION WITH BICYCLE IN INTERSECTION,SINGLE VEHICLE,STRAIGHT & LEVEL,DARK-HWY LIGHTED/ON,,,9/23/2021 12:37:04 PM,False,5708,Accepted,
28699392,0568000,LOUISVILLE METRO POLICE DEPT,Accepted,JEFFERSON,,,HILL,ST,W,,23RD,,,,,38.229410367,-85.795189468,2.114,9/22/2021 12:00:00 AM,0815,2,2,0,1,RAINING,WET,False,ANGLE COLLISION - OTHER,ANGLE,STRAIGHT & LEVEL,DAYLIGHT,,,9/24/2021 8:12:06 AM,False,5253,Accepted,
28714906,0568000,LOUISVILLE METRO POLICE DEPT,Accepted,JEFFERSON,I 0065,,,,,,,,,,,38.111319474,-85.702401603,0.671,9/22/2021 12:00:00 AM,1743,2,1,0,0,RAINING,WET,False,OTHER RAMP RELATED COLLISIONS NOT LISTED ABOVE,SIDESWIPE-SAME DIRECTION,CURVE & HILLCREST,DAYLIGHT,KY0481,I 0065,9/27/2021 2:36:05 PM,True,7751,Accepted,
29156424,0560300,ST. MATTHEWS POLICE DEPARTMENT,Accepted,JEFFERSON,I 0264,,I264 E,,,,,,,,,38.263954428,-85.623715371,20.797,9/22/2021 12:00:00 AM,0015,3,3,0,1,RAINING,WET,False,OTHER COLLISIONS ON SHOULDER,SIDESWIPE-OPPOSITE DIRECTION,CURVE & GRADE,DARK-HWY LIGHTED/OFF,,,11/1/2021 9:43:48 PM,True,9146,Accepted,
28902435,0568000,LOUISVILLE METRO POLICE DEPT,Accepted,JEFFERSON,US0031W,,MAIN,ST,W,,3RD,,,,,38.256443509,-85.754860906,22.020,9/21/2021 12:00:00 AM,2201,2,2,0,0,RAINING,WET,False,SIDESWIPE-SAME DIRECTION,SIDESWIPE-SAME DIRECTION,STRAIGHT & LEVEL,DARK-HWY LIGHTED/ON,,,10/14/2021 8:12:47 AM,False,5341,Accepted,
28854896,0568000,LOUISVILLE METRO POLICE DEPT,Accepted,JEFFERSON,,,FLOYD,ST,S,,LIBERTY,,,,,38.252142622,-85.748507347,0.246,9/21/2021 12:00:00 AM,2316,2,2,0,0,RAINING,WET,False,ANGLE COLLISION - OTHER,ANGLE,STRAIGHT & LEVEL,DARK-HWY LIGHTED/ON,,,10/11/2021 8:28:41 AM,False,5318,Accepted,
28708752,0568000,LOUISVILLE METRO POLICE DEPT,Accepted,JEFFERSON,KY1727,,TERRY,RD,,,,,,,,38.172482141,-85.865988474,3.594,9/21/2021 12:00:00 AM,0805,2,2,0,1,CLOUDY,DRY,False,REAR END IN TRAFFIC LANES BOTH VEHICLES MOVING,REAR END,STRAIGHT & LEVEL,DAYLIGHT,,,9/27/2021 8:44:08 AM,False,7244,Accepted,
28708803,0568000,LOUISVILLE METRO POLICE DEPT,Accepted,JEFFERSON,US0042,,BROWNSBORO,RD,,,ZORN,,,,,38.261101078,-85.684241748,2.836,9/21/2021 12:00:00 AM,1450,2,2,0,0,CLOUDY,DRY,False,ANGLE COLLISION - ONE VEHICLE TURNING LEFT,ANGLE,STRAIGHT & LEVEL,DAYLIGHT,,,9/27/2021 8:47:59 AM,False,2673,Accepted,
28708805,0568000,LOUISVILLE METRO POLICE DEPT,Accepted,JEFFERSON,KY0061,,PRESTON,HWY,,,GILMORE,,,,,38.174418141,-85.712620435,6.864,9/21/2021 12:00:00 AM,1545,3,3,0,0,CLOUDY,DRY,True,OTHER INTERSECTION COLLISIONS,REAR END,STRAIGHT & LEVEL,DAYLIGHT,,,9/27/2021 8:48:06 AM,False,7341,Accepted,
28776300,0568000,LOUISVILLE METRO POLICE DEPT,Accepted,JEFFERSON,US0060A,1836,EASTERN,PKWY,,,,,,,,38.231887713,-85.709544511,6.817,9/21/2021 12:00:00 AM,1728,2,2,0,0,CLEAR,DRY,False,1 VEHICLE ENTERING/LEAVING ENTRANCE,ANGLE,STRAIGHT & LEVEL,DAYLIGHT,,,9/30/2021 8:22:47 AM,False,2228,Accepted,
28708861,0568000,LOUISVILLE METRO POLICE DEPT,Accepted,JEFFERSON,,,BROOK,ST,S,US0031E,MARKET,,,,,38.254556611,-85.750156469,3.491,9/21/2021 12:00:00 AM,0658,2,2,0,0,RAINING,WET,False,ANGLE COLLISION - OTHER,ANGLE,STRAIGHT & LEVEL,DAYLIGHT,,,9/27/2021 8:52:27 AM,True,7904,Accepted,
28708784,0568000,LOUISVILLE METRO POLICE DEPT,Accepted,JEFFERSON,KY1865,4119,TAYLOR,BLVD,,,,,,,,38.182758191,-85.783679636,5.261,9/21/2021 12:00:00 AM,2210,2,2,0,3,RAINING,WET,False,REAR END IN TRAFFIC LANES BOTH VEHICLES MOVING,REAR END,STRAIGHT & LEVEL,DUSK,,,9/27/2021 8:46:32 AM,False,5302,Accepted,
28688188,0568000,LOUISVILLE METRO POLICE DEPT,Accepted,JEFFERSON,,,BROADWAY,,W,,24TH,,,,,38.249352782,-85.791616228,0.180,9/21/2021 12:00:00 AM,0235,2,2,0,0,CLEAR,DRY,False,ANGLE COLLISION - OTHER,ANGLE,STRAIGHT & HILLCREST,DARK-HWY LIGHTED/ON,,,9/22/2021 8:08:48 AM,False,5008,Accepted,
28688197,0568000,LOUISVILLE METRO POLICE DEPT,Accepted,JEFFERSON,,626,DAVIES,AVE,,,,,ERDAL,,6TH,38.222932831,-85.769560798,0.123,9/21/2021 12:00:00 AM,2105,2,2,0,0,CLOUDY,WET,False,1 VEHICLE PARKED POSITION (NOT PARKING LOT/DRIVEWAY),SIDESWIPE-SAME DIRECTION,STRAIGHT & LEVEL,DARK-HWY LIGHTED/ON,,,9/22/2021 8:09:48 AM,False,5131,Accepted,
28688176,0568000,LOUISVILLE METRO POLICE DEPT,Accepted,JEFFERSON,KY1931,,MANSLICK,RD,,,,,TERUDON,,HOLLY PARK,38.158132570,-85.799124058,5.729,9/21/2021 12:00:00 AM,1729,1,1,0,1,CLOUDY,DRY,False,RAN OFF ROADWAY (1 VEHICLE WITH/EARTH EMBANKMENT/DITCH),SINGLE VEHICLE,CURVE & HILLCREST,DAYLIGHT,,,9/22/2021 8:08:10 AM,False,2457,Accepted,
28688182,0568000,LOUISVILLE METRO POLICE DEPT,Accepted,JEFFERSON,,,17TH,ST,S,,,,,,,38.240927953,-85.783284695,1.179,9/21/2021 12:00:00 AM,0800,2,2,0,1,CLEAR,DRY,False,1 VEHICLE ENTERING/LEAVING ENTRANCE,ANGLE,STRAIGHT & GRADE,DAYLIGHT,,,9/22/2021 8:08:24 AM,False,5386,Accepted,
28688183,0568000,LOUISVILLE METRO POLICE DEPT,Accepted,JEFFERSON,KY1934,,CANE RUN,RD,,,,,,,,38.180037761,-85.859133610,7.386,9/21/2021 12:00:00 AM,1447,4,4,0,1,CLEAR,DRY,False,REAR END IN TRAFFIC LANES BOTH VEHICLES MOVING,REAR END,STRAIGHT & LEVEL,DAYLIGHT,,,9/22/2021 8:08:29 AM,False,7234,Accepted,
28683806,0568000,LOUISVILLE METRO POLICE DEPT,Accepted,JEFFERSON,,,16TH,ST,S,,CHESTNUT,,,,,38.251140671,-85.777756873,0.534,9/21/2021 12:00:00 AM,0015,2,2,0,0,CLEAR,DRY,True,ANGLE COLLISION - OTHER,ANGLE,STRAIGHT & LEVEL,DARK-HWY LIGHTED/ON,,,9/21/2021 8:22:00 AM,False,5374,Accepted,
28688169,0568000,LOUISVILLE METRO POLICE DEPT,Accepted,JEFFERSON,,,OAK,ST,W,US0031W,22ND,,,,,38.237458782,-85.790271395,1.915,9/21/2021 12:00:00 AM,1553,2,2,0,0,CLOUDY,DRY,False,ANGLE COLLISION - OTHER,ANGLE,STRAIGHT & LEVEL,DAYLIGHT,,,9/22/2021 8:07:46 AM,False,5355,Accepted,
28688174,0568000,LOUISVILLE METRO POLICE DEPT,Accepted,JEFFERSON,KY1747,,HURSTBOURNE,PKWY,S,US0060,SHELBYVILLE,,,,,38.246178504,-85.576753784,13.488,9/21/2021 12:00:00 AM,1716,2,2,0,0,CLOUDY,DRY,False,OTHER INTERSECTION COLLISIONS,REAR END,STRAIGHT & LEVEL,DAYLIGHT,,,9/22/2021 8:08:02 AM,False,7316,Accepted,
28688184,0568000,LOUISVILLE METRO POLICE DEPT,Accepted,JEFFERSON,US0031W,,DIXIE,HWY,,,,,,,,38.120305818,-85.856550861,9.671,9/21/2021 12:00:00 AM,1622,2,2,0,0,CLOUDY,DRY,False,REAR END IN TRAFFIC LANES BOTH VEHICLES MOVING,REAR END,STRAIGHT & LEVEL,DAYLIGHT,,,9/22/2021 8:08:33 AM,False,7234,Accepted,
28688185,0568000,LOUISVILLE METRO POLICE DEPT,Accepted,JEFFERSON,,,WOODLAWN,AVE,W,,3RD,,,,,38.181580777,-85.766211977,0.777,9/21/2021 12:00:00 AM,0828,2,2,0,0,CLOUDY,DRY,False,ANGLE COLLISION - OTHER,ANGLE,STRAIGHT & LEVEL,DAYLIGHT,,,9/22/2021 8:08:37 AM,False,5230,Accepted,
28688191,0568000,LOUISVILLE METRO POLICE DEPT,Accepted,JEFFERSON,,423,WARNOCK,ST,,I 0065,I65 N EXIT133 OFF RAMP TO  WARNOCK ST,,,,,38.214285075,-85.751786719,0.180,9/21/2021 12:00:00 AM,2039,2,2,0,0,RAINING,WET,False,COLLISION IN PARKING LOT,BACKING,STRAIGHT & LEVEL,DARK-HWY LIGHTED/ON,,,9/22/2021 8:09:02 AM,False,7833,Accepted,
28688192,0568000,LOUISVILLE METRO POLICE DEPT,Accepted,JEFFERSON,US0031W,,DR W J HODGE,ST,,,,,MUHAMMAD ALI,,EDDY,38.254456818,-85.785614851,19.995,9/21/2021 12:00:00 AM,2245,2,2,0,0,RAINING,WET,True,1 VEHICLE PARKED POSITION (NOT PARKING LOT/DRIVEWAY),SIDESWIPE-SAME DIRECTION,STRAIGHT & LEVEL,DARK-HWY LIGHTED/ON,,,9/22/2021 8:09:09 AM,False,5295,Accepted,
28686280,0561000,JEFFERSONTOWN POLICE DEPT,Accepted,JEFFERSON,KY1747,1620,HURSTBOURNE,PKWY,S,,,,,,,38.221528183,-85.579834062,11.759,9/21/2021 12:00:00 AM,1737,2,2,0,0,CLOUDY,DRY,False,SIDESWIPE COLLISION - SAME DIRECTION,SIDESWIPE-SAME DIRECTION,STRAIGHT & LEVEL,DAYLIGHT,,,9/21/2021 6:20:51 PM,False,8267,Accepted,
28688186,0568000,LOUISVILLE METRO POLICE DEPT,Accepted,JEFFERSON,I 0265,,I265 E,,,,,I 0265,I265 E EXIT14 ON RAMP FROM  SMYRNA PKWY,I 0265,I265 E EXIT15 OFF RAMP TO KY864,38.122947240,-85.621026470,14.820,9/21/2021 12:00:00 AM,1830,2,2,0,1,CLOUDY,DRY,True,REAR END IN TRAFFIC LANES BOTH VEHICLES MOVING,REAR END,STRAIGHT & LEVEL,DAYLIGHT,,,9/22/2021 8:08:40 AM,False,6878,Accepted,
28688194,0568000,LOUISVILLE METRO POLICE DEPT,Accepted,JEFFERSON,I 0065,,I65 S,,,I 0065,I65 S EXIT130 OFF RAMP TO  GRADE LN,,,,,38.181851896,-85.721989319,130.014,9/21/2021 12:00:00 AM,2204,2,2,0,0,RAINING,WET,False,OTHER INTERSECTION COLLISIONS,REAR END,STRAIGHT & LEVEL,DARK-HWY LIGHTED/ON,,,9/22/2021 8:09:38 AM,True,5269,Accepted,
28688164,0568000,LOUISVILLE METRO POLICE DEPT,Accepted,JEFFERSON,KY1747,,HURSTBOURNE,PKWY,N,KY1447,WESTPORT,,,,,38.286961495,-85.571667495,16.984,9/21/2021 12:00:00 AM,1130,2,2,0,0,CLOUDY,DRY,True,SIDESWIPE-SAME DIRECTION,SIDESWIPE-SAME DIRECTION,STRAIGHT & LEVEL,DAYLIGHT,,,9/22/2021 8:07:19 AM,False,7876,Accepted,
28688193,0568000,LOUISVILLE METRO POLICE DEPT,Accepted,JEFFERSON,I 0065,,,,,,,,,,,38.181660371,-85.721983556,0.013,9/21/2021 12:00:00 AM,2204,2,2,0,0,RAINING,WET,False,OTHER RAMP RELATED COLLISIONS NOT LISTED ABOVE,REAR END,STRAIGHT & LEVEL,DARK (UNKNOWN ROADWAY LIGHTING),I 0065,GRADE LN,9/22/2021 8:09:34 AM,False,5326,Accepted,
28688199,0568000,LOUISVILLE METRO POLICE DEPT,Accepted,JEFFERSON,,2823,VIRGINIA,AVE,,,,,,,,38.238301481,-85.802842454,0.362,9/21/2021 12:00:00 AM,2310,2,2,0,0,RAINING,WET,True,1 VEHICLE PARKED POSITION (NOT PARKING LOT/DRIVEWAY),ANGLE,STRAIGHT & GRADE,DARK-HWY LIGHTED/ON,,,9/22/2021 8:09:55 AM,False,5353,Accepted,
28688165,0568000,LOUISVILLE METRO POLICE DEPT,Accepted,JEFFERSON,,,MUHAMMAD ALI,BLVD,W,,,,30TH,,32ND,38.256123380,-85.802151640,2.726,9/21/2021 12:00:00 AM,0739,1,1,0,0,CLOUDY,DRY,False,OTHER ROADWAY OR MID-BLOCK COLLISION,SINGLE VEHICLE,STRAIGHT & LEVEL,DAYLIGHT,,,9/22/2021 8:07:23 AM,False,7805,Accepted,
28688171,0568000,LOUISVILLE METRO POLICE DEPT,Accepted,JEFFERSON,US0031E,,BARDSTOWN,RD,,KY2860,GRINSTEAD,,,,,38.238423310,-85.720989928,15.422,9/21/2021 12:00:00 AM,1513,2,2,0,0,CLOUDY,DRY,False,ANGLE COLLISION - OTHER,ANGLE,STRAIGHT & LEVEL,DAYLIGHT,,,9/22/2021 8:07:49 AM,False,2228,Accepted,
28688172,0568000,LOUISVILLE METRO POLICE DEPT,Accepted,JEFFERSON,KY1450,,BLUE LICK,RD,,,,,MAYNARD,,SLACK,38.111257943,-85.690329558,1.818,9/21/2021 12:00:00 AM,1618,2,2,0,0,CLOUDY,DRY,False,VEHICLE BACKING NON INTERSECTION,BACKING,STRAIGHT & LEVEL,DAYLIGHT,,,9/22/2021 8:07:53 AM,False,2324,Accepted,
28688181,0568000,LOUISVILLE METRO POLICE DEPT,Accepted,JEFFERSON,US0060A,,WINKLER,AVE,,,5TH,,,,,38.210565711,-85.765878097,2.957,9/21/2021 12:00:00 AM,1000,2,2,0,0,CLEAR,DRY,False,OTHER INTERSECTION COLLISIONS,REAR END,STRAIGHT & LEVEL,DAYLIGHT,,,9/22/2021 8:08:19 AM,False,7116,Accepted,
28688187,0568000,LOUISVILLE METRO POLICE DEPT,Accepted,JEFFERSON,,,LIBERTY,ST,E,KY0864,CHESTNUT,,,,,38.250007682,-85.733259420,0.958,9/21/2021 12:00:00 AM,1127,2,2,0,1,CLOUDY,DRY,False,ANGLE COLLISION - OTHER,ANGLE,STRAIGHT & LEVEL,DAYLIGHT,,,9/22/2021 8:08:44 AM,False,5367,Accepted,
28686668,0565000,LYNDON POLICE DEPARTMENT,Accepted,JEFFERSON,US0060,8300,SHELBYVILLE,RD,,,,,,,,38.248273521,-85.599713054,6.612,9/21/2021 12:00:00 AM,1320,2,2,0,0,CLOUDY,DRY,False,SIDESWIPE COLLISION - SAME DIRECTION,SIDESWIPE-SAME DIRECTION,STRAIGHT & LEVEL,DAYLIGHT,,,9/21/2021 8:37:16 PM,False,1323,Accepted,
28688173,0568000,LOUISVILLE METRO POLICE DEPT,Accepted,JEFFERSON,KY0864,,POPLAR LEVEL,RD,,,NAOMI,,,,,38.165678733,-85.680616495,8.786,9/21/2021 12:00:00 AM,1545,2,1,0,1,CLOUDY,DRY,False,COLLISION WITH PEDESTRIAN IN INTERSECTION,SINGLE VEHICLE,STRAIGHT & LEVEL,DAYLIGHT,,,9/22/2021 8:07:57 AM,False,5351,Accepted,
28688190,0568000,LOUISVILLE METRO POLICE DEPT,Accepted,JEFFERSON,KY1065,,BEULAH CHURCH,RD,,,CEDAR SPRINGS,,,,,38.148522768,-85.590171885,11.668,9/21/2021 12:00:00 AM,2337,2,2,0,0,RAINING,WET,False,ANGLE COLLISION - OTHER,ANGLE,STRAIGHT & LEVEL,DARK-HWY NOT LIGHTED,,,9/22/2021 8:08:56 AM,False,7106,Accepted,