IncidentID,AgencyORI,AgencyName,IncidentStatusDesc,County,RdwyNumber,Street,RoadwayName,StreetSfx,StreetDir,IntersectionRdwy,IntersectionRdwyName,BetweenStRdwy1,BetweenStRdwyName1,BetweenStRdwy2,BetweenStRdwyName2,Latitude,Longitude,Milepoint,CollisionDate,CollisionTime,UnitsInvolved,MotorVehiclesInvolved,NumberKilled,NumberInjured,Weather,RdwyConditionCode,HitandRun,DirAnalysisCode,MannerofCollision,RdwyCharacter,LightCondition,RampFromRdwyId,RampToRdwyId,AcceptedDate,IsSecondaryCollision,OwnerBadge,IncidentStatus,
28683808,0568000,LOUISVILLE METRO POLICE DEPT,Accepted,JEFFERSON,KY1865,,TAYLOR,BLVD,,,ASHLAND,,,,,38.186671913,-85.783788056,5.532,9/21/2021 12:00:00 AM,0448,2,2,0,0,CLEAR,DRY,False,OPPOSING LEFT TURN,OPPOSING LEFT TURN,STRAIGHT & LEVEL,DARK-HWY LIGHTED/ON,,,9/21/2021 8:22:07 AM,False,5337,Accepted,
28688198,0568000,LOUISVILLE METRO POLICE DEPT,Accepted,JEFFERSON,,626,DAVIES,AVE,,,,,ERDAL,,6TH,38.222932831,-85.769560798,0.123,9/21/2021 12:00:00 AM,2105,2,2,0,0,RAINING,WET,False,1 VEHICLE PARKED POSITION (NOT PARKING LOT/DRIVEWAY),REAR END,STRAIGHT & LEVEL,DARK-HWY LIGHTED/ON,,,9/22/2021 8:09:51 AM,False,5131,Accepted,
28683807,0568000,LOUISVILLE METRO POLICE DEPT,Accepted,JEFFERSON,,,26TH,ST,S,,MUHAMMAD ALI,,,,,38.255230602,-85.794238996,0.382,9/21/2021 12:00:00 AM,0135,2,2,0,0,CLEAR,DRY,False,HEAD-ON COLLISION,HEAD ON,STRAIGHT & LEVEL,DARK-HWY LIGHTED/ON,,,9/21/2021 8:22:03 AM,False,5374,Accepted,
28688158,0568000,LOUISVILLE METRO POLICE DEPT,Accepted,JEFFERSON,,,LEXINGTON,RD,,US0031E,BAXTER,,,,,38.248525101,-85.730719729,0.133,9/21/2021 12:00:00 AM,0805,2,2,0,1,CLEAR,DRY,False,ANGLE COLLISION - OTHER,ANGLE,STRAIGHT & GRADE,DAYLIGHT,,,9/22/2021 8:06:44 AM,False,2413,Accepted,
28688167,0568000,LOUISVILLE METRO POLICE DEPT,Accepted,JEFFERSON,I 0265,,,,,,,,,,,38.143994210,-85.582601459,0.310,9/21/2021 12:00:00 AM,1509,3,3,0,2,CLEAR,DRY,False,OTHER RAMP RELATED COLLISIONS NOT LISTED ABOVE,REAR END,CURVE & GRADE,DAYLIGHT,I 0265,US31E,9/22/2021 8:07:34 AM,False,2321,Accepted,
28736988,0568000,LOUISVILLE METRO POLICE DEPT,Accepted,JEFFERSON,I 0264,,I264 W,,,,,,,,,38.201119744,-85.694369288,14.209,9/21/2021 12:00:00 AM,1423,2,2,0,0,CLOUDY,DRY,False,REAR END IN TRAFFIC LANES BOTH VEHICLES MOVING,REAR END,STRAIGHT & GRADE,DAYLIGHT,,,9/28/2021 1:53:10 PM,False,8278,Accepted,
28708868,0568000,LOUISVILLE METRO POLICE DEPT,Accepted,JEFFERSON,KY0841,,GENE SNYDER,FWY,,,,KY0841,KY841 RAMP FROM  STONESTREET RD,US0031W,US31W N RAMP TO KY841 E,38.091417715,-85.838969169,2.063,9/21/2021 12:00:00 AM,2010,2,2,0,0,CLOUDY,DRY,False,REAR END IN TRAFFIC LANES BOTH VEHICLES MOVING,REAR END,STRAIGHT & LEVEL,DARK (UNKNOWN ROADWAY LIGHTING),,,9/27/2021 8:53:37 AM,False,5223,Accepted,
28776311,0568000,LOUISVILLE METRO POLICE DEPT,Accepted,JEFFERSON,,,24TH,ST,S,,CHESTNUT,,,,,38.252743650,-85.791915140,0.531,9/20/2021 12:00:00 AM,2112,2,1,0,2,CLEAR,DRY,False,COLLISION WITH BICYCLE IN INTERSECTION,SINGLE VEHICLE,STRAIGHT & LEVEL,DARK-HWY LIGHTED/ON,,,9/30/2021 8:23:33 AM,False,5306,Accepted,
28776286,0568000,LOUISVILLE METRO POLICE DEPT,Accepted,JEFFERSON,,,3RD,ST,S,,WOODLAWN,,,,,38.181594477,-85.766229340,1.320,9/20/2021 12:00:00 AM,1557,2,2,0,0,CLEAR,DRY,False,ANGLE COLLISION - OTHER,ANGLE,STRAIGHT & LEVEL,DAYLIGHT,,,9/30/2021 8:21:59 AM,False,5139,Accepted,
28776328,0568000,LOUISVILLE METRO POLICE DEPT,Accepted,JEFFERSON,US0031W,10200,DIXIE,HWY,,KY0907,VALLEY STATION,,,,,38.107583714,-85.866868630,8.625,9/20/2021 12:00:00 AM,2056,2,2,0,1,CLOUDY,DRY,False,OPPOSING LEFT TURN,OPPOSING LEFT TURN,STRAIGHT & LEVEL,DARK-HWY LIGHTED/ON,,,9/30/2021 8:24:32 AM,False,5223,Accepted,
28683788,0568000,LOUISVILLE METRO POLICE DEPT,Accepted,JEFFERSON,,,15TH,ST,N,US0031W,MAIN,,,,,38.258629362,-85.774736474,,9/20/2021 12:00:00 AM,1432,2,2,0,2,RAINING,WET,False,ANGLE COLLISION - OTHER,ANGLE,STRAIGHT & LEVEL,DAYLIGHT,,,9/21/2021 8:19:56 AM,False,7463,Accepted,
28688161,0568000,LOUISVILLE METRO POLICE DEPT,Accepted,JEFFERSON,I 0064,,,,,,,,,,,38.226102847,-85.588078596,0.207,9/20/2021 12:00:00 AM,1529,2,2,0,0,RAINING,WET,False,OTHER RAMP RELATED COLLISIONS NOT LISTED ABOVE,REAR END,STRAIGHT & LEVEL,DAYLIGHT,I 0064,KY1747,9/22/2021 8:07:00 AM,False,8278,Accepted,
28683796,0568000,LOUISVILLE METRO POLICE DEPT,Accepted,JEFFERSON,,,STONESTREET,RD,,,,,,,,38.118464897,-85.845226325,0.622,9/20/2021 12:00:00 AM,1331,2,2,0,0,RAINING,WET,False,REAR END IN TRAFFIC LANES BOTH VEHICLES MOVING,REAR END,STRAIGHT & LEVEL,DAYLIGHT,,,9/21/2021 8:21:03 AM,False,7234,Accepted,
28683798,0568000,LOUISVILLE METRO POLICE DEPT,Accepted,JEFFERSON,KY1020,,NATIONAL,TPKE,,,,,,,,38.132840424,-85.751233814,4.081,9/20/2021 12:00:00 AM,1818,2,2,0,1,CLEAR,DRY,False,1 VEHICLE ENTERING/LEAVING ENTRANCE,ANGLE,STRAIGHT & LEVEL,DAYLIGHT,,,9/21/2021 8:21:07 AM,False,7234,Accepted,
28683804,0568000,LOUISVILLE METRO POLICE DEPT,Accepted,JEFFERSON,,,GRADE,LN,,I 0065,I65 S EXIT130 ON RAMP FROM  GRADE LN,,,,,38.177939235,-85.720443020,0.188,9/20/2021 12:00:00 AM,2111,2,2,0,0,CLEAR,DRY,False,ANGLE COLLISION - OTHER,ANGLE,STRAIGHT & LEVEL,DARK-HWY LIGHTED/ON,,,9/21/2021 8:21:52 AM,False,5269,Accepted,
28683805,0568000,LOUISVILLE METRO POLICE DEPT,Accepted,JEFFERSON,,5208,RUSSETT,BLVD,,,,,,,,38.165527505,-85.667076347,0.023,9/20/2021 12:00:00 AM,2102,4,4,0,0,CLEAR,WET,True,COLLISION IN PARKING LOT,ANGLE,STRAIGHT & LEVEL,DARK (UNKNOWN ROADWAY LIGHTING),,,9/21/2021 8:21:55 AM,False,5299,Accepted,
28678801,0568000,LOUISVILLE METRO POLICE DEPT,Accepted,JEFFERSON,,3821,BLEVINS GAP,RD,,,,,,,,38.080520913,-85.830529960,3.543,9/20/2021 12:00:00 AM,0022,1,1,0,1,RAINING,WET,False,OTHER ROADWAY OR MID-BLOCK COLLISION,SINGLE VEHICLE,CURVE & GRADE,DARK (UNKNOWN ROADWAY LIGHTING),,,9/20/2021 8:25:44 AM,False,5279,Accepted,
28683782,0568000,LOUISVILLE METRO POLICE DEPT,Accepted,JEFFERSON,,,LOWER HUNTERS,TRCE,,KY1727,TERRY,,,,,38.164671544,-85.865255537,1.825,9/20/2021 12:00:00 AM,1206,2,2,0,0,RAINING,WET,False,SIDESWIPE-SAME DIRECTION,SIDESWIPE-SAME DIRECTION,STRAIGHT & LEVEL,DAYLIGHT,,,9/21/2021 8:19:17 AM,False,2457,Accepted,
28683771,0568000,LOUISVILLE METRO POLICE DEPT,Accepted,JEFFERSON,KY0841,,GENE SNYDER,FWY,,,,,,,,38.317336086,-85.591127139,35.256,9/20/2021 12:00:00 AM,0511,1,1,0,1,RAINING,WET,False,OTHER ROADWAY OR MID-BLOCK COLLISION,SINGLE VEHICLE,CURVE & LEVEL,DARK-HWY NOT LIGHTED,,,9/21/2021 8:18:33 AM,False,7369,Accepted,
28683773,0568000,LOUISVILLE METRO POLICE DEPT,Accepted,JEFFERSON,I 0071,,I71 S,,,,,,,,,38.310041661,-85.591828275,8.455,9/20/2021 12:00:00 AM,0738,3,3,0,0,RAINING,WET,False,REAR END IN TRAFFIC LANES BOTH VEHICLES MOVING,REAR END,STRAIGHT & LEVEL,DAYLIGHT,,,9/21/2021 8:18:37 AM,False,4903,Accepted,
28678805,0568000,LOUISVILLE METRO POLICE DEPT,Accepted,JEFFERSON,KY2054,,ALGONQUIN,PKWY,,US0031W,22ND,,,,,38.223372369,-85.795082847,1.502,9/20/2021 12:00:00 AM,0130,2,2,0,1,CLEAR,DRY,False,ANGLE COLLISION - OTHER,ANGLE,STRAIGHT & LEVEL,DARK-HWY LIGHTED/ON,,,9/20/2021 8:26:00 AM,False,5039,Accepted,
28678814,0568000,LOUISVILLE METRO POLICE DEPT,Accepted,JEFFERSON,,,PARK,RD,S,KY0061,PRESTON,,,,,38.118058846,-85.677317474,0.004,9/20/2021 12:00:00 AM,0555,2,2,0,0,RAINING,WET,False,OTHER INTERSECTION COLLISIONS,REAR END,STRAIGHT & LEVEL,DARK (UNKNOWN ROADWAY LIGHTING),,,9/20/2021 8:26:38 AM,False,7100,Accepted,
28683779,0568000,LOUISVILLE METRO POLICE DEPT,Accepted,JEFFERSON,I 0064,,,,,,,,,,,38.258712268,-85.742335259,1.004,9/20/2021 12:00:00 AM,1042,1,1,0,1,RAINING,WET,False,OTHER RAMP RELATED COLLISIONS NOT LISTED ABOVE,SINGLE VEHICLE,CURVE & GRADE,DAYLIGHT,I 0064,I 0065,9/21/2021 8:19:00 AM,False,6886,Accepted,
28683780,0568000,LOUISVILLE METRO POLICE DEPT,Accepted,JEFFERSON,,383,GALT,AVE,S,,,,GRINSTEAD,,ROWLAND,38.248765205,-85.694757868,0.416,9/20/2021 12:00:00 AM,1143,3,3,0,0,RAINING,WET,False,1 VEHICLE PARKED POSITION (NOT PARKING LOT/DRIVEWAY),SIDESWIPE-SAME DIRECTION,STRAIGHT & HILLCREST,DAYLIGHT,,,9/21/2021 8:19:04 AM,False,7128,Accepted,
28683787,0568000,LOUISVILLE METRO POLICE DEPT,Accepted,JEFFERSON,KY1865,,NEW CUT,RD,,,CANDLELIGHT,,,,,38.129797332,-85.773858561,1.531,9/20/2021 12:00:00 AM,1124,2,2,0,0,RAINING,WET,False,OPPOSING LEFT TURN,OPPOSING LEFT TURN,STRAIGHT & LEVEL,DAYLIGHT,,,9/21/2021 8:19:49 AM,False,7252,Accepted,
28678809,0568000,LOUISVILLE METRO POLICE DEPT,Accepted,JEFFERSON,KY0841,,GENE SNYDER,FWY,,KY0841,KY841 RAMP FROM KY1865,,,,,38.119705735,-85.782537444,5.759,9/20/2021 12:00:00 AM,0518,1,1,0,0,RAINING,WET,False,OTHER INTERSECTION COLLISIONS,SINGLE VEHICLE,STRAIGHT & GRADE,DARK-HWY LIGHTED/OFF,,,9/20/2021 8:26:22 AM,False,5211,Accepted,
28683793,0568000,LOUISVILLE METRO POLICE DEPT,Accepted,JEFFERSON,,,ROY WILKINS,AVE,,US0150,BROADWAY,,,,,38.246719203,-85.766422814,0.730,9/20/2021 12:00:00 AM,1804,2,2,0,0,CLEAR,DRY,False,OTHER INTERSECTION COLLISIONS,REAR END,STRAIGHT & LEVEL,DAYLIGHT,,,9/21/2021 8:20:31 AM,False,7217,Accepted,
28683794,0568000,LOUISVILLE METRO POLICE DEPT,Accepted,JEFFERSON,,,7TH,ST,S,,,KY2054,ALGONQUIN,,INDUSTRY,38.220541878,-85.776644557,0.052,9/20/2021 12:00:00 AM,1316,2,2,0,0,RAINING,WET,False,1 VEHICLE ENTERING/LEAVING ENTRANCE,ANGLE,STRAIGHT & LEVEL,DAYLIGHT,,,9/21/2021 8:20:37 AM,False,5221,Accepted,
28683800,0568000,LOUISVILLE METRO POLICE DEPT,Accepted,JEFFERSON,KY1931,,MANSLICK,RD,,,,,,,,38.170356234,-85.797594038,6.593,9/20/2021 12:00:00 AM,0855,1,1,0,0,RAINING,WET,False,COLLISION WITH FIXED OBJECT NON - INTERSECTION - FIRST EVENT COLLISION 09 - 32 EXCLUDING 16,SINGLE VEHICLE,STRAIGHT & LEVEL,DAYLIGHT,,,9/21/2021 8:21:36 AM,False,7667,Accepted,
28683801,0568000,LOUISVILLE METRO POLICE DEPT,Accepted,JEFFERSON,,,MUD,LN,,,SOUTHGATE MANOR,,,,,38.087730134,-85.672000715,0.554,9/20/2021 12:00:00 AM,1316,3,3,0,0,RAINING,WET,False,ANGLE COLLISION - OTHER,ANGLE,CURVE & LEVEL,DAYLIGHT,,,9/21/2021 8:21:40 AM,False,2324,Accepted,
28683802,0568000,LOUISVILLE METRO POLICE DEPT,Accepted,JEFFERSON,KY1819,,BILLTOWN,RD,,,SHAFFER,,,,,38.153634241,-85.559183267,6.094,9/20/2021 12:00:00 AM,1939,2,2,0,1,CLOUDY,WET,False,ANGLE COLLISION - OTHER,ANGLE,CURVE & LEVEL,DARK-HWY LIGHTED/ON,,,9/21/2021 8:21:44 AM,False,2775,Accepted,
28688163,0568000,LOUISVILLE METRO POLICE DEPT,Accepted,JEFFERSON,I 0264,,I264 W,,,,,,,,,38.190234476,-85.760123163,10.506,9/20/2021 12:00:00 AM,1733,3,3,0,1,CLOUDY,DRY,False,SIDESWIPE COLLISION - SAME DIRECTION,SIDESWIPE-SAME DIRECTION,STRAIGHT & GRADE,DAYLIGHT,,,9/22/2021 8:07:14 AM,False,8278,Accepted,
28683786,0568000,LOUISVILLE METRO POLICE DEPT,Accepted,JEFFERSON,KY1020,,2ND,ST,S,,ST CATHERINE,,,,,38.237009487,-85.756621621,11.504,9/20/2021 12:00:00 AM,1539,2,2,0,0,RAINING,WET,False,ANGLE COLLISION - OTHER,ANGLE,STRAIGHT & LEVEL,DAYLIGHT,,,9/21/2021 8:19:45 AM,False,7495,Accepted,
28683803,0568000,LOUISVILLE METRO POLICE DEPT,Accepted,JEFFERSON,KY0061,,PRESTON,HWY,,,,,,,,38.178594264,-85.716932674,7.229,9/20/2021 12:00:00 AM,2137,2,2,0,0,CLEAR,DRY,False,1 VEHICLE ENTERING/LEAVING ENTRANCE,ANGLE,STRAIGHT & LEVEL,DARK (UNKNOWN ROADWAY LIGHTING),,,9/21/2021 8:21:48 AM,False,5326,Accepted,
28683777,0568000,LOUISVILLE METRO POLICE DEPT,Accepted,JEFFERSON,KY0061,,PRESTON,ST,S,,STEIN,,,,,38.232923697,-85.749666928,11.707,9/20/2021 12:00:00 AM,0822,2,2,0,0,RAINING,WET,True,SIDESWIPE-SAME DIRECTION,SIDESWIPE-SAME DIRECTION,STRAIGHT & LEVEL,OTHER,,,9/21/2021 8:18:53 AM,False,5120,Accepted,
28681326,0560300,ST. MATTHEWS POLICE DEPARTMENT,Accepted,JEFFERSON,US0060,5001,SHELBYVILLE,RD,,,,,,,,38.250137329,-85.620944185,5.447,9/20/2021 12:00:00 AM,0321,4,4,0,0,RAINING,WET,False,OTHER ROADWAY OR MID-BLOCK COLLISION,REAR END,STRAIGHT & LEVEL,DAYLIGHT,,,9/20/2021 4:15:41 PM,False,9195,Accepted,
28683778,0568000,LOUISVILLE METRO POLICE DEPT,Accepted,JEFFERSON,US0031W,,DIXIE,HWY,,,,,,,,38.153394661,-85.835878740,12.273,9/20/2021 12:00:00 AM,1010,2,2,0,0,RAINING,WET,False,HEAD-ON COLLISION,HEAD ON,STRAIGHT & LEVEL,DAYLIGHT,,,9/21/2021 8:18:57 AM,False,7244,Accepted,
28683784,0568000,LOUISVILLE METRO POLICE DEPT,Accepted,JEFFERSON,KY0155,,TAYLORSVILLE,RD,,,MCMAHAN,,,,,38.219597777,-85.619469570,12.986,9/20/2021 12:00:00 AM,0642,2,2,0,0,RAINING,WET,False,ANGLE COLLISION - OTHER,ANGLE,STRAIGHT & LEVEL,DARK (UNKNOWN ROADWAY LIGHTING),,,9/21/2021 8:19:36 AM,False,4693,Accepted,
28683785,0568000,LOUISVILLE METRO POLICE DEPT,Accepted,JEFFERSON,KY0061,,PRESTON,HWY,,,,,,,,38.156679674,-85.696795051,5.348,9/20/2021 12:00:00 AM,1218,2,2,0,0,RAINING,WET,False,REAR END IN TRAFFIC LANES BOTH VEHICLES MOVING,REAR END,STRAIGHT & LEVEL,DAYLIGHT,,,9/21/2021 8:19:40 AM,False,4693,Accepted,
28683791,0568000,LOUISVILLE METRO POLICE DEPT,Accepted,JEFFERSON,,1051,HESS,LN,,,,,,,,38.207538308,-85.730527611,0.359,9/20/2021 12:00:00 AM,1611,2,1,0,1,CLEAR,WET,False,COLLISION WITH PEDESTRIAN NON - INTERSECTION,SINGLE VEHICLE,CURVE & LEVEL,DAYLIGHT,,,9/21/2021 8:20:10 AM,False,5383,Accepted,
28691945,0568000,LOUISVILLE METRO POLICE DEPT,Accepted,JEFFERSON,KY1865,5320,NEW CUT,RD,,,,,,,,38.154220564,-85.777107651,3.221,9/20/2021 12:00:00 AM,0619,2,2,0,0,RAINING,WATER (STANDING OR MOVING),False,REAR END IN TRAFFIC LANES BOTH VEHICLES MOVING,REAR END,STRAIGHT & LEVEL,DARK-HWY LIGHTED/ON,,,9/23/2021 8:10:45 AM,False,2905,Accepted,
28683799,0568000,LOUISVILLE METRO POLICE DEPT,Accepted,JEFFERSON,KY1703,2819,NEWBURG,RD,,,,,TARTAN,,DUNBARTON WYNDE,38.208307011,-85.693679552,2.802,9/20/2021 12:00:00 AM,1417,5,5,0,0,RAINING,WET,False,REAR END IN TRAFFIC LANES BOTH VEHICLES MOVING,REAR END,STRAIGHT & GRADE,DAYLIGHT,,,9/21/2021 8:21:12 AM,False,5020,Accepted,
28691951,0568000,LOUISVILLE METRO POLICE DEPT,Accepted,JEFFERSON,US0060A,,TAYLOR,BLVD,,,LONGFIELD,,,,,38.198570376,-85.782767243,1.619,9/20/2021 12:00:00 AM,1438,2,2,0,0,RAINING,WET,True,OTHER INTERSECTION COLLISIONS,REAR END,STRAIGHT & LEVEL,DAYLIGHT,,,9/23/2021 8:11:20 AM,False,5052,Accepted,
28691981,0568000,LOUISVILLE METRO POLICE DEPT,Accepted,JEFFERSON,KY1931,3601,MANSLICK,RD,,,,,,,,38.195031391,-85.799650583,8.364,9/20/2021 12:00:00 AM,0043,2,2,0,0,CLOUDY,WET,False,1 VEHICLE ENTERING/LEAVING ENTRANCE,ANGLE,CURVE & LEVEL,DARK-HWY LIGHTED/OFF,,,9/23/2021 8:14:05 AM,False,5316,Accepted,
28708754,0568000,LOUISVILLE METRO POLICE DEPT,Accepted,JEFFERSON,US0031E,2501,BARDSTOWN,RD,,,,,,,,38.223060374,-85.684625582,13.121,9/20/2021 12:00:00 AM,1411,1,1,0,0,CLOUDY,WET,True,COLLISION WITH FIXED OBJECT NON - INTERSECTION - FIRST EVENT COLLISION 09 - 32 EXCLUDING 16,SINGLE VEHICLE,STRAIGHT & LEVEL,DAYLIGHT,,,9/27/2021 8:44:19 AM,False,7740,Accepted,
28708751,0568000,LOUISVILLE METRO POLICE DEPT,Accepted,JEFFERSON,US0042,,BROWNSBORO,RD,,,COACH GATE WYNDE,,,,,38.272472705,-85.648887023,4.927,9/20/2021 12:00:00 AM,0731,1,1,0,0,RAINING,WET,False,COLLISION WITH ANIMAL IN INTERSECTION,SINGLE VEHICLE,STRAIGHT & LEVEL,DAWN,,,9/27/2021 8:44:04 AM,False,2673,Accepted,
28776269,0568000,LOUISVILLE METRO POLICE DEPT,Accepted,JEFFERSON,KY1747,,HURSTBOURNE,PKWY,S,,,US0031E,BARDSTOWN,,STONY BROOK,38.169621127,-85.604946114,7.530,9/19/2021 12:00:00 AM,2114,2,2,0,0,RAINING,WET,False,OTHER ROADWAY OR MID-BLOCK COLLISION,REAR END,CURVE & HILLCREST,DARK-HWY LIGHTED/ON,,,9/30/2021 8:20:30 AM,False,7730,Accepted,
28683783,0568000,LOUISVILLE METRO POLICE DEPT,Accepted,JEFFERSON,I 0265,,I265 N,,,,,I 0265,I265 N EXIT34 ON RAMP FROM KY22 W,I 0071,I71 N EXIT35A RAMP TO I71 N,38.311839607,-85.576257597,34.349,9/19/2021 12:00:00 AM,1242,2,2,0,0,CLEAR,DRY,False,COLLISION WITH FIXED OBJECT NON - INTERSECTION - FIRST EVENT COLLISION 09 - 32 EXCLUDING 16,SIDESWIPE-SAME DIRECTION,STRAIGHT & GRADE,DAYLIGHT,,,9/21/2021 8:19:27 AM,False,7633,Accepted,
28699410,0568000,LOUISVILLE METRO POLICE DEPT,Accepted,JEFFERSON,,,BLUEGRASS,AVE,,,HAZELWOOD,,,,,38.179435659,-85.788246740,0.581,9/19/2021 12:00:00 AM,1800,2,2,0,3,RAINING,WET,False,ANGLE COLLISION - OTHER,ANGLE,STRAIGHT & LEVEL,DAYLIGHT,,,9/24/2021 8:13:29 AM,False,5123,Accepted,
28691973,0568000,LOUISVILLE METRO POLICE DEPT,Accepted,JEFFERSON,,,WHITNEY,AVE,W,,,,,,,38.193892381,-85.769921616,0.719,9/19/2021 12:00:00 AM,0104,3,3,0,0,CLEAR,DRY,True,1 VEHICLE PARKED POSITION (NOT PARKING LOT/DRIVEWAY),SIDESWIPE-OPPOSITE DIRECTION,STRAIGHT & LEVEL,DUSK,,,9/23/2021 8:13:28 AM,False,5324,Accepted,
28699433,0568000,LOUISVILLE METRO POLICE DEPT,Accepted,JEFFERSON,,,FEGENBUSH,LN,,,BELRAD,,,,,38.180025997,-85.638702646,0.495,9/19/2021 12:00:00 AM,2030,2,2,0,6,CLOUDY,WET,False,ANGLE COLLISION - OTHER,ANGLE,STRAIGHT & LEVEL,DARK-HWY LIGHTED/ON,,,9/24/2021 8:15:02 AM,False,5153,Accepted,
28678810,0568000,LOUISVILLE METRO POLICE DEPT,Accepted,JEFFERSON,KY1747,,FERN VALLEY,RD,,,,,,,,38.157358361,-85.679666894,2.892,9/19/2021 12:00:00 AM,2052,2,2,0,0,RAINING,WET,False,REAR END IN TRAFFIC LANES BOTH VEHICLES MOVING,REAR END,STRAIGHT & LEVEL,DARK-HWY LIGHTED/ON,,,9/20/2021 8:26:26 AM,False,7449,Accepted,
28678800,0568000,LOUISVILLE METRO POLICE DEPT,Accepted,JEFFERSON,US0031,,CLARK MEMORIAL,BRG,,US0031E,MAIN,,,,,38.256422136,-85.753411247,0.011,9/19/2021 12:00:00 AM,1936,2,2,0,1,CLOUDY,WET,True,SIDESWIPE-SAME DIRECTION,SIDESWIPE-SAME DIRECTION,CURVE & LEVEL,DARK-HWY LIGHTED/ON,,,9/20/2021 8:25:39 AM,False,5356,Accepted,
28678806,0568000,LOUISVILLE METRO POLICE DEPT,Accepted,JEFFERSON,,,FERNDALE,RD,,,FERN CREEK,,,,,38.155166323,-85.592054593,0.119,9/19/2021 12:00:00 AM,2054,2,2,0,1,CLOUDY,WET,False,ANGLE COLLISION - OTHER,ANGLE,STRAIGHT & LEVEL,DARK-HWY NOT LIGHTED,,,9/20/2021 8:26:04 AM,False,7415,Accepted,
28678813,0568000,LOUISVILLE METRO POLICE DEPT,Accepted,JEFFERSON,KY1865,,TAYLOR,BLVD,,,STRADER,,,,,38.191099183,-85.783313817,5.840,9/19/2021 12:00:00 AM,2223,2,1,0,0,RAINING,WET,False,COLLISION WITH BICYCLE IN INTERSECTION,SINGLE VEHICLE,STRAIGHT & LEVEL,DARK-HWY LIGHTED/ON,,,9/20/2021 8:26:34 AM,False,5183,Accepted,
28683789,0568000,LOUISVILLE METRO POLICE DEPT,Accepted,JEFFERSON,I 0264,,I264 E,,,,,,,,,38.224457531,-85.644162875,17.410,9/19/2021 12:00:00 AM,1845,2,2,0,0,CLOUDY,WET,True,SIDESWIPE COLLISION - SAME DIRECTION,SIDESWIPE-SAME DIRECTION,STRAIGHT & LEVEL,OTHER,,,9/21/2021 8:20:01 AM,False,7916,Accepted,
28678779,0568000,LOUISVILLE METRO POLICE DEPT,Accepted,JEFFERSON,,4305,PARK,RD,S,,,,,,,38.116629328,-85.681985877,0.277,9/19/2021 12:00:00 AM,0620,1,1,0,0,CLEAR,DRY,False,OTHER COLLISIONS ON SHOULDER,SINGLE VEHICLE,CURVE & GRADE,DARK-HWY LIGHTED/ON,,,9/20/2021 8:23:53 AM,False,7669,Accepted,
28678787,0568000,LOUISVILLE METRO POLICE DEPT,Accepted,JEFFERSON,,5806,EMMALEE,DR,,,,,,,,38.166462057,-85.688853574,0.343,9/19/2021 12:00:00 AM,0658,3,3,0,1,CLEAR,DRY,False,1 VEHICLE PARKED POSITION (NOT PARKING LOT/DRIVEWAY),SIDESWIPE-SAME DIRECTION,STRAIGHT & LEVEL,DAWN,,,9/20/2021 8:24:52 AM,False,5027,Accepted,
28678774,0568000,LOUISVILLE METRO POLICE DEPT,Accepted,JEFFERSON,,,34TH,ST,S,,,,,,,38.249404580,-85.808622606,0.899,9/19/2021 12:00:00 AM,0330,2,2,0,0,CLEAR,DRY,False,REAR END IN TRAFFIC LANES BOTH VEHICLES MOVING,REAR END,STRAIGHT & LEVEL,DARK-HWY LIGHTED/OFF,,,9/20/2021 8:23:33 AM,False,5319,Accepted,
28678775,0568000,LOUISVILLE METRO POLICE DEPT,Accepted,JEFFERSON,,7407,ARNOLDTOWN,RD,,,,,,,,38.124855971,-85.807046163,2.002,9/19/2021 12:00:00 AM,0320,1,1,0,0,CLEAR,DRY,False,COLLISION WITH FIXED OBJECT NON - INTERSECTION - FIRST EVENT COLLISION 09 - 32 EXCLUDING 16,SINGLE VEHICLE,STRAIGHT & LEVEL,DARK-HWY LIGHTED/OFF,,,9/20/2021 8:23:37 AM,False,5136,Accepted,
28678785,0568000,LOUISVILLE METRO POLICE DEPT,Accepted,JEFFERSON,KY0061,6805,PRESTON,HWY,,,,,,,,38.152591421,-85.694589172,5.017,9/19/2021 12:00:00 AM,1207,3,3,0,1,CLEAR,DRY,False,1 VEHICLE PARKED POSITION (NOT PARKING LOT/DRIVEWAY),ANGLE,STRAIGHT & LEVEL,DAYLIGHT,,,9/20/2021 8:24:42 AM,False,7669,Accepted,
28678790,0568000,LOUISVILLE METRO POLICE DEPT,Accepted,JEFFERSON,,3001,INDIAN LAKE,DR,,,,,,,,38.287161102,-85.551146244,1.067,9/19/2021 12:00:00 AM,1320,2,2,0,0,CLEAR,DRY,True,SIDESWIPE COLLISION - OPPOSITE DIRECTION,SIDESWIPE-OPPOSITE DIRECTION,CURVE & LEVEL,DAYLIGHT,,,9/20/2021 8:25:05 AM,False,7615,Accepted,
28678792,0568000,LOUISVILLE METRO POLICE DEPT,Accepted,JEFFERSON,I 0264,,I264 E,,,,,,,,,38.189863976,-85.766432149,10.067,9/19/2021 12:00:00 AM,1050,3,3,0,4,CLEAR,DRY,False,REAR END IN TRAFFIC LANES BOTH VEHICLES MOVING,REAR END,STRAIGHT & LEVEL,DAYLIGHT,,,9/20/2021 8:25:09 AM,False,5378,Accepted,