IncidentID,AgencyORI,AgencyName,IncidentStatusDesc,County,RdwyNumber,Street,RoadwayName,StreetSfx,StreetDir,IntersectionRdwy,IntersectionRdwyName,BetweenStRdwy1,BetweenStRdwyName1,BetweenStRdwy2,BetweenStRdwyName2,Latitude,Longitude,Milepoint,CollisionDate,CollisionTime,UnitsInvolved,MotorVehiclesInvolved,NumberKilled,NumberInjured,Weather,RdwyConditionCode,HitandRun,DirAnalysisCode,MannerofCollision,RdwyCharacter,LightCondition,RampFromRdwyId,RampToRdwyId,AcceptedDate,IsSecondaryCollision,OwnerBadge,IncidentStatus,
28678793,0568000,LOUISVILLE METRO POLICE DEPT,Accepted,JEFFERSON,US0031E,,BUECHEL,BYP,,,,,BUECHEL BANK,KY2251,KY2251 TURN LANE,38.190733329,-85.646757473,9.999,9/19/2021 12:00:00 AM,1638,2,2,0,1,CLOUDY,WET,False,REAR END IN TRAFFIC LANES BOTH VEHICLES MOVING,REAR END,STRAIGHT & LEVEL,DAYLIGHT,,,9/20/2021 8:25:14 AM,False,7448,Accepted,
28678799,0568000,LOUISVILLE METRO POLICE DEPT,Accepted,JEFFERSON,,400,CHIEFTAIN,DR,,,,,,,,38.100427692,-85.759968024,0.118,9/19/2021 12:00:00 AM,0421,2,2,0,0,CLEAR,DRY,False,1 VEHICLE PARKED POSITION (NOT PARKING LOT/DRIVEWAY),SIDESWIPE-SAME DIRECTION,STRAIGHT & LEVEL,DARK-HWY LIGHTED/OFF,,,9/20/2021 8:25:35 AM,False,5209,Accepted,
28678794,0568000,LOUISVILLE METRO POLICE DEPT,Accepted,JEFFERSON,KY0061,,PRESTON,HWY,,KY6304,OLD PRESTON,,,,,38.096361296,-85.670320881,0.877,9/19/2021 12:00:00 AM,1210,2,2,0,1,CLEAR,DRY,False,ANGLE COLLISION - ONE VEHICLE TURNING LEFT,ANGLE,STRAIGHT & LEVEL,DAYLIGHT,,,9/20/2021 8:25:17 AM,False,7272,Accepted,
28678788,0568000,LOUISVILLE METRO POLICE DEPT,Accepted,JEFFERSON,,,OAK,ST,W,,GARVIN,,,,,38.235193720,-85.762009748,0.362,9/19/2021 12:00:00 AM,1018,2,2,0,0,CLEAR,DRY,False,OTHER INTERSECTION COLLISIONS,REAR END,STRAIGHT & LEVEL,DAYLIGHT,,,9/20/2021 8:24:56 AM,False,7132,Accepted,
28678795,0568000,LOUISVILLE METRO POLICE DEPT,Accepted,JEFFERSON,KY1747,3400B,FERN VALLEY,RD,,,,,,,,38.156932244,-85.699886183,1.773,9/19/2021 12:00:00 AM,1637,2,2,0,3,RAINING,WET,False,1 VEHICLE ENTERING/LEAVING ENTRANCE,ANGLE,CURVE & LEVEL,DAYLIGHT,,,9/20/2021 8:25:21 AM,False,7669,Accepted,
28678798,0568000,LOUISVILLE METRO POLICE DEPT,Accepted,JEFFERSON,,,BROADWAY,,W,,26TH,,,,,38.249437260,-85.794888159,0.362,9/19/2021 12:00:00 AM,1200,2,2,0,0,CLEAR,DRY,True,COLLISION WITH PARKED VEHICLE,SIDESWIPE-SAME DIRECTION,STRAIGHT & LEVEL,DUSK,,,9/20/2021 8:25:32 AM,False,5247,Accepted,
28678807,0568000,LOUISVILLE METRO POLICE DEPT,Accepted,JEFFERSON,,,CHESTNUT,ST,W,,,,,,,38.248822072,-85.756783823,2.424,9/19/2021 12:00:00 AM,2030,4,4,0,0,CLEAR,WET,False,1 VEHICLE PARKED POSITION (NOT PARKING LOT/DRIVEWAY),SIDESWIPE-SAME DIRECTION,STRAIGHT & LEVEL,DARK-HWY LIGHTED/ON,,,9/20/2021 8:26:08 AM,False,5335,Accepted,
28678815,0568000,LOUISVILLE METRO POLICE DEPT,Accepted,JEFFERSON,,,ACTION,AVE,,,,,,,,38.193709107,-85.647179661,0.125,9/19/2021 12:00:00 AM,0018,2,2,0,3,CLEAR,DRY,False,1 VEHICLE PARKED POSITION (NOT PARKING LOT/DRIVEWAY),HEAD ON,CURVE & LEVEL,DARK-HWY NOT LIGHTED,,,9/20/2021 8:26:42 AM,False,5332,Accepted,
28678797,0568000,LOUISVILLE METRO POLICE DEPT,Accepted,JEFFERSON,KY1020,,2ND,ST,S,,HILL,,,,,38.225667584,-85.758556541,10.691,9/19/2021 12:00:00 AM,0920,2,2,0,0,CLEAR,DRY,False,ANGLE COLLISION - OTHER,ANGLE,STRAIGHT & LEVEL,DAYLIGHT,,,9/20/2021 8:25:27 AM,False,7441,Accepted,
28678804,0568000,LOUISVILLE METRO POLICE DEPT,Accepted,JEFFERSON,US0060A,1318,EASTERN,PKWY,,,,,,,,38.226736452,-85.719734581,6.147,9/19/2021 12:00:00 AM,2103,1,1,0,1,RAINING,WET,False,COLLISION WITH FIXED OBJECT NON - INTERSECTION - FIRST EVENT COLLISION 09 - 32 EXCLUDING 16,SINGLE VEHICLE,STRAIGHT & HILLCREST,DARK-HWY LIGHTED/ON,,,9/20/2021 8:25:56 AM,False,5197,Accepted,
28676585,0561000,JEFFERSONTOWN POLICE DEPT,Accepted,JEFFERSON,KY1747,,HURSTBOURNE,PKWY,S,KY0155,TAYLORSVILLE,,,,,38.217068648,-85.588741878,11.150,9/19/2021 12:00:00 AM,1400,2,2,0,0,CLOUDY,DRY,False,SIDESWIPE-SAME DIRECTION,SIDESWIPE-SAME DIRECTION,STRAIGHT & LEVEL,DAYLIGHT,,,9/19/2021 5:40:04 PM,False,8316,Accepted,
28798550,0568000,LOUISVILLE METRO POLICE DEPT,Accepted,JEFFERSON,KY1020,,NATIONAL,TPKE,,,TOLLS,,,,,38.135611556,-85.752316543,4.278,9/19/2021 12:00:00 AM,1723,2,1,1,0,RAINING,WET,False,COLLISION WITH BICYCLE IN INTERSECTION,SINGLE VEHICLE,STRAIGHT & LEVEL,DAYLIGHT,,,10/6/2021 8:14:31 AM,False,7720,Accepted,
28678740,0568000,LOUISVILLE METRO POLICE DEPT,Accepted,JEFFERSON,,6322,SUMMER LAKE,DR,,,,,,,,38.077564608,-85.876577435,0.270,9/18/2021 12:00:00 AM,0047,2,2,0,0,CLEAR,DRY,True,1 VEHICLE PARKED POSITION (NOT PARKING LOT/DRIVEWAY),ANGLE,STRAIGHT & LEVEL,DARK-HWY LIGHTED/OFF,,,9/20/2021 8:20:52 AM,False,2721,Accepted,
28678742,0568000,LOUISVILLE METRO POLICE DEPT,Accepted,JEFFERSON,KY1631,,CRITTENDEN,DR,,,MARTHA MOLONEY,,,,,38.187752735,-85.750666236,0.007,9/18/2021 12:00:00 AM,0011,1,1,0,1,CLEAR,DRY,False,OTHER INTERSECTION COLLISIONS,SINGLE VEHICLE,CURVE & LEVEL,DARK-HWY LIGHTED/ON,,,9/20/2021 8:21:11 AM,False,5174,Accepted,
28678750,0568000,LOUISVILLE METRO POLICE DEPT,Accepted,JEFFERSON,,6109,CAROLYN,RD,,,,,,,,38.158282193,-85.765781560,0.075,9/18/2021 12:00:00 AM,1432,1,1,0,1,CLEAR,DRY,False,COLLISION WITH FIXED OBJECT NON - INTERSECTION - FIRST EVENT COLLISION 09 - 32 EXCLUDING 16,SINGLE VEHICLE,STRAIGHT & LEVEL,DAYLIGHT,,,9/20/2021 8:21:52 AM,False,7496,Accepted,
28678751,0568000,LOUISVILLE METRO POLICE DEPT,Accepted,JEFFERSON,KY2860,,GRINSTEAD,DR,,,CHEROKEE,,,,,38.239179012,-85.719543867,0.094,9/18/2021 12:00:00 AM,1548,2,2,0,0,CLEAR,DRY,False,OTHER INTERSECTION COLLISIONS,REAR END,STRAIGHT & GRADE,DAYLIGHT,,,9/20/2021 8:21:58 AM,False,7570,Accepted,
28678757,0568000,LOUISVILLE METRO POLICE DEPT,Accepted,JEFFERSON,KY0155,,TAYLORSVILLE,RD,,,,,,,,38.188571557,-85.510511059,6.148,9/18/2021 12:00:00 AM,1730,2,2,0,0,CLEAR,DRY,False,REAR END IN TRAFFIC LANES BOTH VEHICLES MOVING,REAR END,STRAIGHT & LEVEL,DAYLIGHT,,,9/20/2021 8:22:40 AM,False,7698,Accepted,
28678737,0568000,LOUISVILLE METRO POLICE DEPT,Accepted,JEFFERSON,I 0264,,I264 E,,,,,,,,,38.192516112,-85.712422478,13.039,9/18/2021 12:00:00 AM,0044,2,2,0,0,CLOUDY,DRY,True,SIDESWIPE COLLISION - SAME DIRECTION,SIDESWIPE-SAME DIRECTION,STRAIGHT & LEVEL,DARK-HWY LIGHTED/ON,,,9/20/2021 8:20:39 AM,False,5307,Accepted,
28678739,0568000,LOUISVILLE METRO POLICE DEPT,Accepted,JEFFERSON,I 0264,,I264 E,,,I 0264,I264 E EXIT10 OFF RAMP TO KY1020,,,,,38.190228069,-85.760169962,10.389,9/18/2021 12:00:00 AM,0502,2,2,0,1,CLEAR,DRY,True,OTHER INTERSECTION COLLISIONS,REAR END,STRAIGHT & GRADE,DARK-HWY LIGHTED/ON,,,9/20/2021 8:20:47 AM,False,5316,Accepted,
28678796,0568000,LOUISVILLE METRO POLICE DEPT,Accepted,JEFFERSON,KY1932,,BRECKENRIDGE,LN,,,,,HIKES,,CHURCHILL PARK,38.217573986,-85.628108682,2.646,9/18/2021 12:00:00 AM,1530,2,1,0,0,CLEAR,DRY,True,COLLISION WITH PEDESTRIAN NON - INTERSECTION,SINGLE VEHICLE,STRAIGHT & LEVEL,DAYLIGHT,,,9/20/2021 8:25:24 AM,False,5288,Accepted,
28678783,0568000,LOUISVILLE METRO POLICE DEPT,Accepted,JEFFERSON,,,CENTRAL,AVE,,KY1020,3RD,,,,,38.204708474,-85.763999461,0.354,9/18/2021 12:00:00 AM,1723,2,2,0,3,CLEAR,DRY,False,ANGLE COLLISION - OTHER,ANGLE,STRAIGHT & LEVEL,DAYLIGHT,,,9/20/2021 8:24:13 AM,False,7772,Accepted,
28678728,0568000,LOUISVILLE METRO POLICE DEPT,Accepted,JEFFERSON,KY0061,,PRESTON,HWY,,KY1747,FERN VALLEY,,,,,38.156950844,-85.697076413,5.342,9/18/2021 12:00:00 AM,0028,3,3,0,1,CLEAR,DRY,False,ANGLE COLLISION - OTHER,ANGLE,STRAIGHT & LEVEL,DARK-HWY LIGHTED/ON,,,9/20/2021 8:20:06 AM,False,7100,Accepted,
28678781,0568000,LOUISVILLE METRO POLICE DEPT,Accepted,JEFFERSON,,,MUHAMMAD ALI,BLVD,W,US0031W,22ND,,,,,38.254488378,-85.787337447,1.904,9/18/2021 12:00:00 AM,1711,3,3,0,1,CLEAR,DRY,False,ANGLE COLLISION - OTHER,ANGLE,STRAIGHT & LEVEL,DAYLIGHT,,,9/20/2021 8:24:01 AM,False,7805,Accepted,
28678776,0568000,LOUISVILLE METRO POLICE DEPT,Accepted,JEFFERSON,KY0061,,PRESTON,HWY,,KY1450,BLUE LICK,,,,,38.133773905,-85.684171303,3.618,9/18/2021 12:00:00 AM,2003,2,2,0,0,CLEAR,DRY,True,OTHER INTERSECTION COLLISIONS,REAR END,STRAIGHT & LEVEL,DARK-HWY LIGHTED/ON,,,9/20/2021 8:23:42 AM,False,7100,Accepted,
28678780,0568000,LOUISVILLE METRO POLICE DEPT,Accepted,JEFFERSON,I 0265,10,I265 E,,,,,,,,,38.112302279,-85.692205294,10.782,9/18/2021 12:00:00 AM,1217,2,2,0,0,CLEAR,DRY,False,SIDESWIPE COLLISION - SAME DIRECTION,SIDESWIPE-SAME DIRECTION,STRAIGHT & LEVEL,DAYLIGHT,,,9/20/2021 8:23:57 AM,False,7799,Accepted,
28678786,0568000,LOUISVILLE METRO POLICE DEPT,Accepted,JEFFERSON,,,JEFFERSON,ST,W,,ROY WILKINS,,,,,38.254740877,-85.765148424,0.724,9/18/2021 12:00:00 AM,1305,2,2,0,0,CLEAR,DRY,False,SIDESWIPE-SAME DIRECTION,SIDESWIPE-SAME DIRECTION,STRAIGHT & LEVEL,DAYLIGHT,,,9/20/2021 8:24:48 AM,False,5173,Accepted,
28678752,0568000,LOUISVILLE METRO POLICE DEPT,Accepted,JEFFERSON,KY0155,,TAYLORSVILLE,RD,,,MCMAHAN,,,,,38.219475434,-85.619560191,12.985,9/18/2021 12:00:00 AM,1034,2,2,0,0,CLEAR,DRY,False,OTHER INTERSECTION COLLISIONS,REAR END,STRAIGHT & LEVEL,DAYLIGHT,,,9/20/2021 8:22:03 AM,False,7739,Accepted,
28678753,0568000,LOUISVILLE METRO POLICE DEPT,Accepted,JEFFERSON,KY0155,,TAYLORSVILLE,RD,,,CHENOWETH RUN,,,,,38.188277606,-85.551930507,8.463,9/18/2021 12:00:00 AM,1433,2,2,0,1,CLEAR,DRY,True,VEHICLE BACKING IN INTERSECTION,BACKING,STRAIGHT & GRADE,DAYLIGHT,,,9/20/2021 8:22:07 AM,False,7278,Accepted,
28678766,0568000,LOUISVILLE METRO POLICE DEPT,Accepted,JEFFERSON,,,3RD,ST,S,KY1020,SOUTHERN,,,,,38.200604456,-85.765109054,,9/18/2021 12:00:00 AM,1718,1,1,0,2,CLEAR,DRY,False,COLLISION WITH FIXED OBJECT IN INTERSECTION - FIRST EVENT COLLISION 09 - 32,SINGLE VEHICLE,CURVE & LEVEL,DAYLIGHT,,,9/20/2021 8:22:58 AM,False,5252,Accepted,
28678767,0568000,LOUISVILLE METRO POLICE DEPT,Accepted,JEFFERSON,,,LIONS ARMS,DR,,KY1727,TERRY,,,,,38.177774729,-85.864161916,0.011,9/18/2021 12:00:00 AM,2053,2,2,0,1,CLEAR,DRY,False,OPPOSING LEFT TURN,OPPOSING LEFT TURN,STRAIGHT & LEVEL,DAYLIGHT,,,9/20/2021 8:23:01 AM,False,7496,Accepted,
28678768,0568000,LOUISVILLE METRO POLICE DEPT,Accepted,JEFFERSON,,,GAGEL,AVE,,KY1931,MANSLICK,,,,,38.170365250,-85.797852699,1.393,9/18/2021 12:00:00 AM,2016,2,2,0,0,CLEAR,DRY,True,OTHER INTERSECTION COLLISIONS,REAR END,STRAIGHT & LEVEL,DARK-HWY LIGHTED/ON,,,9/20/2021 8:23:05 AM,False,5212,Accepted,
28678773,0568000,LOUISVILLE METRO POLICE DEPT,Accepted,JEFFERSON,I 0265,,I265 S,,,,,,,,,38.297111202,-85.547542346,32.423,9/18/2021 12:00:00 AM,0558,2,2,0,2,CLEAR,DRY,False,OTHER ROADWAY OR MID-BLOCK COLLISION,REAR TO REAR,STRAIGHT & LEVEL,DARK (UNKNOWN ROADWAY LIGHTING),,,9/20/2021 8:23:26 AM,False,5155,Accepted,
28678755,0568000,LOUISVILLE METRO POLICE DEPT,Accepted,JEFFERSON,KY2054,,ALGONQUIN,PKWY,,KY1934,CANE RUN,,,,,38.224403851,-85.809287571,0.718,9/18/2021 12:00:00 AM,1419,2,2,0,0,CLEAR,DRY,False,OPPOSITE DIRECTION - BOTH VEHICLES GOING STRAIGHT AHEAD,SIDESWIPE-OPPOSITE DIRECTION,STRAIGHT & LEVEL,DAYLIGHT,,,9/20/2021 8:22:14 AM,False,7656,Accepted,
28678762,0568000,LOUISVILLE METRO POLICE DEPT,Accepted,JEFFERSON,KY3064,2626,PORTLAND,AVE,,,,,,,,38.271345230,-85.790749757,0.492,9/18/2021 12:00:00 AM,1601,2,2,0,1,CLEAR,DRY,False,1 VEHICLE ENTERING/LEAVING ENTRANCE,ANGLE,STRAIGHT & LEVEL,DAYLIGHT,,,9/20/2021 8:22:50 AM,False,7325,Accepted,
28678769,0568000,LOUISVILLE METRO POLICE DEPT,Accepted,JEFFERSON,US0031E,,MARKET,ST,E,US0031E,BAXTER,,,,,38.252634013,-85.732545688,16.638,9/18/2021 12:00:00 AM,2237,2,2,0,2,CLEAR,DRY,False,ANGLE COLLISION - OTHER,ANGLE,STRAIGHT & LEVEL,DARK-HWY LIGHTED/ON,,,9/20/2021 8:23:09 AM,False,5354,Accepted,
28678770,0568000,LOUISVILLE METRO POLICE DEPT,Accepted,JEFFERSON,,,DIXIE,HWY,,,ST CATHERINE,,,,,38.240183179,-85.785649983,0.635,9/18/2021 12:00:00 AM,2333,2,2,0,1,CLEAR,DRY,True,ANGLE COLLISION - OTHER,ANGLE,STRAIGHT & LEVEL,DARK-HWY LIGHTED/ON,,,9/20/2021 8:23:12 AM,False,5303,Accepted,
28678771,0568000,LOUISVILLE METRO POLICE DEPT,Accepted,JEFFERSON,,443,GHEENS,AVE,,,,,,,,38.168233179,-85.766701453,0.108,9/18/2021 12:00:00 AM,2039,2,2,0,0,CLEAR,DRY,False,1 VEHICLE PARKED POSITION (NOT PARKING LOT/DRIVEWAY),ANGLE,STRAIGHT & LEVEL,UNKNOWN,,,9/20/2021 8:23:17 AM,False,5276,Accepted,
28678802,0568000,LOUISVILLE METRO POLICE DEPT,Accepted,JEFFERSON,US0060A,,BERRY,BLVD,,US0060A,7TH ST,,,,,38.196739537,-85.799065016,0.588,9/18/2021 12:00:00 AM,2145,2,2,0,0,CLEAR,DRY,True,OTHER INTERSECTION COLLISIONS,REAR END,STRAIGHT & LEVEL,DARK-HWY LIGHTED/ON,,,9/20/2021 8:25:49 AM,False,5205,Accepted,
28680108,0561500,UNIV. OF LOUISVILLE POLICE,Accepted,JEFFERSON,,,CARDINAL,BLVD,W,KY1020,3RD,,,,,38.220547472,-85.761177642,0.181,9/18/2021 12:00:00 AM,1300,2,2,0,0,CLEAR,DRY,False,ANGLE COLLISION - OTHER,ANGLE,STRAIGHT & LEVEL,DAYLIGHT,,,9/20/2021 12:03:29 PM,False,5618,Accepted,
28680110,0561500,UNIV. OF LOUISVILLE POLICE,Accepted,JEFFERSON,KY1020,,3RD,ST,S,US0060A,EASTERN,,,,,38.213760197,-85.762072272,9.878,9/18/2021 12:00:00 AM,1432,2,2,0,5,CLEAR,DRY,False,OPPOSING LEFT TURN,OPPOSING LEFT TURN,STRAIGHT & GRADE,DAYLIGHT,,,9/20/2021 12:03:57 PM,False,5700,Accepted,
28680122,0561500,UNIV. OF LOUISVILLE POLICE,Accepted,JEFFERSON,US0060A,,3RD,ST,S,,,US0060A,WINKLER,US0060A,EASTERN,38.211602399,-85.762743737,3.259,9/18/2021 12:00:00 AM,0010,2,2,0,0,CLEAR,DRY,False,REAR END IN TRAFFIC LANES BOTH VEHICLES MOVING,REAR END,STRAIGHT & GRADE,DARK-HWY LIGHTED/ON,,,9/20/2021 12:05:08 PM,False,5714,Accepted,
28691958,0568000,LOUISVILLE METRO POLICE DEPT,Accepted,JEFFERSON,,,JEFFERSON,ST,W,,23RD,,,,,38.257416826,-85.789102593,2.035,9/18/2021 12:00:00 AM,0314,2,2,0,3,CLEAR,DRY,False,HEAD-ON COLLISION,HEAD ON,STRAIGHT & LEVEL,DARK-HWY LIGHTED/ON,,,9/23/2021 8:11:59 AM,False,7311,Accepted,
28708806,0568000,LOUISVILLE METRO POLICE DEPT,Accepted,JEFFERSON,,,DIXIE,HWY,,,ST CATHERINE,,,,,38.240183179,-85.785649983,0.635,9/18/2021 12:00:00 AM,2333,2,2,1,0,CLEAR,DRY,True,ANGLE COLLISION - OTHER,ANGLE,STRAIGHT & LEVEL,DARK-HWY LIGHTED/ON,,,9/27/2021 8:48:10 AM,False,6886,Accepted,
28699396,0568000,LOUISVILLE METRO POLICE DEPT,Accepted,JEFFERSON,I 0264,,I264 E,,,,,,,,,38.190115442,-85.756676763,10.599,9/18/2021 12:00:00 AM,0745,2,2,0,0,CLOUDY,DRY,True,REAR END IN TRAFFIC LANES BOTH VEHICLES MOVING,REAR END,STRAIGHT & HILLCREST,DAWN,,,9/24/2021 8:12:25 AM,False,2745,Accepted,
28688745,0568000,LOUISVILLE METRO POLICE DEPT,Accepted,JEFFERSON,,,MOCKINGBIRD GARDENS,DR,,US0042,BROWNSBORO,,,,,38.264206190,-85.671984016,0.003,9/18/2021 12:00:00 AM,0115,2,2,0,2,CLEAR,DRY,False,ANGLE COLLISION - OTHER,ANGLE,STRAIGHT & GRADE,DARK-HWY LIGHTED/ON,,,9/22/2021 10:34:02 AM,False,2034,Accepted,
28691943,0568000,LOUISVILLE METRO POLICE DEPT,Accepted,JEFFERSON,,7214,YORKTOWN,CT,,,,,,,,38.139762744,-85.758214526,0.018,9/18/2021 12:00:00 AM,0025,3,3,0,0,CLEAR,DRY,True,COLLISION IN PARKING LOT,SIDESWIPE-SAME DIRECTION,STRAIGHT & LEVEL,DARK-HWY LIGHTED/ON,,,9/23/2021 8:10:34 AM,False,2905,Accepted,
28691982,0568000,LOUISVILLE METRO POLICE DEPT,Accepted,JEFFERSON,I 0065,,I65 S,,,,,,,,,38.149675330,-85.713735416,127.675,9/18/2021 12:00:00 AM,0810,2,2,0,0,FOG WITH RAIN,WATER (STANDING OR MOVING),False,SIDESWIPE COLLISION - OPPOSITE DIRECTION,SIDESWIPE-OPPOSITE DIRECTION,STRAIGHT & LEVEL,DAYLIGHT,,,9/23/2021 8:14:10 AM,False,7628,Accepted,
29526181,0568000,LOUISVILLE METRO POLICE DEPT,Accepted,JEFFERSON,US0031E,1250,BARDSTOWN,RD,,,,,LONGEST,,BEECHWOOD,38.235985936,-85.716572635,15.130,9/18/2021 12:00:00 AM,1201,2,2,0,0,CLEAR,DRY,False,REAR END IN TRAFFIC LANES BOTH VEHICLES MOVING,REAR END,STRAIGHT & LEVEL,DAYLIGHT,,,1/3/2022 7:42:40 AM,False,7129,Accepted,
29271401,0568000,LOUISVILLE METRO POLICE DEPT,Accepted,JEFFERSON,KY1020,,3RD,ST,S,,CENTRAL,,,,,38.205041836,-85.763952805,9.491,9/17/2021 12:00:00 AM,0837,2,2,0,0,CLEAR,DRY,False,OTHER INTERSECTION COLLISIONS,REAR END,STRAIGHT & LEVEL,DARK-HWY LIGHTED/ON,,,11/10/2021 8:03:20 AM,False,5373,Accepted,
28681401,0566400,HURSTBOURNE ACRES PD,Accepted,JEFFERSON,KY1747,,HURSTBOURNE,PKWY,S,,,,HURSTBOURNE,KY1747,KY1747 CROSSOVER,38.217199268,-85.588153834,11.223,9/17/2021 12:00:00 AM,1311,3,3,0,0,CLEAR,DRY,False,REAR END IN TRAFFIC LANES BOTH VEHICLES MOVING,REAR END,CURVE & LEVEL,DAYLIGHT,,,9/20/2021 4:30:54 PM,False,9210,Accepted,
28683809,0568000,LOUISVILLE METRO POLICE DEPT,Accepted,JEFFERSON,US0031W,,MARKET,ST,W,,6TH,,,,,38.255578495,-85.760109964,21.653,9/17/2021 12:00:00 AM,0632,2,2,0,0,CLEAR,DRY,False,ANGLE COLLISION - OTHER,ANGLE,STRAIGHT & LEVEL,DAWN,,,9/21/2021 8:22:11 AM,False,5318,Accepted,
28680105,0561500,UNIV. OF LOUISVILLE POLICE,Accepted,JEFFERSON,KY1020,2301,3RD,ST,S,,,,,,,38.215177493,-85.762190949,9.960,9/17/2021 12:00:00 AM,0948,2,2,0,1,CLEAR,DRY,False,REAR END IN TRAFFIC LANES BOTH VEHICLES MOVING,REAR END,STRAIGHT & LEVEL,DAYLIGHT,,,9/20/2021 12:03:18 PM,False,5650,Accepted,
28681743,0560400,SHIVELY POLICE DEPARTMENT,Accepted,JEFFERSON,,,CRUMS,LN,,,,US0031W,DIXIE,KY1931,MANSLICK,38.191198251,-85.806736812,0.094,9/17/2021 12:00:00 AM,1744,2,2,0,0,CLEAR,DRY,False,HEAD-ON COLLISION,HEAD ON,STRAIGHT & LEVEL,DAYLIGHT,,,9/20/2021 5:46:35 PM,False,7124,Accepted,
28678811,0568000,LOUISVILLE METRO POLICE DEPT,Accepted,JEFFERSON,I 0064,,I64 E,,,,,I 0064,I64 E EXIT3 OFF RAMP TO US31W,I 0064,I64 W EXIT1B RAMP TO I64 E,38.277160788,-85.798955560,1.639,9/17/2021 12:00:00 AM,2315,2,2,0,0,CLEAR,DRY,True,REAR END IN TRAFFIC LANES BOTH VEHICLES MOVING,REAR END,CURVE & HILLCREST,DARK-HWY LIGHTED/ON,,,9/20/2021 8:26:30 AM,False,5199,Accepted,
28678772,0568000,LOUISVILLE METRO POLICE DEPT,Accepted,JEFFERSON,,,CHAMBERLAIN,LN,,KY1447,WESTPORT,,,,,38.299509494,-85.541779144,2.109,9/17/2021 12:00:00 AM,2341,3,3,0,0,CLEAR,DRY,True,OTHER INTERSECTION COLLISIONS,REAR END,STRAIGHT & LEVEL,DARK (UNKNOWN ROADWAY LIGHTING),,,9/20/2021 8:23:21 AM,False,5155,Accepted,
28678746,0568000,LOUISVILLE METRO POLICE DEPT,Accepted,JEFFERSON,,,SPEED,AVE,,,,,,,,38.228549137,-85.701235410,0.644,9/17/2021 12:00:00 AM,1500,2,2,0,0,CLEAR,DRY,False,1 VEHICLE ENTERING/LEAVING ENTRANCE,ANGLE,STRAIGHT & GRADE,DAYLIGHT,,,9/20/2021 8:21:36 AM,False,7673,Accepted,
28678747,0568000,LOUISVILLE METRO POLICE DEPT,Accepted,JEFFERSON,,,GILMORE,LN,,,,,,,,38.176694604,-85.709632272,0.225,9/17/2021 12:00:00 AM,0718,3,3,0,1,CLEAR,DRY,True,REAR END IN TRAFFIC LANES BOTH VEHICLES MOVING,REAR END,STRAIGHT & LEVEL,DAYLIGHT,,,9/20/2021 8:21:40 AM,False,4693,Accepted,
28678754,0568000,LOUISVILLE METRO POLICE DEPT,Accepted,JEFFERSON,,3015,WILSON,AVE,,,,,,,,38.226870693,-85.806978349,1.966,9/17/2021 12:00:00 AM,1323,2,2,0,0,CLEAR,DRY,True,SIDESWIPE COLLISION - SAME DIRECTION,SIDESWIPE-SAME DIRECTION,STRAIGHT & LEVEL,DAYLIGHT,,,9/20/2021 8:22:10 AM,False,7656,Accepted,
28678784,0568000,LOUISVILLE METRO POLICE DEPT,Accepted,JEFFERSON,KY2054,,ALGONQUIN,PKWY,,,CYPRESS,,,,,38.223718421,-85.800173910,1.219,9/17/2021 12:00:00 AM,1236,2,2,0,3,CLEAR,DRY,False,ANGLE COLLISION - OTHER,ANGLE,STRAIGHT & LEVEL,DAYLIGHT,,,9/20/2021 8:24:30 AM,False,7656,Accepted,
28678744,0568000,LOUISVILLE METRO POLICE DEPT,Accepted,JEFFERSON,,4400,HAZELWOOD,AVE,,,,,,,,38.177832529,-85.789949708,0.672,9/17/2021 12:00:00 AM,0749,1,1,0,1,CLEAR,DRY,False,COLLISION WITH FIXED OBJECT NON - INTERSECTION - FIRST EVENT COLLISION 09 - 32 EXCLUDING 16,SINGLE VEHICLE,STRAIGHT & LEVEL,DAYLIGHT,,,9/20/2021 8:21:24 AM,False,5378,Accepted,
28678745,0568000,LOUISVILLE METRO POLICE DEPT,Accepted,JEFFERSON,I 0264,,I264 W,,,,,I 0065,I264 W EXIT11 TRANSIT,I 0264,I264 W EXIT11 ON RAMP FROM  CRITTENDEN DR,38.190136253,-85.754800475,10.782,9/17/2021 12:00:00 AM,1716,4,4,0,0,CLEAR,DRY,False,REAR END IN TRAFFIC LANES BOTH VEHICLES MOVING,REAR END,STRAIGHT & LEVEL,DAYLIGHT,,,9/20/2021 8:21:32 AM,False,5378,Accepted,
28678722,0568000,LOUISVILLE METRO POLICE DEPT,Accepted,JEFFERSON,,,BROOK,ST,S,,ST CATHERINE,,,,,38.236693958,-85.753270633,2.231,9/17/2021 12:00:00 AM,1839,2,2,0,0,CLEAR,DRY,False,ANGLE COLLISION - OTHER,ANGLE,STRAIGHT & LEVEL,DUSK,,,9/20/2021 8:19:38 AM,False,5175,Accepted,
28678765,0568000,LOUISVILLE METRO POLICE DEPT,Accepted,JEFFERSON,,,MAIN,ST,W,,35TH,,,,,38.262330899,-85.808207227,1.010,9/17/2021 12:00:00 AM,1600,2,2,0,1,CLEAR,DRY,False,COLLISION WITH PARKED VEHICLE,REAR END,STRAIGHT & LEVEL,DAYLIGHT,,,9/20/2021 8:22:54 AM,False,5282,Accepted,