IncidentID,AgencyORI,AgencyName,IncidentStatusDesc,County,RdwyNumber,Street,RoadwayName,StreetSfx,StreetDir,IntersectionRdwy,IntersectionRdwyName,BetweenStRdwy1,BetweenStRdwyName1,BetweenStRdwy2,BetweenStRdwyName2,Latitude,Longitude,Milepoint,CollisionDate,CollisionTime,UnitsInvolved,MotorVehiclesInvolved,NumberKilled,NumberInjured,Weather,RdwyConditionCode,HitandRun,DirAnalysisCode,MannerofCollision,RdwyCharacter,LightCondition,RampFromRdwyId,RampToRdwyId,AcceptedDate,IsSecondaryCollision,OwnerBadge,IncidentStatus,
28656764,0568000,LOUISVILLE METRO POLICE DEPT,Accepted,JEFFERSON,,,LOWER HUNTERS,TRCE,,,UPPER HUNTERS,,,,,38.157828024,-85.847686181,0.727,9/13/2021 12:00:00 AM,0820,3,3,0,0,CLEAR,DRY,False,OTHER INTERSECTION COLLISIONS,REAR END,STRAIGHT & GRADE,DAYLIGHT,,,9/14/2021 8:08:43 AM,False,7817,Accepted,
28656765,0568000,LOUISVILLE METRO POLICE DEPT,Accepted,JEFFERSON,KY1931,,MANSLICK,RD,,KY1142,PALATKA,,,,,38.155398857,-85.801940715,5.486,9/13/2021 12:00:00 AM,0938,3,3,0,1,CLEAR,DRY,False,OPPOSING LEFT TURN,OPPOSING LEFT TURN,CURVE & GRADE,DAYLIGHT,,,9/14/2021 8:08:48 AM,False,7817,Accepted,
28656772,0568000,LOUISVILLE METRO POLICE DEPT,Accepted,JEFFERSON,,,LEXINGTON,RD,,,,,ETLEY,,BEARGRASS,38.245516311,-85.704151116,1.775,9/13/2021 12:00:00 AM,0849,2,2,0,0,CLEAR,DRY,False,SIDESWIPE COLLISION - SAME DIRECTION,SIDESWIPE-SAME DIRECTION,STRAIGHT & LEVEL,DAYLIGHT,,,9/14/2021 8:09:13 AM,False,5006,Accepted,
28656774,0568000,LOUISVILLE METRO POLICE DEPT,Accepted,JEFFERSON,US0031E,,BARDSTOWN,RD,,,DEERWOOD,,,,,38.229543556,-85.702726914,14.237,9/13/2021 12:00:00 AM,2126,3,3,0,0,CLEAR,DRY,False,OTHER INTERSECTION COLLISIONS,REAR END,STRAIGHT & LEVEL,DARK-HWY LIGHTED/ON,,,9/14/2021 8:09:18 AM,True,5296,Accepted,
28656775,0568000,LOUISVILLE METRO POLICE DEPT,Accepted,JEFFERSON,,8316,OLD HEADY,RD,,,,,,,,38.128099767,-85.433897352,4.063,9/13/2021 12:00:00 AM,2316,1,1,0,0,CLEAR,DRY,False,COLLISION WITH FIXED OBJECT NON - INTERSECTION - FIRST EVENT COLLISION 09 - 32 EXCLUDING 16,SINGLE VEHICLE,STRAIGHT & HILLCREST,DARK-HWY NOT LIGHTED,,,9/14/2021 8:09:23 AM,False,7735,Accepted,
28656781,0568000,LOUISVILLE METRO POLICE DEPT,Accepted,JEFFERSON,,,3RD,ST,S,,KENWOOD,,,,,38.178855323,-85.766802150,1.505,9/13/2021 12:00:00 AM,2230,3,3,0,1,CLEAR,DRY,False,ANGLE COLLISION - OTHER,ANGLE,STRAIGHT & LEVEL,DARK (UNKNOWN ROADWAY LIGHTING),,,9/14/2021 8:09:35 AM,False,5342,Accepted,
28656783,0568000,LOUISVILLE METRO POLICE DEPT,Accepted,JEFFERSON,I 0264,,I264 E,,,I 0264,I264 E EXIT8 ON RAMP FROM US31W N,,,,,38.185835853,-85.804026553,7.975,9/13/2021 12:00:00 AM,2232,2,2,0,0,CLEAR,DRY,True,SIDESWIPE-SAME DIRECTION,SIDESWIPE-SAME DIRECTION,CURVE & LEVEL,DARK-HWY LIGHTED/ON,,,9/14/2021 8:09:40 AM,False,5239,Accepted,
28656786,0568000,LOUISVILLE METRO POLICE DEPT,Accepted,JEFFERSON,US0150,,BROADWAY,,E,,BROOK,,,,,38.245606970,-85.751710349,2.729,9/13/2021 12:00:00 AM,2135,2,2,0,0,CLEAR,DRY,True,OTHER INTERSECTION COLLISIONS,REAR END,STRAIGHT & LEVEL,DARK-HWY LIGHTED/ON,,,9/14/2021 8:09:44 AM,False,5135,Accepted,
28652633,0568000,LOUISVILLE METRO POLICE DEPT,Accepted,JEFFERSON,KY0864,,POPLAR LEVEL,RD,,KY1747,FERN VALLEY,,,,,38.157694673,-85.645821814,6.599,9/13/2021 12:00:00 AM,0425,2,2,0,0,CLEAR,DRY,False,SIDESWIPE-SAME DIRECTION,SIDESWIPE-SAME DIRECTION,STRAIGHT & LEVEL,DARK (UNKNOWN ROADWAY LIGHTING),,,9/13/2021 8:31:08 AM,False,5101,Accepted,
28656745,0568000,LOUISVILLE METRO POLICE DEPT,Accepted,JEFFERSON,I 0065,,,,,,,,,,,38.258622977,-85.738661631,0.005,9/13/2021 12:00:00 AM,1026,1,1,0,1,CLEAR,DRY,False,OTHER RAMP RELATED COLLISIONS NOT LISTED ABOVE,SINGLE VEHICLE,CURVE & HILLCREST,DAYLIGHT,I 0065,I 0071,9/14/2021 8:07:24 AM,False,4903,Accepted,
28656754,0568000,LOUISVILLE METRO POLICE DEPT,Accepted,JEFFERSON,,,1ST,ST,S,US0150,BROADWAY,,,,,38.245714804,-85.753379123,0.722,9/13/2021 12:00:00 AM,1108,2,2,0,1,CLEAR,DRY,False,ANGLE COLLISION - OTHER,ANGLE,STRAIGHT & LEVEL,DAYLIGHT,,,9/14/2021 8:07:48 AM,False,7823,Accepted,
28656759,0568000,LOUISVILLE METRO POLICE DEPT,Accepted,JEFFERSON,US0031W,7528,DIXIE,HWY,,,,,,,,38.141336279,-85.840743176,11.504,9/13/2021 12:00:00 AM,1425,2,2,0,0,CLEAR,DRY,False,REAR END IN TRAFFIC LANES BOTH VEHICLES MOVING,REAR END,STRAIGHT & LEVEL,DAYLIGHT,,,9/14/2021 8:08:14 AM,False,5340,Accepted,
28656760,0568000,LOUISVILLE METRO POLICE DEPT,Accepted,JEFFERSON,,227,HILLCREST,AVE,,,FIELD,,,,,38.258130901,-85.684751927,0.247,9/13/2021 12:00:00 AM,1501,2,2,0,0,CLEAR,DRY,False,ANGLE COLLISION - OTHER,ANGLE,STRAIGHT & LEVEL,DAYLIGHT,,,9/14/2021 8:08:19 AM,False,7023,Accepted,
28656761,0568000,LOUISVILLE METRO POLICE DEPT,Accepted,JEFFERSON,KY0061,5117,PRESTON,HWY,,,,,,,,38.173284340,-85.711288453,6.751,9/13/2021 12:00:00 AM,1247,2,2,0,3,CLEAR,DRY,True,OTHER ROADWAY OR MID-BLOCK COLLISION,OPPOSING LEFT TURN,STRAIGHT & LEVEL,DAYLIGHT,,,9/14/2021 8:08:24 AM,False,7451,Accepted,
28656768,0568000,LOUISVILLE METRO POLICE DEPT,Accepted,JEFFERSON,,,NANCY,LN,,,BELMONT,,,,,38.139776675,-85.851242085,0.292,9/13/2021 12:00:00 AM,1800,2,2,0,0,CLEAR,DRY,False,HEAD-ON COLLISION,HEAD ON,STRAIGHT & LEVEL,DAYLIGHT,,,9/14/2021 8:09:03 AM,False,5340,Accepted,
28656770,0568000,LOUISVILLE METRO POLICE DEPT,Accepted,JEFFERSON,KY1065,1001,OUTER,LOOP,,,,,,,,38.126675344,-85.781515880,0.730,9/13/2021 12:00:00 AM,1336,2,2,0,0,CLEAR,DRY,True,SIDESWIPE COLLISION - SAME DIRECTION,SIDESWIPE-SAME DIRECTION,STRAIGHT & LEVEL,DAYLIGHT,,,9/14/2021 8:09:06 AM,False,7234,Accepted,
28656779,0568000,LOUISVILLE METRO POLICE DEPT,Accepted,JEFFERSON,KY1447,,WESTPORT,RD,,,COLLINS,,,,,38.304296928,-85.524354940,8.022,9/13/2021 12:00:00 AM,2229,3,3,0,0,CLEAR,DRY,False,OTHER INTERSECTION COLLISIONS,REAR TO REAR,STRAIGHT & LEVEL,DARK-HWY LIGHTED/OFF,,,9/14/2021 8:09:32 AM,False,5155,Accepted,
28656771,0568000,LOUISVILLE METRO POLICE DEPT,Accepted,JEFFERSON,KY1931,,GREENWOOD,RD,,KY1934,GREENBELT,,,,,38.147003528,-85.886462025,0.527,9/13/2021 12:00:00 AM,1622,2,2,0,1,CLEAR,DRY,True,ANGLE COLLISION - OTHER,ANGLE,STRAIGHT & LEVEL,DAYLIGHT,,,9/14/2021 8:09:09 AM,False,7234,Accepted,
28661101,0568000,LOUISVILLE METRO POLICE DEPT,Accepted,JEFFERSON,,,DIXIE,HWY,,,BERNHEIM,,,,,38.221333716,-85.793148083,1.988,9/13/2021 12:00:00 AM,1750,1,1,0,1,CLEAR,DRY,False,COLLISION WITH FIXED OBJECT IN INTERSECTION - FIRST EVENT COLLISION 09 - 32,SINGLE VEHICLE,STRAIGHT & LEVEL,DUSK,,,9/15/2021 8:28:35 AM,False,5327,Accepted,
28661102,0568000,LOUISVILLE METRO POLICE DEPT,Accepted,JEFFERSON,,2205,GRAND,AVE,,,,,,,,38.240354683,-85.790387101,0.202,9/13/2021 12:00:00 AM,1347,2,2,0,0,CLEAR,DRY,False,1 VEHICLE PARKED POSITION (NOT PARKING LOT/DRIVEWAY),SIDESWIPE-OPPOSITE DIRECTION,STRAIGHT & LEVEL,DAYLIGHT,,,9/15/2021 8:28:40 AM,False,5273,Accepted,
28661103,0568000,LOUISVILLE METRO POLICE DEPT,Accepted,JEFFERSON,,,JEFFERSON,ST,W,KY1020,2ND,,,,,38.253526918,-85.753927603,0.096,9/13/2021 12:00:00 AM,2015,2,2,0,0,CLEAR,DRY,False,ANGLE COLLISION - OTHER,ANGLE,STRAIGHT & LEVEL,DARK-HWY LIGHTED/ON,,,9/15/2021 8:28:44 AM,False,5354,Accepted,
28661089,0568000,LOUISVILLE METRO POLICE DEPT,Accepted,JEFFERSON,I 0065,,I65 S,,,,,,,,,38.248765822,-85.752220492,135.467,9/13/2021 12:00:00 AM,1408,1,1,0,0,CLEAR,DRY,False,COLLISION WITH FIXED OBJECT NON - INTERSECTION - FIRST EVENT COLLISION 09 - 32 EXCLUDING 16,SINGLE VEHICLE,CURVE & LEVEL,DAYLIGHT,,,9/15/2021 8:27:52 AM,False,8278,Accepted,
28661091,0568000,LOUISVILLE METRO POLICE DEPT,Accepted,JEFFERSON,KY1865,,NEW CUT,RD,,,,,,,,38.126745662,-85.776050878,1.289,9/13/2021 12:00:00 AM,1053,2,2,0,1,CLEAR,DRY,False,1 VEHICLE ENTERING/LEAVING ENTRANCE,ANGLE,STRAIGHT & GRADE,DAYLIGHT,,,9/15/2021 8:27:59 AM,False,7221,Accepted,
28661106,0568000,LOUISVILLE METRO POLICE DEPT,Accepted,JEFFERSON,,,CREEL,AVE,,,4TH,,,,,38.212932722,-85.764193064,0.405,9/13/2021 12:00:00 AM,2031,1,1,0,0,CLEAR,DRY,False,COLLISION WITH FIXED OBJECT IN INTERSECTION - FIRST EVENT COLLISION 09 - 32,SINGLE VEHICLE,STRAIGHT & LEVEL,DARK-HWY NOT LIGHTED,,,9/15/2021 8:28:56 AM,False,5316,Accepted,
28665213,0568000,LOUISVILLE METRO POLICE DEPT,Accepted,JEFFERSON,I 0065,,I65 N,,,,,,,,,38.162995471,-85.720592224,128.680,9/13/2021 12:00:00 AM,0629,2,2,0,1,CLOUDY,DRY,False,OTHER ROADWAY OR MID-BLOCK COLLISION,REAR END,CURVE & LEVEL,DARK-HWY NOT LIGHTED,,,9/16/2021 8:00:26 AM,False,7772,Accepted,
28652635,0568000,LOUISVILLE METRO POLICE DEPT,Accepted,JEFFERSON,,443,KENTUCKY,ST,E,,,,,,,38.237682312,-85.748044658,0.363,9/13/2021 12:00:00 AM,0042,1,1,0,0,CLEAR,DRY,True,OTHER COLLISIONS ON SHOULDER,SINGLE VEHICLE,,DARK-HWY NOT LIGHTED,,,9/13/2021 8:31:20 AM,False,5304,Accepted,
28656755,0568000,LOUISVILLE METRO POLICE DEPT,Accepted,JEFFERSON,I 0065,,I65 N,,,I 0065,I65 N EXIT128 ON RAMP FROM KY1631,,,,,38.161320434,-85.720307051,128.563,9/13/2021 12:00:00 AM,1030,2,2,0,0,CLEAR,DRY,False,COLLISION WITH PARKED VEHICLE,REAR END,STRAIGHT & LEVEL,DAYLIGHT,,,9/14/2021 8:07:52 AM,False,7720,Accepted,
28656757,0568000,LOUISVILLE METRO POLICE DEPT,Accepted,JEFFERSON,I 0265,,I265 E,,,,,,,,,38.198523008,-85.507790120,23.804,9/13/2021 12:00:00 AM,0735,2,2,0,1,CLEAR,DRY,False,1 VEHICLE ENTERING/LEAVING ENTRANCE,ANGLE,STRAIGHT & LEVEL,DAYLIGHT,,,9/14/2021 8:08:03 AM,False,4693,Accepted,
28652632,0568000,LOUISVILLE METRO POLICE DEPT,Accepted,JEFFERSON,I 0265,,I265 E,,,,,,,,,38.113046622,-85.666768826,12.226,9/13/2021 12:00:00 AM,0400,1,1,0,0,CLEAR,DRY,False,OTHER ROADWAY OR MID-BLOCK COLLISION,SINGLE VEHICLE,STRAIGHT & LEVEL,DARK-HWY LIGHTED/ON,,,9/13/2021 8:30:58 AM,False,5198,Accepted,
28806760,0568000,LOUISVILLE METRO POLICE DEPT,Accepted,JEFFERSON,US0060,,SHELBYVILLE,RD,,,,,,,,38.248129169,-85.598101152,6.701,9/13/2021 12:00:00 AM,1940,1,1,0,0,CLEAR,DRY,False,COLLISION WITH FIXED OBJECT NON - INTERSECTION - FIRST EVENT COLLISION 09 - 32 EXCLUDING 16,SINGLE VEHICLE,STRAIGHT & LEVEL,DUSK,,,10/8/2021 8:13:49 AM,False,6777,Accepted,
28915924,0568000,LOUISVILLE METRO POLICE DEPT,Accepted,JEFFERSON,,,ADAMS,ST,,,QUINCY,,,,,38.258689954,-85.726050486,0.111,9/13/2021 12:00:00 AM,1004,2,2,0,0,CLEAR,DRY,False,SIDESWIPE-SAME DIRECTION,SIDESWIPE-SAME DIRECTION,STRAIGHT & GRADE,DAYLIGHT,,,10/18/2021 8:30:42 AM,False,7216,Accepted,
28652639,0568000,LOUISVILLE METRO POLICE DEPT,Accepted,JEFFERSON,KY1020,,3RD,ST,S,,,,,,,38.208795054,-85.763245906,9.767,9/12/2021 12:00:00 AM,0301,3,3,0,0,CLEAR,DRY,True,1 VEHICLE PARKED POSITION (NOT PARKING LOT/DRIVEWAY),REAR END,STRAIGHT & LEVEL,DARK (UNKNOWN ROADWAY LIGHTING),,,9/13/2021 8:32:00 AM,False,5302,Accepted,
28652626,0568000,LOUISVILLE METRO POLICE DEPT,Accepted,JEFFERSON,,,4TH,ST,S,,JEFFERSON,,,,,38.253869323,-85.757003836,0.192,9/12/2021 12:00:00 AM,0045,2,2,0,2,CLEAR,DRY,False,ANGLE COLLISION - OTHER,ANGLE,STRAIGHT & LEVEL,DARK-HWY LIGHTED/ON,,,9/13/2021 8:30:31 AM,False,5295,Accepted,
28652599,0568000,LOUISVILLE METRO POLICE DEPT,Accepted,JEFFERSON,US0060A,,EASTERN,PKWY,,,VALLEY,,,,,38.227712737,-85.718149251,6.262,9/12/2021 12:00:00 AM,1155,2,2,0,0,CLEAR,DRY,False,ANGLE COLLISION - OTHER,ANGLE,STRAIGHT & GRADE,DAYLIGHT,,,9/13/2021 8:28:35 AM,False,5020,Accepted,
28652615,0568000,LOUISVILLE METRO POLICE DEPT,Accepted,JEFFERSON,I 0065,,,,,,,,,,,38.190972508,-85.726261201,0.201,9/12/2021 12:00:00 AM,1714,2,2,0,0,CLEAR,DRY,False,OTHER RAMP RELATED COLLISIONS NOT LISTED ABOVE,REAR END,STRAIGHT & LEVEL,DAYLIGHT,I 0065,I 0065,9/13/2021 8:29:50 AM,False,7251,Accepted,
28652616,0568000,LOUISVILLE METRO POLICE DEPT,Accepted,JEFFERSON,KY0864,,GOSS,AVE,,,,,BOYLE,KY0864,LOGAN,38.229457843,-85.738970497,14.323,9/12/2021 12:00:00 AM,1624,3,3,0,0,CLEAR,DRY,False,1 VEHICLE PARKED POSITION (NOT PARKING LOT/DRIVEWAY),REAR END,CURVE & LEVEL,DAYLIGHT,,,9/13/2021 8:29:53 AM,False,5120,Accepted,
28652631,0568000,LOUISVILLE METRO POLICE DEPT,Accepted,JEFFERSON,KY3064,,PORTLAND,AVE,,US0150,22ND,,,,,38.268720102,-85.783385982,0.052,9/12/2021 12:00:00 AM,2025,2,2,0,0,CLEAR,DRY,False,OTHER INTERSECTION COLLISIONS,REAR END,STRAIGHT & GRADE,DUSK,,,9/13/2021 8:30:52 AM,False,5374,Accepted,
28652590,0568000,LOUISVILLE METRO POLICE DEPT,Accepted,JEFFERSON,US0031E,,BARDSTOWN,RD,,,,,,,,38.143554080,-85.584246828,5.079,9/12/2021 12:00:00 AM,0159,2,2,0,0,CLEAR,DRY,False,1 VEHICLE ENTERING/LEAVING ENTRANCE,ANGLE,STRAIGHT & LEVEL,DARK-HWY LIGHTED/ON,,,9/13/2021 8:27:59 AM,False,5169,Accepted,
28652591,0568000,LOUISVILLE METRO POLICE DEPT,Accepted,JEFFERSON,KY2251,,BARDSTOWN,RD,,,BRADFORD,,,,,38.195713748,-85.653893955,0.655,9/12/2021 12:00:00 AM,0144,2,2,0,1,CLEAR,DRY,False,HEAD-ON COLLISION,HEAD ON,STRAIGHT & LEVEL,DARK-HWY LIGHTED/ON,,,9/13/2021 8:28:03 AM,False,5239,Accepted,
28652592,0568000,LOUISVILLE METRO POLICE DEPT,Accepted,JEFFERSON,,,22ND,ST,S,US0031W,BERNHEIM,,,,,38.221928078,-85.795413818,0.001,9/12/2021 12:00:00 AM,0347,1,1,0,1,CLEAR,DRY,False,COLLISION WITH FIXED OBJECT IN INTERSECTION - FIRST EVENT COLLISION 09 - 32,SINGLE VEHICLE,CURVE & LEVEL,DARK-HWY LIGHTED/ON,,,9/13/2021 8:28:08 AM,False,5309,Accepted,
28652606,0568000,LOUISVILLE METRO POLICE DEPT,Accepted,JEFFERSON,I 0064,,I64 W,,,,,,,,,38.259050894,-85.750171154,4.709,9/12/2021 12:00:00 AM,1643,2,2,0,0,CLEAR,DRY,False,SIDESWIPE COLLISION - SAME DIRECTION,SIDESWIPE-SAME DIRECTION,STRAIGHT & LEVEL,DAYLIGHT,,,9/13/2021 8:28:59 AM,False,7937,Accepted,
28652607,0568000,LOUISVILLE METRO POLICE DEPT,Accepted,JEFFERSON,KY2053,6100,MT WASHINGTON,RD,,,,,,,,38.090573262,-85.652115048,0.902,9/12/2021 12:00:00 AM,1656,2,2,0,0,CLEAR,DRY,False,REAR END IN TRAFFIC LANES BOTH VEHICLES MOVING,REAR END,STRAIGHT & LEVEL,DAYLIGHT,,,9/13/2021 8:29:02 AM,False,7799,Accepted,
28652614,0568000,LOUISVILLE METRO POLICE DEPT,Accepted,JEFFERSON,US0031W,,DIXIE,HWY,,,PENDLETON,,,,,38.062309233,-85.886565629,5.294,9/12/2021 12:00:00 AM,1230,2,2,0,2,CLEAR,DRY,True,ANGLE COLLISION - OTHER,ANGLE,STRAIGHT & LEVEL,DAYLIGHT,,,9/13/2021 8:29:45 AM,False,7336,Accepted,
28652621,0568000,LOUISVILLE METRO POLICE DEPT,Accepted,JEFFERSON,I 0065,,I65 N,,,,,,,,,38.167863371,-85.720676542,129.016,9/12/2021 12:00:00 AM,1000,2,2,0,0,CLEAR,DRY,False,1 VEHICLE PARKED POSITION (NOT PARKING LOT/DRIVEWAY),SIDESWIPE-SAME DIRECTION,STRAIGHT & LEVEL,DAYLIGHT,,,9/13/2021 8:30:21 AM,False,7442,Accepted,
28652629,0568000,LOUISVILLE METRO POLICE DEPT,Accepted,JEFFERSON,,8206,SHEPHERDSVILLE,RD,,,,,,,,38.129739789,-85.661464579,0.685,9/12/2021 12:00:00 AM,1840,1,1,0,0,CLEAR,DRY,False,COLLISION WITH FIXED OBJECT NON - INTERSECTION - FIRST EVENT COLLISION 09 - 32 EXCLUDING 16,SINGLE VEHICLE,STRAIGHT & HILLCREST,DAYLIGHT,,,9/13/2021 8:30:41 AM,False,5115,Accepted,
28652636,0568000,LOUISVILLE METRO POLICE DEPT,Accepted,JEFFERSON,,6604,OAK VALLEY,DR,,,,,,,,38.156655866,-85.820092979,0.541,9/12/2021 12:00:00 AM,0125,2,2,0,0,CLEAR,DRY,True,1 VEHICLE ENTERING/LEAVING ENTRANCE,ANGLE,STRAIGHT & LEVEL,DARK-HWY NOT LIGHTED,,,9/13/2021 8:31:49 AM,False,5170,Accepted,
28652584,0568000,LOUISVILLE METRO POLICE DEPT,Accepted,JEFFERSON,KY2053,6712,MT WASHINGTON,RD,,,,,,,,38.092043787,-85.661499066,0.414,9/12/2021 12:00:00 AM,0145,1,1,0,1,CLEAR,DRY,False,RAN OFF ROADWAY (1 VEHICLE WITH/EARTH EMBANKMENT/DITCH),SINGLE VEHICLE,CURVE & LEVEL,DARK-HWY NOT LIGHTED,,,9/13/2021 8:27:30 AM,False,5198,Accepted,
28652601,0568000,LOUISVILLE METRO POLICE DEPT,Accepted,JEFFERSON,KY0146,,LA GRANGE,RD,,,SPRINGS STATION,,,,,38.292047094,-85.510158143,7.790,9/12/2021 12:00:00 AM,1311,2,2,0,0,CLEAR,FLOODED,False,OTHER INTERSECTION COLLISIONS,REAR END,STRAIGHT & LEVEL,DAYLIGHT,,,9/13/2021 8:28:43 AM,False,2109,Accepted,
28652617,0568000,LOUISVILLE METRO POLICE DEPT,Accepted,JEFFERSON,KY1703,,NEWBURG,RD,,,GARDINER,,,,,38.198910132,-85.683487024,1.887,9/12/2021 12:00:00 AM,1652,2,2,0,1,CLEAR,DRY,False,OPPOSING LEFT TURN,OPPOSING LEFT TURN,STRAIGHT & LEVEL,DAYLIGHT,,,9/13/2021 8:29:57 AM,False,5233,Accepted,
28652620,0568000,LOUISVILLE METRO POLICE DEPT,Accepted,JEFFERSON,,,ST CATHERINE,ST,W,,,,,,,38.237234023,-85.758214943,0.181,9/12/2021 12:00:00 AM,0114,3,3,0,0,CLEAR,DRY,False,1 VEHICLE ENTERING/LEAVING ENTRANCE,ANGLE,STRAIGHT & LEVEL,DARK (UNKNOWN ROADWAY LIGHTING),,,9/13/2021 8:30:07 AM,True,5213,Accepted,
28652628,0568000,LOUISVILLE METRO POLICE DEPT,Accepted,JEFFERSON,,7301,CARDINAL HILL,RD,,,,,,,,38.151929858,-85.800131167,0.210,9/12/2021 12:00:00 AM,2135,1,1,0,0,CLEAR,DRY,False,COLLISION WITH FIXED OBJECT NON - INTERSECTION - FIRST EVENT COLLISION 09 - 32 EXCLUDING 16,SINGLE VEHICLE,STRAIGHT & HILLCREST,DARK-HWY LIGHTED/ON,,,9/13/2021 8:30:37 AM,False,7115,Accepted,
28652595,0568000,LOUISVILLE METRO POLICE DEPT,Accepted,JEFFERSON,US0060,,SHELBYVILLE,RD,,,WHIPPS MILL,,,,,38.248544210,-85.602911228,6.435,9/12/2021 12:00:00 AM,0724,2,2,0,0,CLEAR,DRY,False,ANGLE COLLISION - ONE VEHICLE TURNING LEFT,ANGLE,STRAIGHT & LEVEL,DAYLIGHT,,,9/13/2021 8:28:17 AM,False,5102,Accepted,
28652604,0568000,LOUISVILLE METRO POLICE DEPT,Accepted,JEFFERSON,US0031E,,BARDSTOWN,RD,,,,,,,,38.147026905,-85.585931656,5.329,9/12/2021 12:00:00 AM,1423,2,2,0,0,CLEAR,DRY,False,COLLISION IN PARKING LOT,SIDESWIPE-SAME DIRECTION,STRAIGHT & LEVEL,DAYLIGHT,,,9/13/2021 8:28:55 AM,False,7755,Accepted,
28652610,0568000,LOUISVILLE METRO POLICE DEPT,Accepted,JEFFERSON,KY0864,,POPLAR LEVEL,RD,,,PRODUCE,,,,,38.179237108,-85.692245815,9.911,9/12/2021 12:00:00 AM,1037,2,2,0,3,CLEAR,DRY,False,ANGLE COLLISION - OTHER,ANGLE,STRAIGHT & LEVEL,DAYLIGHT,,,9/13/2021 8:29:25 AM,False,7341,Accepted,
28652611,0568000,LOUISVILLE METRO POLICE DEPT,Accepted,JEFFERSON,I 0065,,I65 N,,,I 0065,I65 N EXIT128 ON RAMP FROM KY1631,,,,,38.161297724,-85.720300611,128.562,9/12/2021 12:00:00 AM,1344,3,3,0,0,CLEAR,DRY,False,ANGLE COLLISION - OTHER,ANGLE,CURVE & LEVEL,DAYLIGHT,,,9/13/2021 8:29:32 AM,False,7341,Accepted,
28652612,0568000,LOUISVILLE METRO POLICE DEPT,Accepted,JEFFERSON,,900,GRADE,LN,,,,,,,,38.158924546,-85.730641771,1.963,9/12/2021 12:00:00 AM,1611,2,2,0,0,CLEAR,DRY,False,COLLISION IN PARKING LOT,BACKING,STRAIGHT & LEVEL,DAYLIGHT,,,9/13/2021 8:29:38 AM,False,7341,Accepted,
28652618,0568000,LOUISVILLE METRO POLICE DEPT,Accepted,JEFFERSON,KY1865,,NEW CUT,RD,,,,,,,,38.133558024,-85.772481385,1.816,9/12/2021 12:00:00 AM,1615,4,4,0,2,CLEAR,DRY,False,1 VEHICLE ENTERING/LEAVING ENTRANCE,ANGLE,CURVE & HILLCREST,DAYLIGHT,,,9/13/2021 8:30:00 AM,False,5371,Accepted,
28652613,0568000,LOUISVILLE METRO POLICE DEPT,Accepted,JEFFERSON,KY0061,,PRESTON,HWY,,,GILMORE,,,,,38.174238187,-85.712335719,6.843,9/12/2021 12:00:00 AM,1735,2,2,0,0,CLEAR,DRY,True,OTHER INTERSECTION COLLISIONS,REAR END,STRAIGHT & LEVEL,DAYLIGHT,,,9/13/2021 8:29:42 AM,False,7341,Accepted,
28665220,0568000,LOUISVILLE METRO POLICE DEPT,Accepted,JEFFERSON,US0031W,,DIXIE,HWY,,,,,,,,38.168584785,-85.828566130,13.268,9/12/2021 12:00:00 AM,1221,2,2,0,0,CLEAR,DRY,False,SIDESWIPE COLLISION - SAME DIRECTION,SIDESWIPE-SAME DIRECTION,STRAIGHT & LEVEL,DAYLIGHT,,,9/16/2021 8:01:59 AM,False,7244,Accepted,
28652638,0568000,LOUISVILLE METRO POLICE DEPT,Accepted,JEFFERSON,US0031E,,BUECHEL,BYP,,KY2052,HIKES,,,,,38.199256948,-85.661517439,11.049,9/12/2021 12:00:00 AM,1858,2,2,0,1,CLEAR,DRY,False,ANGLE COLLISION - OTHER,ANGLE,STRAIGHT & LEVEL,DAYLIGHT,,,9/13/2021 8:31:56 AM,False,5363,Accepted,
28661118,0568000,LOUISVILLE METRO POLICE DEPT,Accepted,JEFFERSON,KY1934,,CANE RUN,RD,,,NEW LYNNVIEW,,,,,38.188742134,-85.850891085,8.142,9/12/2021 12:00:00 AM,1847,2,2,0,2,CLEAR,DRY,False,OPPOSING LEFT TURN,OPPOSING LEFT TURN,STRAIGHT & LEVEL,DAYLIGHT,,,9/15/2021 8:30:32 AM,False,5208,Accepted,
28656753,0568000,LOUISVILLE METRO POLICE DEPT,Accepted,JEFFERSON,I 0264,,I264 E,,,I 0064,I64 E,,,,,38.237448978,-85.623321473,18.881,9/12/2021 12:00:00 AM,2034,2,2,0,1,CLEAR,DRY,True,SIDESWIPE-SAME DIRECTION,SIDESWIPE-SAME DIRECTION,STRAIGHT & LEVEL,DARK-HWY LIGHTED/ON,,,9/14/2021 8:07:43 AM,False,7633,Accepted,
28652640,0568000,LOUISVILLE METRO POLICE DEPT,Accepted,JEFFERSON,,152,WELLINGTON,AVE,E,,,,,,,38.183233494,-85.759950961,0.140,9/12/2021 12:00:00 AM,0402,2,2,0,0,CLEAR,DRY,True,1 VEHICLE PARKED POSITION (NOT PARKING LOT/DRIVEWAY),SIDESWIPE-OPPOSITE DIRECTION,STRAIGHT & LEVEL,DARK-HWY LIGHTED/ON,,,9/13/2021 8:32:04 AM,False,5337,Accepted,