IncidentID,AgencyORI,AgencyName,IncidentStatusDesc,County,RdwyNumber,Street,RoadwayName,StreetSfx,StreetDir,IntersectionRdwy,IntersectionRdwyName,BetweenStRdwy1,BetweenStRdwyName1,BetweenStRdwy2,BetweenStRdwyName2,Latitude,Longitude,Milepoint,CollisionDate,CollisionTime,UnitsInvolved,MotorVehiclesInvolved,NumberKilled,NumberInjured,Weather,RdwyConditionCode,HitandRun,DirAnalysisCode,MannerofCollision,RdwyCharacter,LightCondition,RampFromRdwyId,RampToRdwyId,AcceptedDate,IsSecondaryCollision,OwnerBadge,IncidentStatus,
28665318,0568000,LOUISVILLE METRO POLICE DEPT,Accepted,JEFFERSON,KY0061,,PRESTON,ST,S,,LYNN,,,,,38.217477249,-85.745791113,10.456,9/12/2021 12:00:00 AM,0219,2,2,0,1,CLEAR,DRY,False,COLLISION WITH PARKED VEHICLE,ANGLE,STRAIGHT & LEVEL,DARK-HWY LIGHTED/ON,,,9/16/2021 8:03:41 AM,False,5349,Accepted,
28669694,0568000,LOUISVILLE METRO POLICE DEPT,Accepted,JEFFERSON,KY2055,,MANSLICK,RD,W,,,,,,,38.105267586,-85.759035152,1.393,9/12/2021 12:00:00 AM,0002,2,2,0,0,CLOUDY,DRY,False,SIDESWIPE COLLISION - SAME DIRECTION,SIDESWIPE-SAME DIRECTION,STRAIGHT & LEVEL,DARK-HWY LIGHTED/ON,,,9/17/2021 8:11:17 AM,False,5266,Accepted,
28688168,0568000,LOUISVILLE METRO POLICE DEPT,Accepted,JEFFERSON,KY1020,,NATIONAL,TPKE,,,YORKTOWN,,,,,38.140901654,-85.754297931,4.653,9/12/2021 12:00:00 AM,1816,2,2,0,0,CLOUDY,DRY,False,OTHER INTERSECTION COLLISIONS,REAR END,STRAIGHT & LEVEL,DAYLIGHT,,,9/22/2021 8:07:40 AM,False,7232,Accepted,
28906847,0568000,LOUISVILLE METRO POLICE DEPT,Accepted,JEFFERSON,KY0061,3117,PRESTON,HWY,,,,,HESS,,ROSEMARY,38.204282163,-85.735821985,9.282,9/12/2021 12:00:00 AM,1747,2,2,0,0,CLEAR,DRY,False,1 VEHICLE PARKED POSITION (NOT PARKING LOT/DRIVEWAY),SIDESWIPE-SAME DIRECTION,STRAIGHT & LEVEL,DAYLIGHT,,,10/15/2021 7:15:41 AM,False,7383,Accepted,
28661104,0568000,LOUISVILLE METRO POLICE DEPT,Accepted,JEFFERSON,KY1865,,NEW CUT,RD,,KY0841,KY841 RAMP TO KY1865,,,,,38.118395439,-85.776397637,0.659,9/11/2021 12:00:00 AM,2106,2,2,0,0,CLEAR,DRY,False,HEAD-ON COLLISION,HEAD ON,CURVE & LEVEL,DARK-HWY LIGHTED/ON,,,9/15/2021 8:28:48 AM,False,5321,Accepted,
28669635,0568000,LOUISVILLE METRO POLICE DEPT,Accepted,JEFFERSON,,,4TH,ST,S,,KENTUCKY,,,,,38.238966545,-85.759660248,1.159,9/11/2021 12:00:00 AM,1655,2,2,0,1,CLEAR,DRY,True,ANGLE COLLISION - OTHER,ANGLE,STRAIGHT & LEVEL,DAYLIGHT,,,9/17/2021 8:08:40 AM,False,7495,Accepted,
28653459,0561500,UNIV. OF LOUISVILLE POLICE,Accepted,JEFFERSON,,,4TH,ST,S,,CARDINAL,,,,,38.220726345,-85.762787887,2.496,9/11/2021 12:00:00 AM,0052,2,2,0,0,CLEAR,DRY,False,OPPOSING LEFT TURN,OPPOSING LEFT TURN,STRAIGHT & LEVEL,DARK-HWY LIGHTED/ON,,,9/13/2021 11:41:52 AM,False,5708,Accepted,
28665315,0568000,LOUISVILLE METRO POLICE DEPT,Accepted,JEFFERSON,KY0841,,GENE SNYDER,FWY,,KY1865,NEW CUT,,,,,38.120542519,-85.779076827,5.954,9/11/2021 12:00:00 AM,2120,2,2,0,0,CLEAR,DRY,False,OTHER INTERSECTION COLLISIONS,REAR END,STRAIGHT & LEVEL,DARK-HWY LIGHTED/ON,,,9/16/2021 8:03:33 AM,False,7115,Accepted,
28663195,0561500,UNIV. OF LOUISVILLE POLICE,Accepted,JEFFERSON,,,FLOYD,ST,S,,,,,,,38.201885783,-85.758683915,3.574,9/11/2021 12:00:00 AM,1937,2,2,0,0,CLEAR,DRY,False,COLLISION IN PARKING LOT,REAR END,STRAIGHT & LEVEL,DAYLIGHT,,,9/15/2021 5:02:17 PM,False,5691,Accepted,
28652568,0568000,LOUISVILLE METRO POLICE DEPT,Accepted,JEFFERSON,US0031E,,BARDSTOWN,RD,,,,,GOLDSMITH,,BELMONT,38.207557779,-85.668405286,11.713,9/11/2021 12:00:00 AM,1350,2,2,0,0,CLEAR,DRY,False,REAR END IN TRAFFIC LANES BOTH VEHICLES MOVING,REAR END,STRAIGHT & LEVEL,DAYLIGHT,,,9/13/2021 8:26:12 AM,False,5146,Accepted,
28652570,0568000,LOUISVILLE METRO POLICE DEPT,Accepted,JEFFERSON,,,OXMOOR,LN,,US0060,SHELBYVILLE,,,,,38.249461074,-85.613340268,0.008,9/11/2021 12:00:00 AM,1214,2,2,0,1,CLEAR,DRY,False,ANGLE COLLISION - ONE VEHICLE TURNING LEFT,ANGLE,STRAIGHT & LEVEL,DAYLIGHT,,,9/13/2021 8:26:17 AM,False,5002,Accepted,
28652577,0568000,LOUISVILLE METRO POLICE DEPT,Accepted,JEFFERSON,,4100B,GREENWOOD,AVE,,,,,,,,38.244177289,-85.820953017,1.950,9/11/2021 12:00:00 AM,2012,2,1,0,1,CLEAR,DRY,False,COLLISION WITH PEDESTRIAN NON - INTERSECTION,SINGLE VEHICLE,STRAIGHT & LEVEL,DARK-HWY NOT LIGHTED,,,9/13/2021 8:26:50 AM,False,7343,Accepted,
28652564,0568000,LOUISVILLE METRO POLICE DEPT,Accepted,JEFFERSON,US0031W,,MARKET,ST,W,,7TH,,,,,38.255807141,-85.762196160,21.549,9/11/2021 12:00:00 AM,0409,1,1,0,0,CLEAR,DRY,False,OTHER INTERSECTION COLLISIONS,SINGLE VEHICLE,STRAIGHT & LEVEL,DARK-HWY LIGHTED/ON,,,9/13/2021 8:25:44 AM,False,7386,Accepted,
28652579,0568000,LOUISVILLE METRO POLICE DEPT,Accepted,JEFFERSON,,,SMYRNA,PKWY,,KY2845,MANSLICK,,,,,38.124012167,-85.643054100,0.964,9/11/2021 12:00:00 AM,1945,1,1,0,0,CLEAR,DRY,False,COLLISION WITH FIXED OBJECT IN INTERSECTION - FIRST EVENT COLLISION 09 - 32,SINGLE VEHICLE,STRAIGHT & LEVEL,DUSK,,,9/13/2021 8:26:58 AM,False,7356,Accepted,
28652580,0568000,LOUISVILLE METRO POLICE DEPT,Accepted,JEFFERSON,,,SMYRNA,PKWY,,,THEILER,,,,,38.114621526,-85.644117077,1.623,9/11/2021 12:00:00 AM,2042,1,1,0,2,CLEAR,DRY,False,COLLISION WITH FIXED OBJECT IN INTERSECTION - FIRST EVENT COLLISION 09 - 32,SINGLE VEHICLE,STRAIGHT & LEVEL,DUSK,,,9/13/2021 8:27:03 AM,False,5342,Accepted,
28652560,0568000,LOUISVILLE METRO POLICE DEPT,Accepted,JEFFERSON,,915,BARRET,AVE,,,,,,,,38.239679128,-85.730739311,0.690,9/11/2021 12:00:00 AM,0325,3,3,0,0,CLEAR,DRY,True,1 VEHICLE PARKED POSITION (NOT PARKING LOT/DRIVEWAY),SIDESWIPE-SAME DIRECTION,STRAIGHT & LEVEL,DARK-HWY LIGHTED/ON,,,9/13/2021 8:25:31 AM,False,5330,Accepted,
28652572,0568000,LOUISVILLE METRO POLICE DEPT,Accepted,JEFFERSON,I 0065,,I65 N,,,I 0065,I65 N EXIT128 ON RAMP FROM KY1631,,,,,38.166415596,-85.720601927,128.916,9/11/2021 12:00:00 AM,0711,2,2,0,1,CLEAR,DRY,False,NON-COLLISION OBJECT COLLISION,SIDESWIPE-SAME DIRECTION,STRAIGHT & LEVEL,DAYLIGHT,,,9/13/2021 8:26:27 AM,False,7341,Accepted,
28652574,0568000,LOUISVILLE METRO POLICE DEPT,Accepted,JEFFERSON,I 0071,,I71 S,,,,,I 0071,I71 TURN AROUND11,I 0071,I71 S EXIT9B OFF RAMP TO KY841 N,38.326267024,-85.549262991,11.065,9/11/2021 12:00:00 AM,1850,2,2,0,0,CLEAR,DRY,True,SIDESWIPE COLLISION - SAME DIRECTION,SIDESWIPE-SAME DIRECTION,,UNKNOWN,,,9/13/2021 8:26:36 AM,False,5228,Accepted,
28652582,0568000,LOUISVILLE METRO POLICE DEPT,Accepted,JEFFERSON,,,ROBBS,LN,,,,,,,,38.135027917,-85.661475154,0.289,9/11/2021 12:00:00 AM,2240,1,1,0,0,CLEAR,DRY,False,COLLISION WITH FIXED OBJECT NON - INTERSECTION - FIRST EVENT COLLISION 09 - 32 EXCLUDING 16,SINGLE VEHICLE,CURVE & LEVEL,DARK-HWY NOT LIGHTED,,,9/13/2021 8:27:10 AM,False,5101,Accepted,
28652567,0568000,LOUISVILLE METRO POLICE DEPT,Accepted,JEFFERSON,,2630,GRAND,AVE,,,,,,,,38.240726517,-85.797771558,0.658,9/11/2021 12:00:00 AM,0103,4,4,0,0,CLEAR,DRY,False,1 VEHICLE PARKED POSITION (NOT PARKING LOT/DRIVEWAY),SIDESWIPE-SAME DIRECTION,STRAIGHT & LEVEL,DARK-HWY LIGHTED/ON,,,9/13/2021 8:26:05 AM,False,5353,Accepted,
28652575,0568000,LOUISVILLE METRO POLICE DEPT,Accepted,JEFFERSON,I 0264,,I264 E,,,,,I 0264,I264 E EXIT8 ON RAMP FROM US31W N,I 0264,I264 E EXIT9 OFF RAMP TO KY1865,38.185860298,-85.804127599,7.969,9/11/2021 12:00:00 AM,0943,2,2,0,2,CLOUDY,DRY,False,1 VEHICLE ENTERING/LEAVING ENTRANCE,ANGLE,STRAIGHT & LEVEL,DAYLIGHT,,,9/13/2021 8:26:42 AM,False,5221,Accepted,
28652576,0568000,LOUISVILLE METRO POLICE DEPT,Accepted,JEFFERSON,US0060,,SHELBYVILLE,RD,,,BECKLEY STATION,,,,,38.238857737,-85.488052695,12.910,9/11/2021 12:00:00 AM,1755,3,3,0,1,CLEAR,DRY,False,OTHER INTERSECTION COLLISIONS,REAR END,STRAIGHT & LEVEL,DAYLIGHT,,,9/13/2021 8:26:46 AM,False,5279,Accepted,
28652596,0568000,LOUISVILLE METRO POLICE DEPT,Accepted,JEFFERSON,,,28TH,ST,S,,JEFFERSON,,,,,38.258234042,-85.796742220,0.193,9/11/2021 12:00:00 AM,1809,3,3,0,3,CLEAR,DRY,False,ANGLE COLLISION - OTHER,ANGLE,STRAIGHT & LEVEL,DAYLIGHT,,,9/13/2021 8:28:20 AM,False,7220,Accepted,
28652585,0568000,LOUISVILLE METRO POLICE DEPT,Accepted,JEFFERSON,US0031W,,DIXIE,HWY,,,,,,,,38.119255091,-85.857385617,9.586,9/11/2021 12:00:00 AM,,2,1,0,1,CLEAR,DRY,True,OTHER ROADWAY OR MID-BLOCK COLLISION,SINGLE VEHICLE,STRAIGHT & LEVEL,DARK-HWY NOT LIGHTED,,,9/13/2021 8:27:35 AM,False,7264,Accepted,
28652586,0568000,LOUISVILLE METRO POLICE DEPT,Accepted,JEFFERSON,KY3082,2625,BANK,ST,,,,,,,,38.269686086,-85.791921872,1.032,9/11/2021 12:00:00 AM,2127,2,2,0,1,CLEAR,DRY,False,1 VEHICLE PARKED POSITION (NOT PARKING LOT/DRIVEWAY),SIDESWIPE-SAME DIRECTION,STRAIGHT & LEVEL,DARK-HWY LIGHTED/ON,,,9/13/2021 8:27:41 AM,False,5331,Accepted,
28652588,0568000,LOUISVILLE METRO POLICE DEPT,Accepted,JEFFERSON,,,BRECKINRIDGE,ST,W,KY1020,3RD,,,,,38.241673448,-85.757266558,0.171,9/11/2021 12:00:00 AM,1951,2,2,0,0,CLEAR,DRY,False,OTHER INTERSECTION COLLISIONS,REAR END,STRAIGHT & LEVEL,DAYLIGHT,,,9/13/2021 8:27:47 AM,False,5267,Accepted,
28652589,0568000,LOUISVILLE METRO POLICE DEPT,Accepted,JEFFERSON,I 0065,,,,,,,,,,,38.140594348,-85.709205664,1.241,9/11/2021 12:00:00 AM,2004,2,2,0,0,CLEAR,DRY,False,OTHER RAMP RELATED COLLISIONS NOT LISTED ABOVE,SIDESWIPE-SAME DIRECTION,STRAIGHT & LEVEL,DARK-HWY LIGHTED/ON,I 0065,KY1065,9/13/2021 8:27:54 AM,False,5264,Accepted,
28652583,0568000,LOUISVILLE METRO POLICE DEPT,Accepted,JEFFERSON,US0042,,BROWNSBORO,RD,,,,,MELLWOOD,,WILLIAM,38.260103677,-85.716684289,1.032,9/11/2021 12:00:00 AM,2216,2,2,0,0,CLEAR,DRY,True,1 VEHICLE PARKED POSITION (NOT PARKING LOT/DRIVEWAY),SIDESWIPE-OPPOSITE DIRECTION,STRAIGHT & GRADE,DARK-HWY LIGHTED/ON,,,9/13/2021 8:27:25 AM,False,2816,Accepted,
28652630,0568000,LOUISVILLE METRO POLICE DEPT,Accepted,JEFFERSON,,1522,30TH,ST,S,,,,,,,38.230402535,-85.806095000,0.929,9/11/2021 12:00:00 AM,2121,2,2,0,0,CLEAR,DRY,False,1 VEHICLE PARKED POSITION (NOT PARKING LOT/DRIVEWAY),SIDESWIPE-SAME DIRECTION,STRAIGHT & LEVEL,DARK-HWY LIGHTED/OFF,,,9/13/2021 8:30:44 AM,False,5353,Accepted,
28652637,0568000,LOUISVILLE METRO POLICE DEPT,Accepted,JEFFERSON,,4021,BLANTON,LN,,,,,,,,38.157429565,-85.830696118,0.181,9/11/2021 12:00:00 AM,1949,1,1,0,1,CLEAR,DRY,False,COLLISION WITH FIXED OBJECT NON - INTERSECTION - FIRST EVENT COLLISION 09 - 32 EXCLUDING 16,SINGLE VEHICLE,STRAIGHT & LEVEL,DAYLIGHT,,,9/13/2021 8:31:53 AM,False,5170,Accepted,
28652597,0568000,LOUISVILLE METRO POLICE DEPT,Accepted,JEFFERSON,KY1865,4305,TAYLOR,BLVD,,,,,,,,38.178842789,-85.783141534,4.978,9/11/2021 12:00:00 AM,1226,1,1,0,1,CLEAR,DRY,False,COLLISION WITH FIXED OBJECT NON - INTERSECTION - FIRST EVENT COLLISION 09 - 32 EXCLUDING 16,SINGLE VEHICLE,STRAIGHT & LEVEL,DAYLIGHT,,,9/13/2021 8:28:25 AM,False,7471,Accepted,
28652598,0568000,LOUISVILLE METRO POLICE DEPT,Accepted,JEFFERSON,I 0064,,I64 E,,,,,,,,,38.248964151,-85.706264231,7.738,9/11/2021 12:00:00 AM,1018,2,2,0,0,CLEAR,DRY,False,REAR END IN TRAFFIC LANES BOTH VEHICLES MOVING,REAR END,STRAIGHT & LEVEL,DAYLIGHT,,,9/13/2021 8:28:30 AM,False,5020,Accepted,
28776306,0568000,LOUISVILLE METRO POLICE DEPT,Accepted,JEFFERSON,US0042,,BROWNSBORO,RD,,,HILLCREST,,,,,38.260601746,-85.685769791,2.747,9/11/2021 12:00:00 AM,2009,2,1,0,1,CLEAR,DRY,True,COLLISION WITH PEDESTRIAN IN INTERSECTION,SINGLE VEHICLE,STRAIGHT & LEVEL,DARK-HWY LIGHTED/ON,,,9/30/2021 8:23:12 AM,False,2142,Accepted,
28652600,0568000,LOUISVILLE METRO POLICE DEPT,Accepted,JEFFERSON,US0042,,BROWNSBORO,RD,,,HITE,,,,,38.258780606,-85.697824360,2.076,9/10/2021 12:00:00 AM,1900,2,2,0,0,CLEAR,DRY,False,SIDESWIPE-SAME DIRECTION,SIDESWIPE-SAME DIRECTION,STRAIGHT & LEVEL,DAYLIGHT,,,9/13/2021 8:28:39 AM,False,2673,Accepted,
28652520,0568000,LOUISVILLE METRO POLICE DEPT,Accepted,JEFFERSON,I 0065,,,,,,,,,,,38.181076556,-85.721678307,0.057,9/10/2021 12:00:00 AM,0928,1,1,0,0,CLEAR,DRY,False,COLLISION WITH FIXED OBJECT NOT IN GORE ,SINGLE VEHICLE,STRAIGHT & GRADE,DAYLIGHT,I 0065,GRADE LN,9/13/2021 8:22:49 AM,False,6886,Accepted,
28652526,0568000,LOUISVILLE METRO POLICE DEPT,Accepted,JEFFERSON,KY0907,,VALLEY STATION,RD,,,,,,,,38.106968667,-85.864809233,0.114,9/10/2021 12:00:00 AM,1308,3,3,0,0,CLEAR,DRY,False,REAR END IN TRAFFIC LANES BOTH VEHICLES MOVING,REAR END,STRAIGHT & LEVEL,DAYLIGHT,,,9/13/2021 8:23:02 AM,False,7174,Accepted,
28652527,0568000,LOUISVILLE METRO POLICE DEPT,Accepted,JEFFERSON,US0031W,,DIXIE,HWY,,,,,,,,38.141506823,-85.840653582,11.519,9/10/2021 12:00:00 AM,1000,2,2,0,0,CLEAR,DRY,False,REAR END IN TRAFFIC LANES BOTH VEHICLES MOVING,REAR END,STRAIGHT & LEVEL,DAYLIGHT,,,9/13/2021 8:23:06 AM,False,7174,Accepted,
28652528,0568000,LOUISVILLE METRO POLICE DEPT,Accepted,JEFFERSON,KY0061,,PRESTON,HWY,,,,,,,,38.151409836,-85.693914831,4.928,9/10/2021 12:00:00 AM,0939,3,2,0,1,CLEAR,DRY,False,REAR END IN TRAFFIC LANES BOTH VEHICLES MOVING,REAR END,STRAIGHT & LEVEL,DAYLIGHT,,,9/13/2021 8:23:10 AM,False,4693,Accepted,
28652529,0568000,LOUISVILLE METRO POLICE DEPT,Accepted,JEFFERSON,US0031E,,BUECHEL,BYP,,,BUECHEL BANK,,,,,38.190692481,-85.647674332,10.037,9/10/2021 12:00:00 AM,1148,2,2,0,1,CLEAR,DRY,False,ANGLE COLLISION - OTHER,ANGLE,STRAIGHT & LEVEL,DAYLIGHT,,,9/13/2021 8:23:35 AM,False,4693,Accepted,
28652546,0568000,LOUISVILLE METRO POLICE DEPT,Accepted,JEFFERSON,KY1932,,BRECKENRIDGE,LN,,,SUDBURY,,,,,38.208691354,-85.626528399,1.989,9/10/2021 12:00:00 AM,1014,2,2,0,1,CLEAR,DRY,False,OPPOSING LEFT TURN,OPPOSING LEFT TURN,STRAIGHT & LEVEL,DAYLIGHT,,,9/13/2021 8:24:47 AM,False,5233,Accepted,
28652540,0568000,LOUISVILLE METRO POLICE DEPT,Accepted,JEFFERSON,KY0864,,FEGENBUSH,LN,,,ARTHUR GOINS,,,,,38.139495574,-85.616981943,4.487,9/10/2021 12:00:00 AM,1526,2,2,0,0,CLEAR,DRY,True,OTHER INTERSECTION COLLISIONS,REAR END,STRAIGHT & LEVEL,DAYLIGHT,,,9/13/2021 8:24:20 AM,False,7812,Accepted,
28652548,0568000,LOUISVILLE METRO POLICE DEPT,Accepted,JEFFERSON,KY1020,,SOUTHSIDE,DR,,,,,,,,38.169932596,-85.764706731,6.892,9/10/2021 12:00:00 AM,1429,2,2,0,1,CLEAR,DRY,True,REAR END IN TRAFFIC LANES BOTH VEHICLES MOVING,REAR END,STRAIGHT & LEVEL,DAYLIGHT,,,9/13/2021 8:24:52 AM,False,5371,Accepted,
28652556,0568000,LOUISVILLE METRO POLICE DEPT,Accepted,JEFFERSON,US0060A,,LEXINGTON,RD,,,BAUER,,,,,38.251693260,-85.660893345,10.340,9/10/2021 12:00:00 AM,0220,2,2,0,0,CLEAR,DRY,False,ANGLE COLLISION - OTHER,ANGLE,STRAIGHT & LEVEL,DARK-HWY LIGHTED/ON,,,9/13/2021 8:25:13 AM,False,2976,Accepted,
28652557,0568000,LOUISVILLE METRO POLICE DEPT,Accepted,JEFFERSON,US0060A,,TAYLOR,BLVD,,,,,,,,38.198590335,-85.782746911,1.621,9/10/2021 12:00:00 AM,1931,2,2,0,1,CLEAR,DRY,False,1 VEHICLE ENTERING/LEAVING ENTRANCE,ANGLE,STRAIGHT & LEVEL,DAWN,,,9/13/2021 8:25:19 AM,False,5302,Accepted,
28652398,0566700,MIDDLETOWN POLICE DEPARTMENT,Accepted,JEFFERSON,US0060,,SHELBYVILLE,RD,,,BECKLEY WOODS,,,,,38.241656837,-85.498552356,12.297,9/10/2021 12:00:00 AM,1543,2,2,0,0,CLEAR,DRY,False,OTHER INTERSECTION COLLISIONS,REAR END,STRAIGHT & LEVEL,DAYLIGHT,,,9/13/2021 7:41:43 AM,False,2017,Accepted,
28652515,0568000,LOUISVILLE METRO POLICE DEPT,Accepted,JEFFERSON,I 0064,,I64 W,,,,,,,,,38.250303810,-85.711881519,7.206,9/10/2021 12:00:00 AM,0852,2,2,0,0,CLEAR,DRY,False,REAR END IN TRAFFIC LANES BOTH VEHICLES MOVING,REAR END,STRAIGHT & LEVEL,DAYLIGHT,,,9/13/2021 8:22:41 AM,False,4903,Accepted,
28652524,0568000,LOUISVILLE METRO POLICE DEPT,Accepted,JEFFERSON,KY1931,,GREENWOOD,RD,,,,,,,,38.144050969,-85.851903326,2.457,9/10/2021 12:00:00 AM,0950,2,2,0,0,CLEAR,DRY,False,1 VEHICLE ENTERING/LEAVING ENTRANCE,ANGLE,STRAIGHT & LEVEL,DAYLIGHT,,,9/13/2021 8:22:53 AM,False,7244,Accepted,
28652541,0568000,LOUISVILLE METRO POLICE DEPT,Accepted,JEFFERSON,,1033,RUNELL,RD,,,,,,,,38.144595620,-85.784692698,0.289,9/10/2021 12:00:00 AM,1556,3,3,0,0,CLEAR,DRY,False,SIDESWIPE COLLISION - OPPOSITE DIRECTION,SIDESWIPE-OPPOSITE DIRECTION,STRAIGHT & LEVEL,DAYLIGHT,,,9/13/2021 8:24:30 AM,False,7234,Accepted,
28652530,0568000,LOUISVILLE METRO POLICE DEPT,Accepted,JEFFERSON,,,ARNOLDTOWN,RD,,,,,,,,38.147202334,-85.823421229,0.165,9/10/2021 12:00:00 AM,1202,2,2,0,0,CLEAR,DRY,False,SIDESWIPE COLLISION - OPPOSITE DIRECTION,SIDESWIPE-OPPOSITE DIRECTION,STRAIGHT & LEVEL,DAYLIGHT,,,9/13/2021 8:23:39 AM,False,7234,Accepted,
28652535,0568000,LOUISVILLE METRO POLICE DEPT,Accepted,JEFFERSON,,,LEES,LN,,KY2051,CAMP GROUND,,,,,38.190643325,-85.869702587,0.001,9/10/2021 12:00:00 AM,1612,2,2,0,0,CLEAR,DRY,False,ANGLE COLLISION - OTHER,ANGLE,STRAIGHT & LEVEL,DAYLIGHT,,,9/13/2021 8:23:53 AM,False,7467,Accepted,
28652543,0568000,LOUISVILLE METRO POLICE DEPT,Accepted,JEFFERSON,KY2051,,ROCKFORD,LN,,,,,,,,38.180325310,-85.852292119,1.591,9/10/2021 12:00:00 AM,1749,2,2,0,0,CLEAR,DRY,False,REAR END IN TRAFFIC LANES BOTH VEHICLES MOVING,REAR END,CURVE & LEVEL,DAYLIGHT,,,9/13/2021 8:24:39 AM,False,7244,Accepted,
28652544,0568000,LOUISVILLE METRO POLICE DEPT,Accepted,JEFFERSON,KY0907,,3RD ST,RD,,,,,,,,38.114876947,-85.828064792,2.484,9/10/2021 12:00:00 AM,1749,1,1,0,1,CLEAR,DRY,False,COLLISION WITH NON-FIXED OBJECT ,SINGLE VEHICLE,STRAIGHT & LEVEL,DAYLIGHT,,,9/13/2021 8:24:44 AM,False,7174,Accepted,
28652553,0568000,LOUISVILLE METRO POLICE DEPT,Accepted,JEFFERSON,,,BROADWAY,,W,,,,,,,38.249901790,-85.808677027,1.112,9/10/2021 12:00:00 AM,2242,2,2,0,1,CLEAR,DRY,False,1 VEHICLE ENTERING/LEAVING ENTRANCE,ANGLE,STRAIGHT & LEVEL,DARK-HWY LIGHTED/ON,,,9/13/2021 8:25:06 AM,False,5216,Accepted,
28652555,0568000,LOUISVILLE METRO POLICE DEPT,Accepted,JEFFERSON,I 0064,,,,,,,,,,,38.236280936,-85.618682700,0.556,9/10/2021 12:00:00 AM,2253,3,3,0,0,CLEAR,DRY,True,OTHER RAMP RELATED COLLISIONS NOT LISTED ABOVE,REAR TO REAR,CURVE & LEVEL,DARK-HWY LIGHTED/ON,I 0064,I 0064,9/13/2021 8:25:09 AM,False,7096,Accepted,
28652562,0568000,LOUISVILLE METRO POLICE DEPT,Accepted,JEFFERSON,KY0061,530,JACKSON,ST,S,,,,,,,38.248731119,-85.744983961,12.539,9/10/2021 12:00:00 AM,2246,2,2,0,0,CLEAR,DRY,False,1 VEHICLE PARKED POSITION (NOT PARKING LOT/DRIVEWAY),SIDESWIPE-SAME DIRECTION,STRAIGHT & LEVEL,DARK-HWY LIGHTED/ON,,,9/13/2021 8:25:39 AM,False,7386,Accepted,
28652542,0568000,LOUISVILLE METRO POLICE DEPT,Accepted,JEFFERSON,I 0264,,I264 W,,,I 0064,I64 W,,,,,38.274586367,-85.809033002,0.238,9/10/2021 12:00:00 AM,1725,2,2,0,0,CLEAR,DRY,False,OTHER INTERSECTION COLLISIONS,REAR END,STRAIGHT & LEVEL,DAYLIGHT,,,9/13/2021 8:24:35 AM,False,7292,Accepted,
28652559,0568000,LOUISVILLE METRO POLICE DEPT,Accepted,JEFFERSON,KY1747,,HURSTBOURNE,PKWY,S,,RIDGEHURST,,,,,38.193034399,-85.604943352,9.188,9/10/2021 12:00:00 AM,2110,2,2,0,3,CLEAR,DRY,False,ANGLE COLLISION - OTHER,ANGLE,STRAIGHT & LEVEL,DARK-HWY LIGHTED/ON,,,9/13/2021 8:25:25 AM,False,5222,Accepted,
28652566,0568000,LOUISVILLE METRO POLICE DEPT,Accepted,JEFFERSON,,,TENNY,AVE,W,,3RD,,,,,38.176958379,-85.767060982,0.081,9/10/2021 12:00:00 AM,2037,2,2,0,0,CLEAR,DRY,False,HEAD-ON COLLISION,HEAD ON,STRAIGHT & LEVEL,DARK-HWY LIGHTED/ON,,,9/13/2021 8:25:54 AM,False,5337,Accepted,
28652578,0568000,LOUISVILLE METRO POLICE DEPT,Accepted,JEFFERSON,KY1865,,TAYLOR,BLVD,,,ASHLAND,,,,,38.186680248,-85.783761836,5.533,9/10/2021 12:00:00 AM,1600,2,1,0,1,CLEAR,DRY,False,COLLISION WITH PEDESTRIAN IN INTERSECTION,SINGLE VEHICLE,STRAIGHT & LEVEL,DAYLIGHT,,,9/13/2021 8:26:54 AM,False,7116,Accepted,
28669632,0568000,LOUISVILLE METRO POLICE DEPT,Accepted,JEFFERSON,,5411,REGENT,WAY,,KY2052,SHEPHERDSVILLE,,,,,38.174228372,-85.659435470,0.002,9/10/2021 12:00:00 AM,1806,6,1,0,6,CLEAR,DRY,False,COLLISION WITH FIXED OBJECT IN INTERSECTION - FIRST EVENT COLLISION 09 - 32,SINGLE VEHICLE,STRAIGHT & LEVEL,DAYLIGHT,,,9/17/2021 8:08:14 AM,False,7400,Accepted,
28665316,0568000,LOUISVILLE METRO POLICE DEPT,Accepted,JEFFERSON,KY0864,,GOSS,AVE,,,HOERTZ,,,,,38.227840670,-85.736387917,14.144,9/10/2021 12:00:00 AM,1849,2,2,0,0,CLEAR,DRY,False,ANGLE COLLISION - ONE VEHICLE TURNING LEFT,ANGLE,STRAIGHT & LEVEL,DARK-HWY LIGHTED/ON,,,9/16/2021 8:03:36 AM,False,5349,Accepted,
28688189,0568000,LOUISVILLE METRO POLICE DEPT,Accepted,JEFFERSON,KY1065,,OUTER,LOOP,,,GRADE,,,,,38.129989599,-85.737096684,3.196,9/10/2021 12:00:00 AM,2350,2,2,0,1,CLEAR,DRY,False,ANGLE COLLISION - ONE VEHICLE TURNING LEFT,ANGLE,STRAIGHT & LEVEL,DARK-HWY LIGHTED/ON,,,9/22/2021 8:08:52 AM,False,5014,Accepted,
29312650,0568000,LOUISVILLE METRO POLICE DEPT,Accepted,JEFFERSON,KY0146,,LA GRANGE,RD,,,ALTAWOOD,,,,,38.301410404,-85.499553045,8.745,9/10/2021 12:00:00 AM,2000,1,1,0,1,CLEAR,DRY,False,COLLISION WITH FIXED OBJECT IN INTERSECTION - FIRST EVENT COLLISION 09 - 32,SINGLE VEHICLE,STRAIGHT & LEVEL,DARK-HWY LIGHTED/ON,,,11/15/2021 8:20:23 AM,False,5329,Accepted,